Unnamed: 0,Mobile Connectivity Index,Unnamed: 2,Unnamed: 3,Unnamed: 4,Unnamed: 5,Unnamed: 6,Unnamed: 7,Unnamed: 8,Unnamed: 9,Unnamed: 10,Unnamed: 11,Unnamed: 12,Unnamed: 13,Unnamed: 14,Unnamed: 15,Unnamed: 16,Unnamed: 17,Unnamed: 18,Unnamed: 19,Unnamed: 20,Unnamed: 21,Unnamed: 22,Unnamed: 23,Unnamed: 24,Unnamed: 25,Unnamed: 26,Unnamed: 27,Unnamed: 28,Unnamed: 29,Unnamed: 30,Unnamed: 31,Unnamed: 32,Unnamed: 33,Unnamed: 34,Unnamed: 35,Unnamed: 36,Unnamed: 37,Unnamed: 38,Unnamed: 39,Unnamed: 40,Unnamed: 41,Unnamed: 42,Unnamed: 43,Unnamed: 44,Unnamed: 45,Unnamed: 46,Unnamed: 47,Unnamed: 48,Unnamed: 49,Unnamed: 50,Unnamed: 51,Unnamed: 52
GENERAL INFORMATION,,,,CLUSTER,INDEX SCORE,ENABLER SCORES,,,,DIMENSION SCORES,,,,,,,,,,,INDICATOR SCORES,,,,,,,,,,,,,,,,,,,,,,,,,,,,,,,
ISO Code,Country,Region,Year,Cluster,Index,Infrastructure,Affordability,Consumer Readiness,Content and Services,Network coverage,Network performance,Spectrum,Mobile data affordability,Handset affordability,Taxation,Mobile Ownership,Basic Skills,Gender Equality,Local Relevance,Online Security,2G Population Coverage,3G Population Coverage,4G Population Coverage,5G Population Coverage,Mobile download speeds,Mobile upload speeds,Mobile latencies,Spectrum assigned in bands below 1GHz,Spectrum assigned in bands between 1-3GHz,Spectrum assigned in bands between 3-6GHz,Spectrum assigned in mmWave bands,Affordability of entry basket (1GB),Affordability of higher basket (5GB),Affordability of entry basket (1GB) for poorest 40%,Affordability of higher basket (5GB) for poorest 40%,Device affordability,Device affordability for poorest 40%,Cost of taxes on mobile data,Cost of taxes on handsets,Cost of sector specific taxes on mobile data,Mobile ownership,Literacy,School Life Expectancy,Gender gap in mobile ownership,Gender gap in mobile internet,Top-Level Domains (TLDs) per person,E-Government Score,Mobile Social Media Penetration,Locally developed apps per person,Digital Language Support,Language accessibility of top ranked apps,Cybersecurity Index
AFG,Afghanistan,South Asia,2014,Discoverer,18.58,19.08,12.33,21.54,23.50,31.72,2.22,27.50,3.05,0.00,55.56,31.75,32.86,0.00,22.75,26.50,88.60,35.00,0.00,,1.96,4.71,0.00,24.95,31.33,,,6.11,6.11,0.00,0.00,0.00,0.00,66.67,100.00,0.00,31.75,33.75,31.96,0.00,0.00,39.59,18.11,3.73,28.93,32.45,0.00,26.50
AFG,Afghanistan,South Asia,2015,Discoverer,20.99,20.50,17.01,22.38,24.86,32.96,4.54,27.50,14.75,0.00,55.56,33.13,34.00,0.00,24.62,25.83,89.00,37.89,0.00,,5.62,8.00,0.00,24.95,31.33,,,19.16,19.16,10.33,10.33,0.00,0.00,66.67,100.00,0.00,33.13,33.75,34.24,0.00,0.00,39.63,24.27,4.97,33.88,32.45,0.00,25.83
AFG,Afghanistan,South Asia,2016,Discoverer,21.37,22.66,16.87,20.44,26.70,34.24,8.64,27.50,14.41,0.00,55.56,25.71,35.60,0.00,27.08,25.17,89.20,41.01,0.00,,5.77,8.31,11.84,24.95,31.33,,,18.96,18.96,9.86,9.86,0.00,0.00,66.67,100.00,0.00,25.71,36.84,34.37,0.00,0.00,39.64,30.44,7.68,40.40,32.45,0.00,25.17
AFG,Afghanistan,South Asia,2017,Discoverer,23.25,30.43,16.94,21.26,26.66,37.88,24.44,27.50,14.57,0.00,55.56,26.57,37.20,0.00,27.20,24.50,89.40,46.00,4.00,,8.16,8.92,56.24,24.95,31.33,,,19.34,19.34,9.80,9.80,0.00,0.00,66.67,100.00,0.00,26.57,39.92,34.49,0.00,0.00,39.51,30.50,8.85,39.95,32.45,0.00,24.50
AFG,Afghanistan,South Asia,2018,Discoverer,23.34,31.28,16.99,22.10,25.28,42.80,21.65,27.50,14.69,0.00,55.56,27.48,38.81,0.00,27.18,17.70,90.00,55.00,7.00,,6.64,8.46,49.84,24.95,31.33,,,19.40,19.40,9.98,9.98,0.00,0.00,66.67,100.00,0.00,27.48,43.00,34.62,0.00,0.00,39.38,30.56,9.67,39.09,32.45,0.00,17.70
AFG,Afghanistan,South Asia,2019,Discoverer,24.82,33.73,20.51,22.09,24.85,50.80,19.78,27.50,23.50,0.00,55.56,28.39,37.87,0.00,28.20,11.45,90.00,60.00,22.00,,6.60,9.78,42.97,24.95,31.33,,,42.09,14.30,32.70,4.91,0.00,0.00,66.67,100.00,0.00,28.39,41.00,34.74,0.00,0.00,39.34,35.87,9.31,41.94,32.45,0.00,11.45
AFG,Afghanistan,South Asia,2020,Discoverer,26.80,37.50,23.86,22.20,25.97,57.70,22.30,27.50,26.69,5.17,55.56,29.45,37.16,0.00,31.16,5.20,90.00,62.44,36.81,,6.33,8.89,51.67,24.95,31.33,,,43.90,18.90,34.48,9.48,10.27,0.06,66.67,100.00,0.00,29.45,39.00,35.32,0.00,0.00,39.58,41.18,11.07,44.64,39.93,0.00,5.20
AFG,Afghanistan,South Asia,2021,Discoverer,25.98,36.74,22.05,22.41,25.08,54.59,26.07,22.38,22.55,4.79,55.56,30.78,36.45,0.00,30.05,5.20,90.00,64.97,49.00,0.00,4.60,7.33,66.27,24.95,33.00,0.00,0.00,37.87,16.74,28.36,7.24,9.58,0.00,66.67,100.00,0.00,30.78,37.00,35.90,0.00,0.00,39.76,34.44,10.18,44.92,38.19,0.00,5.20
AFG,Afghanistan,South Asia,2022,Discoverer,27.28,39.59,25.47,22.83,24.05,59.80,28.00,22.38,24.23,11.66,55.56,32.05,36.45,0.00,28.76,5.20,90.00,70.00,57.00,0.00,5.32,9.41,69.27,24.95,33.00,0.00,0.00,39.58,18.46,30.01,8.89,16.84,6.47,66.67,100.00,0.00,32.05,37.00,35.90,0.00,0.00,39.39,27.70,7.56,43.34,39.68,0.00,5.20
AFG,Afghanistan,South Asia,2023,Discoverer,29.62,41.59,28.43,26.86,24.22,63.40,29.38,22.38,24.02,19.27,55.56,33.43,36.45,10.71,28.98,5.20,90.00,71.00,65.00,0.00,5.63,10.30,72.23,24.95,33.00,0.00,0.00,39.33,18.20,29.84,8.71,24.41,14.13,66.67,100.00,0.00,33.43,37.00,35.90,0.00,21.43,38.90,27.70,8.64,42.16,41.33,0.00,5.20
AFG,Afghanistan,South Asia,2024,Discoverer,26.71,45.71,18.96,23.68,24.81,68.85,33.25,24.38,7.43,12.20,55.56,34.59,36.45,0.00,26.40,18.42,92.30,75.16,73.89,0.00,7.80,15.21,76.74,24.95,39.67,0.00,0.00,18.18,2.66,8.87,0.00,24.41,0.00,66.67,100.00,0.00,34.59,37.00,35.90,0.00,0.00,38.28,14.38,9.22,35.70,41.63,0.00,18.42
AGO,Angola,Sub-Saharan Africa,2014,Discoverer,29.88,25.75,39.89,36.94,21.02,44.72,4.58,30.13,17.43,38.43,87.74,28.60,51.66,30.57,24.07,8.80,90.00,63.46,3.34,,5.65,8.10,0.00,26.89,34.99,,,37.11,19.49,13.14,0.00,51.41,25.44,100.00,63.22,100.00,28.60,66.00,37.32,39.12,22.02,0.00,29.92,7.96,27.70,45.46,48.56,8.80
AGO,Angola,Sub-Saharan Africa,2015,Discoverer,31.77,32.55,35.53,38.83,22.70,45.60,20.70,30.13,13.70,31.26,87.74,30.32,53.22,32.95,26.26,8.47,90.00,64.74,4.27,,10.58,14.54,36.98,26.89,34.99,,,32.14,14.51,8.16,0.00,44.24,18.27,100.00,63.22,100.00,30.32,66.24,40.20,43.89,22.02,0.04,32.35,10.47,30.59,45.46,57.10,8.47
AGO,Angola,Sub-Saharan Africa,2016,Emerging,36.45,35.82,49.53,41.53,23.97,46.58,27.90,30.13,45.45,34.50,87.74,33.95,54.67,35.99,27.92,8.13,90.00,66.04,5.42,,13.28,19.58,50.85,26.89,34.99,,,66.25,48.63,42.28,24.66,47.48,21.51,100.00,63.22,100.00,33.95,66.24,43.09,49.96,22.02,0.00,34.78,12.47,33.79,45.46,61.03,8.13
AGO,Angola,Sub-Saharan Africa,2017,Emerging,39.04,47.25,51.37,39.88,24.00,54.80,39.70,47.27,47.51,37.05,87.74,35.42,56.11,28.12,28.05,7.80,90.00,85.00,7.00,,18.92,34.16,66.02,55.46,34.99,,,68.31,50.69,44.34,26.72,50.04,24.07,100.00,63.22,100.00,35.42,66.24,45.98,42.13,14.11,0.00,37.88,8.46,38.25,45.46,58.25,7.80
AGO,Angola,Sub-Saharan Africa,2018,Emerging,40.45,50.07,53.31,40.53,24.74,55.71,45.82,47.27,40.38,49.03,87.74,36.73,56.11,28.74,28.50,9.70,90.00,86.28,8.00,,23.31,39.57,74.58,55.46,34.99,,,58.02,46.71,34.05,22.74,62.02,36.05,100.00,63.22,100.00,36.73,66.24,45.98,43.37,14.11,0.00,40.97,10.69,37.62,45.46,56.53,9.70
AGO,Angola,Sub-Saharan Africa,2019,Emerging,38.28,51.15,37.20,43.57,25.91,59.88,44.36,47.27,23.28,25.85,87.74,37.75,56.11,36.84,29.56,11.35,90.00,86.71,18.00,,24.20,42.37,66.52,55.46,34.99,,,47.73,21.61,23.76,0.00,38.83,12.86,100.00,63.22,100.00,37.75,66.24,45.98,44.31,29.37,0.44,44.90,6.60,41.98,45.46,61.69,11.35
AGO,Angola,Sub-Saharan Africa,2020,Emerging,40.09,53.57,35.86,46.25,29.06,62.82,47.47,47.27,24.49,25.62,79.11,38.84,56.11,43.79,33.07,12.99,90.00,88.46,23.60,,23.55,40.87,77.99,55.46,34.99,,,50.21,21.50,26.24,0.00,38.61,12.64,88.60,48.72,100.00,38.84,66.24,45.98,50.20,37.39,12.39,48.82,8.74,44.85,45.51,58.98,12.99
AGO,Angola,Sub-Saharan Africa,2021,Emerging,43.99,47.63,52.65,50.04,29.85,58.54,41.43,38.23,36.96,55.10,79.11,40.84,56.11,53.18,34.07,12.99,90.00,90.24,33.60,0.00,13.92,29.30,81.08,55.46,34.99,0.00,0.00,60.53,37.37,36.55,13.40,68.08,42.11,88.60,48.72,100.00,40.84,66.24,45.98,63.24,43.12,16.21,47.99,7.72,47.27,45.93,58.45,12.99
AGO,Angola,Sub-Saharan Africa,2022,Emerging,45.74,51.26,55.48,50.26,30.63,63.65,45.40,38.23,40.37,58.78,79.11,51.45,56.11,43.21,35.04,12.99,92.06,92.06,44.05,0.00,18.34,35.49,82.36,55.46,34.99,0.00,0.00,63.93,40.78,39.96,16.80,71.77,45.80,88.60,48.72,100.00,51.45,66.24,45.98,50.20,36.21,17.19,47.16,10.24,47.50,47.83,57.75,12.99
AGO,Angola,Sub-Saharan Africa,2023,Emerging,45.78,53.24,52.48,50.72,30.99,70.25,43.74,38.23,36.76,54.88,79.11,57.53,56.11,38.52,35.49,12.99,93.92,93.92,57.74,1.90,16.87,35.24,79.11,55.46,34.99,0.00,0.00,60.33,37.17,36.35,13.20,67.86,41.89,88.60,48.72,100.00,57.53,66.24,45.98,45.74,31.29,18.23,47.16,13.17,46.18,47.78,57.05,12.99
AGO,Angola,Sub-Saharan Africa,2024,Emerging,49.91,56.29,56.30,55.30,35.40,73.88,47.72,38.23,45.88,55.30,79.11,63.96,56.11,45.84,34.34,39.64,94.52,94.52,64.55,8.00,19.55,40.03,83.59,55.46,34.99,0.00,0.00,64.93,47.70,40.96,29.94,68.29,42.32,88.60,48.72,100.00,63.96,66.24,45.98,53.65,38.03,18.44,39.62,13.17,41.33,47.60,62.65,39.64
ALB,Albania,Europe & Central Asia,2014,Emerging,49.57,39.77,54.42,70.06,39.80,58.60,16.75,48.17,43.38,53.79,77.78,67.65,85.60,56.94,44.60,20.60,100.00,96.50,0.00,,7.03,8.47,34.74,33.14,70.70,,,55.90,46.31,39.82,31.48,61.82,45.76,66.67,66.67,100.00,67.65,98.82,72.39,68.42,45.45,53.43,44.88,37.46,70.02,39.65,0.00,20.60
ALB,Albania,Europe & Central Asia,2015,Transitioner,55.46,53.57,59.52,70.34,42.20,82.56,27.28,48.17,56.23,53.69,77.78,67.63,86.45,56.94,46.70,24.20,99.80,96.50,60.00,,10.99,13.50,57.34,33.14,70.70,,,67.47,58.36,54.25,44.83,61.02,46.37,66.67,66.67,100.00,67.63,98.82,74.09,68.42,45.45,57.45,52.15,38.17,72.14,39.65,0.00,24.20
ALB,Albania,Europe & Central Asia,2016,Transitioner,58.54,59.75,60.25,71.83,45.42,88.25,37.05,48.17,56.60,55.13,77.78,73.76,85.31,56.42,49.83,27.80,100.00,97.00,73.63,,15.08,22.65,73.42,33.14,70.70,,,68.88,58.91,53.81,44.79,62.77,47.48,66.67,66.67,100.00,73.76,98.82,71.81,67.39,45.45,58.68,59.42,45.14,75.95,39.65,0.00,27.80
ALB,Albania,Europe & Central Asia,2017,Transitioner,61.41,65.26,61.84,74.38,47.38,94.64,44.44,48.17,58.81,56.91,77.78,77.06,83.72,62.35,51.38,31.40,99.80,97.00,89.71,,20.60,32.55,80.16,33.14,70.70,,,72.92,59.96,56.13,46.24,64.33,49.48,66.67,66.67,100.00,77.06,98.82,68.62,56.52,68.18,60.31,66.52,45.17,78.50,39.65,0.00,31.40
ALB,Albania,Europe & Central Asia,2018,Advanced,65.90,71.84,60.93,79.62,54.12,97.41,58.10,48.17,53.20,60.23,77.78,79.91,82.93,76.02,51.88,63.10,99.86,97.60,96.00,,38.54,51.18,84.60,33.14,70.70,,,63.56,55.03,51.65,42.54,66.99,53.47,66.67,66.67,100.00,79.91,98.10,67.77,78.26,73.77,60.07,73.61,45.21,77.67,39.65,0.00,63.10
ALB,Albania,Europe & Central Asia,2019,Advanced,68.92,78.49,64.77,80.14,55.39,98.61,67.81,59.59,62.17,60.88,77.78,82.30,82.18,75.93,53.31,63.71,99.86,98.50,98.10,,51.71,65.83,85.89,52.19,70.70,,,76.55,59.72,64.62,47.78,67.35,54.42,66.67,66.67,100.00,82.30,98.10,66.26,67.74,84.13,60.64,78.87,48.16,78.65,39.65,0.00,63.71
ALB,Albania,Europe & Central Asia,2020,Advanced,68.01,79.81,64.73,72.11,57.43,98.61,71.12,59.59,62.23,60.71,77.78,83.08,82.42,50.83,55.70,64.32,99.86,98.50,98.10,,59.00,65.85,88.50,52.19,70.70,,,76.57,59.73,64.72,47.88,67.13,54.29,66.67,66.67,100.00,83.08,98.10,66.74,76.85,24.81,61.28,84.12,55.26,80.26,39.65,0.00,64.32
ALB,Albania,Europe & Central Asia,2021,Advanced,67.85,68.43,61.97,84.58,59.10,88.67,58.74,47.31,50.94,65.09,77.78,83.73,80.98,89.04,57.79,64.32,99.86,98.50,98.20,0.00,34.71,52.03,89.49,52.19,70.70,0.00,0.00,65.29,48.45,53.44,36.60,71.51,58.67,66.67,66.67,100.00,83.73,98.10,63.86,85.96,92.11,61.87,82.97,65.04,80.91,39.65,0.00,64.32
ALB,Albania,Europe & Central Asia,2022,Advanced,67.14,67.07,60.84,86.42,57.61,88.79,55.24,47.31,52.31,60.89,77.78,84.20,80.33,94.74,55.93,64.32,99.86,98.50,98.50,0.00,30.48,47.04,88.21,52.19,70.70,0.00,0.00,66.66,49.82,54.80,37.97,67.31,54.47,66.67,66.67,100.00,84.20,98.10,62.56,89.47,100.00,61.94,81.82,56.39,80.77,39.65,0.00,64.32
ALB,Albania,Europe & Central Asia,2023,Advanced,68.45,71.50,62.71,85.83,57.03,91.13,63.97,47.31,52.67,65.23,77.78,84.53,80.04,92.91,55.21,64.32,100.00,99.00,99.00,19.31,44.00,57.25,90.64,52.19,70.70,0.00,0.00,67.01,50.17,55.16,38.32,71.64,58.81,66.67,66.67,100.00,84.53,98.10,61.98,85.82,100.00,61.96,81.82,53.99,79.55,39.65,0.00,64.32
ALB,Albania,Europe & Central Asia,2024,Advanced,72.21,80.12,64.72,87.14,60.17,92.43,79.71,56.31,54.29,68.63,77.78,84.92,80.04,96.45,53.59,86.51,99.87,99.00,99.00,32.45,71.96,75.20,91.98,52.19,70.70,60.00,0.00,68.64,51.80,56.79,39.95,75.05,62.21,66.67,66.67,100.00,84.92,98.10,61.98,92.91,100.00,62.18,81.44,49.91,75.80,39.32,0.00,86.51
ARE,United Arab Emirates,Middle East & North Africa,2014,Advanced,69.49,61.62,88.66,77.66,54.95,94.00,22.47,75.18,81.34,90.31,100.00,70.29,70.46,92.22,59.86,35.30,100.00,100.00,85.00,,15.99,18.73,32.69,80.86,66.67,,,100.00,71.96,92.08,61.32,96.07,84.54,100.00,100.00,100.00,70.29,93.20,47.72,86.67,97.78,64.59,88.19,51.82,83.48,29.13,52.41,35.30
ARE,United Arab Emirates,Middle East & North Africa,2015,Advanced,72.46,68.10,86.31,78.14,60.01,98.00,34.66,75.18,78.81,86.97,100.00,71.37,70.83,92.22,64.42,42.40,100.00,100.00,95.00,,23.60,29.40,50.96,80.86,66.67,,,99.51,68.75,88.87,58.11,92.74,81.21,100.00,100.00,100.00,71.37,93.20,48.46,86.67,97.78,67.28,88.66,62.53,88.79,29.13,60.05,42.40
ARE,United Arab Emirates,Middle East & North Africa,2016,Advanced,77.03,73.98,87.12,81.77,66.80,99.20,48.15,75.18,77.92,89.89,100.00,74.63,71.80,98.89,71.13,49.50,100.00,100.00,98.00,,29.74,39.72,75.00,80.86,66.67,,,98.62,67.86,87.98,57.22,95.66,84.13,100.00,100.00,100.00,74.63,94.40,49.19,100.00,97.78,67.51,89.13,90.80,92.19,29.13,62.91,49.50
ARE,United Arab Emirates,Middle East & North Africa,2017,Advanced,78.88,77.74,87.13,82.14,69.60,99.20,57.56,75.18,78.61,89.22,100.00,77.86,72.76,95.79,72.85,56.60,100.00,100.00,98.00,,40.29,50.91,81.48,80.86,66.67,,,99.31,68.55,88.66,57.91,94.99,83.46,100.00,100.00,100.00,77.86,95.60,49.93,100.00,91.58,68.96,91.79,95.56,94.40,29.13,60.65,56.60
ARE,United Arab Emirates,Middle East & North Africa,2018,Leader,81.45,80.26,85.62,86.52,74.02,99.59,63.46,75.18,82.59,81.45,100.00,81.12,78.44,100.00,72.35,80.70,100.00,100.00,98.98,,47.77,59.15,83.47,80.86,66.67,,,99.96,75.87,89.31,65.22,87.22,75.69,100.00,100.00,100.00,81.12,96.80,60.08,100.00,100.00,69.16,94.44,95.90,90.71,29.13,59.25,80.70
ARE,United Arab Emirates,Middle East & North Africa,2019,Leader,82.91,83.30,82.82,89.27,76.73,99.76,70.90,75.18,63.20,93.85,100.00,84.39,83.43,100.00,73.56,89.38,100.00,100.00,99.40,,56.71,71.05,84.95,80.86,66.67,,,73.55,63.49,62.91,52.85,99.61,88.08,100.00,100.00,100.00,84.39,98.00,68.86,100.00,100.00,69.25,92.22,100.00,91.97,29.13,62.72,89.38
ARE,United Arab Emirates,Middle East & North Africa,2020,Leader,86.56,90.91,85.89,91.22,78.83,99.88,89.81,75.18,69.29,95.44,100.00,85.83,87.82,100.00,74.02,98.06,100.00,100.00,99.70,,92.33,90.56,86.55,80.86,66.67,,,82.96,66.27,72.32,55.63,100.00,90.87,100.00,100.00,100.00,85.83,98.00,77.63,100.00,100.00,69.46,90.00,100.00,93.29,31.59,61.50,98.06
ARE,United Arab Emirates,Middle East & North Africa,2021,Leader,88.14,90.33,90.53,92.17,80.06,98.98,89.14,75.43,77.85,98.48,100.00,87.15,89.37,100.00,75.56,98.06,100.00,100.00,99.70,91.00,92.05,85.62,89.75,80.86,66.67,100.00,0.00,89.61,76.72,78.97,66.08,100.00,96.97,100.00,100.00,100.00,87.15,98.00,80.75,100.00,100.00,69.65,90.07,100.00,93.98,38.13,62.00,98.06
ARE,United Arab Emirates,Middle East & North Africa,2022,Leader,90.52,93.60,96.43,92.24,80.65,99.61,96.68,75.43,91.08,100.00,100.00,87.34,89.37,100.00,76.30,98.06,100.00,100.00,99.70,97.32,100.00,100.00,90.04,80.86,66.67,100.00,0.00,98.35,94.45,87.70,83.81,100.00,100.00,100.00,100.00,100.00,87.34,98.00,80.75,100.00,100.00,68.95,90.14,100.00,95.12,40.62,63.50,98.06
ARE,United Arab Emirates,Middle East & North Africa,2023,Leader,90.39,94.47,95.07,92.30,80.51,99.78,97.01,78.76,87.69,100.00,100.00,87.53,89.37,100.00,76.13,98.06,100.00,100.00,99.70,99.00,100.00,100.00,91.02,80.86,66.67,100.00,66.67,100.00,84.54,92.31,73.90,100.00,100.00,100.00,100.00,100.00,87.53,98.00,80.75,100.00,100.00,69.76,90.14,100.00,94.65,40.90,60.50,98.06
ARE,United Arab Emirates,Middle East & North Africa,2024,Leader,89.52,94.62,89.57,92.36,82.03,99.78,97.39,78.76,73.93,100.00,100.00,87.71,89.37,100.00,77.54,100.00,100.00,100.00,99.70,99.00,100.00,100.00,92.16,80.86,66.67,100.00,66.67,81.85,79.84,71.21,62.82,100.00,100.00,100.00,100.00,100.00,87.71,98.00,80.75,100.00,100.00,70.51,91.63,100.00,92.02,47.19,64.29,100.00
ARG,Argentina,Latin America & Caribbean,2014,Transitioner,54.23,35.13,48.23,80.40,63.50,59.10,2.36,52.70,37.05,66.04,35.00,53.21,89.96,98.04,69.08,41.20,98.00,83.75,15.00,,3.06,4.03,0.00,68.95,28.33,,,53.62,39.73,34.37,20.48,76.47,55.61,46.20,0.00,58.80,53.21,99.00,80.92,96.08,100.00,61.99,55.12,46.47,70.89,96.48,84.00,41.20
ARG,Argentina,Latin America & Caribbean,2015,Transitioner,61.17,50.15,52.78,80.68,65.57,81.72,17.29,52.70,44.34,70.12,35.00,53.29,90.71,98.04,71.08,43.53,98.00,90.30,65.00,,8.70,14.35,28.82,68.95,28.33,,,60.91,47.02,41.66,27.76,80.55,59.69,46.20,0.00,58.80,53.29,99.20,82.22,96.08,100.00,58.96,63.07,48.32,75.56,96.48,89.11,43.53
ARG,Argentina,Latin America & Caribbean,2016,Advanced,65.17,58.71,53.68,82.38,69.48,87.80,31.97,54.04,50.35,66.35,35.00,55.93,91.22,100.00,75.39,45.87,98.00,95.00,75.50,,13.54,26.50,55.86,68.95,31.67,,,66.98,53.09,47.60,33.71,76.85,55.85,46.20,0.00,58.80,55.93,99.10,83.34,100.00,100.00,59.25,71.01,61.56,79.14,96.48,90.00,45.87
ARG,Argentina,Latin America & Caribbean,2017,Advanced,68.23,65.41,55.96,83.27,71.09,91.60,42.40,59.04,55.40,67.00,35.00,58.25,92.14,99.42,76.81,48.20,98.00,95.00,85.00,,17.64,36.21,73.35,68.95,44.17,,,71.78,57.89,52.92,39.03,77.22,56.78,46.20,0.00,58.80,58.25,99.05,85.23,98.83,100.00,58.14,73.01,67.82,81.62,96.48,87.00,48.20
ARG,Argentina,Latin America & Caribbean,2018,Advanced,68.30,67.89,54.57,84.09,69.87,92.80,47.40,59.04,57.83,60.74,35.71,60.21,92.06,100.00,77.16,40.70,98.00,95.00,88.00,,22.37,42.49,77.34,68.95,44.17,,,74.06,60.73,54.94,41.61,71.09,50.38,46.83,0.00,60.32,60.21,99.00,85.12,100.00,100.00,58.21,75.00,69.54,80.08,96.48,88.00,40.70
ARG,Argentina,Latin America & Caribbean,2019,Advanced,68.97,71.10,52.03,84.64,72.27,93.51,54.73,59.04,61.01,51.22,35.71,61.82,92.11,100.00,78.98,45.41,98.00,95.00,89.77,,30.14,53.35,80.72,68.95,44.17,,,72.85,69.21,52.80,49.16,62.08,40.36,46.83,0.00,60.32,61.82,99.00,85.23,100.00,100.00,58.88,79.86,73.80,80.94,96.48,89.75,45.41
ARG,Argentina,Latin America & Caribbean,2020,Advanced,71.11,72.35,55.39,85.45,74.65,94.63,56.73,59.04,56.92,58.19,46.75,63.46,92.90,100.00,80.78,50.12,98.00,96.00,91.58,,37.11,51.21,81.86,68.95,44.17,,,67.63,66.26,47.58,46.21,69.05,47.33,56.50,0.00,83.74,63.46,99.00,86.80,100.00,100.00,60.24,84.71,77.73,82.55,96.41,89.25,50.12
ARG,Argentina,Latin America & Caribbean,2021,Advanced,70.85,63.77,60.14,86.54,75.95,86.29,49.27,47.73,64.65,62.32,46.75,65.77,93.85,100.00,82.40,50.12,98.87,96.00,95.00,0.00,23.80,40.23,83.77,68.95,44.17,0.00,0.00,77.79,70.64,58.67,51.52,72.67,51.96,56.50,0.00,83.74,65.77,99.00,88.70,100.00,100.00,60.59,82.80,84.86,82.80,96.36,92.00,50.12
ARG,Argentina,Latin America & Caribbean,2022,Advanced,71.24,63.65,61.24,87.86,75.21,86.29,48.97,47.73,72.69,57.03,46.75,67.59,95.98,100.00,81.48,50.12,98.87,96.00,95.00,0.00,23.20,40.21,83.49,68.95,44.17,0.00,0.00,86.05,77.56,67.82,59.32,66.90,47.15,56.50,0.00,83.74,67.59,99.00,92.96,100.00,100.00,60.38,80.89,79.32,83.06,96.68,95.00,50.12
ARG,Argentina,Latin America & Caribbean,2023,Advanced,70.20,65.63,56.74,88.44,73.73,86.69,53.53,47.73,71.97,46.51,46.75,69.34,95.98,100.00,79.64,50.12,98.87,96.00,96.00,0.00,31.66,44.61,84.32,68.95,44.17,0.00,0.00,88.65,74.53,69.40,55.28,56.94,36.09,56.50,0.00,83.74,69.34,99.00,92.96,100.00,100.00,60.39,80.89,67.58,82.01,100.00,95.50,50.12
ARG,Argentina,Latin America & Caribbean,2024,Advanced,70.01,68.73,53.93,88.91,72.91,89.58,58.38,47.73,71.55,45.87,34.78,70.74,95.98,100.00,78.26,51.53,99.00,99.00,99.00,4.77,40.83,49.49,84.82,68.95,44.17,0.00,0.00,87.86,74.91,68.61,54.83,56.30,35.44,46.01,0.00,58.34,70.74,99.00,92.96,100.00,100.00,59.93,79.65,69.04,77.03,100.00,90.95,51.53
ARM,Armenia,Europe & Central Asia,2014,Transitioner,52.63,45.72,48.38,76.38,45.43,77.88,12.64,47.56,45.75,36.32,77.78,56.55,75.18,97.40,52.39,17.60,100.00,99.00,45.70,,7.09,9.07,21.76,52.38,40.33,,,57.33,45.20,47.45,32.99,42.93,29.70,66.67,66.67,100.00,56.55,100.00,50.35,100.00,94.81,54.11,61.42,17.34,76.97,75.62,14.39,17.60
ARM,Armenia,Europe & Central Asia,2015,Transitioner,54.52,50.40,48.31,76.92,47.17,78.24,23.98,47.56,45.81,36.07,77.78,57.23,76.13,97.40,54.40,18.27,100.00,99.00,46.60,,8.01,11.13,52.81,52.38,40.33,,,60.74,46.02,43.02,33.45,42.88,29.25,66.67,66.67,100.00,57.23,100.00,52.26,100.00,94.81,57.29,52.09,23.68,79.35,75.62,20.05,18.27
ARM,Armenia,Europe & Central Asia,2016,Transitioner,57.33,56.57,48.71,81.50,48.09,82.26,35.39,47.56,45.06,37.82,77.78,70.77,76.32,97.40,55.38,18.93,100.00,99.00,56.64,,12.20,17.27,76.69,52.38,40.33,,,58.84,46.10,42.53,32.77,45.04,30.60,66.67,66.67,100.00,70.77,100.00,52.64,100.00,94.81,59.28,42.75,29.73,81.00,75.62,19.80,18.93
ARM,Armenia,Europe & Central Asia,2017,Transitioner,59.69,61.44,49.34,83.62,50.07,85.59,44.22,47.56,46.80,37.65,77.78,73.76,77.11,100.00,57.69,19.60,100.00,99.00,64.97,,17.53,28.94,86.20,52.38,40.33,,,57.95,47.98,45.88,35.40,44.46,30.84,66.67,66.67,100.00,73.76,100.00,54.22,100.00,100.00,59.15,49.50,34.81,82.24,75.62,23.81,19.60
ARM,Armenia,Europe & Central Asia,2018,Transitioner,63.68,63.99,52.87,83.62,58.11,87.97,48.23,47.56,55.09,38.21,77.78,76.31,77.90,96.65,60.27,49.50,100.00,99.00,70.93,,21.95,34.90,87.85,52.38,40.33,,,65.31,56.00,56.07,42.96,45.27,31.14,66.67,66.67,100.00,76.31,100.00,55.81,96.42,96.88,59.26,56.25,42.42,82.41,75.62,27.00,49.50
ARM,Armenia,Europe & Central Asia,2019,Advanced,65.02,68.00,51.06,85.22,60.41,94.08,52.13,47.56,47.81,40.95,77.78,78.38,78.69,98.59,63.02,49.99,100.00,99.00,86.21,,26.29,41.67,88.43,52.38,40.33,,,57.76,49.27,46.35,37.86,47.13,34.77,66.67,66.67,100.00,78.38,100.00,57.39,100.00,97.18,59.56,63.13,51.66,83.74,75.62,25.88,49.99
ARM,Armenia,Europe & Central Asia,2020,Advanced,66.43,70.02,53.28,81.78,63.85,97.60,53.68,47.56,53.79,40.52,77.78,78.96,79.31,87.06,67.19,50.47,100.00,99.00,95.00,,29.35,42.65,89.04,52.38,40.33,,,62.75,54.26,53.32,44.83,45.63,35.41,66.67,66.67,100.00,78.96,100.00,58.61,98.30,75.82,59.98,70.00,62.72,84.84,78.16,30.50,50.47
ARM,Armenia,Europe & Central Asia,2021,Advanced,65.94,61.42,55.15,85.18,65.52,87.60,46.81,38.29,56.40,42.59,77.78,79.48,79.54,96.53,69.28,50.47,100.00,99.00,95.00,0.00,19.00,31.50,89.93,52.38,40.33,0.00,0.00,65.88,57.40,55.41,46.92,48.27,36.92,66.67,66.67,100.00,79.48,99.91,59.16,93.06,100.00,60.29,71.11,71.97,85.22,78.89,29.00,50.47
ARM,Armenia,Europe & Central Asia,2022,Advanced,67.92,62.84,60.61,86.86,64.33,87.60,50.35,38.29,63.00,49.63,77.78,79.88,80.71,100.00,67.79,50.47,100.00,99.00,95.00,0.00,21.59,40.64,88.82,52.38,40.33,0.00,0.00,72.65,64.16,61.84,53.35,55.48,43.77,66.67,66.67,100.00,79.88,99.82,61.59,100.00,100.00,60.86,72.21,66.57,84.73,79.93,21.50,50.47
ARM,Armenia,Europe & Central Asia,2023,Advanced,69.59,69.85,62.06,86.42,62.61,91.09,57.25,52.58,62.18,54.08,77.78,80.33,80.62,98.30,65.64,50.47,100.00,99.80,99.50,13.65,27.34,54.11,90.30,80.95,40.33,0.00,0.00,71.54,63.05,61.31,52.82,59.62,48.54,66.67,66.67,100.00,80.33,99.82,61.42,96.60,100.00,61.55,72.21,54.53,84.76,80.78,21.00,50.47
ARM,Armenia,Europe & Central Asia,2024,Advanced,70.34,73.62,61.03,85.54,63.71,91.91,65.85,52.58,58.40,55.30,77.78,81.15,80.62,94.85,66.15,53.96,100.00,99.80,99.68,21.14,38.11,67.96,91.47,80.95,40.33,0.00,0.00,69.98,57.69,59.76,46.16,60.84,49.76,66.67,66.67,100.00,81.15,99.82,61.42,89.69,100.00,61.80,79.22,57.61,82.57,83.40,11.50,53.96
AUS,Australia,East Asia & Pacific,2014,Leader,83.44,72.45,92.14,87.22,83.25,97.60,47.23,72.57,80.36,100.00,100.00,77.49,99.50,84.66,84.94,76.50,99.00,99.50,95.00,,28.09,45.95,67.65,80.95,60.00,,,87.12,87.12,73.60,73.60,100.00,100.00,100.00,100.00,100.00,77.49,99.00,100.00,78.02,91.30,84.74,92.91,50.75,95.83,96.93,100.00,76.50
AUS,Australia,East Asia & Pacific,2015,Leader,85.00,76.69,92.16,87.21,84.70,98.36,57.08,72.57,80.40,100.00,100.00,77.48,99.50,84.66,86.26,78.47,99.00,99.50,96.90,,37.38,57.94,75.94,80.95,60.00,,,87.16,87.16,73.63,73.63,100.00,100.00,100.00,100.00,100.00,77.48,99.00,100.00,78.02,91.30,84.90,95.37,54.15,97.65,96.93,100.00,78.47
AUS,Australia,East Asia & Pacific,2016,Leader,88.39,81.61,96.20,90.34,86.06,98.80,68.94,72.57,90.50,100.00,100.00,77.79,99.50,93.74,87.47,80.43,99.00,99.50,98.00,,51.61,72.45,82.75,80.95,60.00,,,97.31,97.31,83.69,83.69,100.00,100.00,100.00,100.00,100.00,77.79,99.00,100.00,96.17,91.30,84.99,97.83,57.39,99.13,96.93,100.00,80.43
AUS,Australia,East Asia & Pacific,2017,Leader,90.51,87.88,96.53,90.85,87.08,99.26,76.52,87.81,91.34,100.00,100.00,79.84,99.50,93.21,88.25,82.40,99.30,99.50,99.00,,63.28,79.97,86.32,95.24,76.67,,,98.15,98.15,84.53,84.53,100.00,100.00,100.00,100.00,100.00,79.84,99.00,100.00,96.30,90.12,85.03,97.52,60.52,100.00,96.93,100.00,82.40
AUS,Australia,East Asia & Pacific,2018,Leader,90.00,89.52,92.53,89.42,88.57,99.36,80.52,87.81,81.80,99.53,100.00,82.52,99.50,86.25,88.47,89.00,99.40,99.50,99.20,,72.66,81.53,87.38,95.24,76.67,,,91.75,85.57,78.04,71.85,100.00,99.05,100.00,100.00,100.00,82.52,99.00,100.00,92.51,80.00,85.08,97.22,63.57,98.14,96.93,100.00,89.00
AUS,Australia,East Asia & Pacific,2019,Leader,92.12,91.87,93.97,92.48,90.21,99.36,86.42,87.81,84.93,100.00,100.00,83.96,99.50,93.98,89.45,93.24,99.40,99.50,99.20,,83.85,89.56,85.85,95.24,76.67,,,91.79,91.79,78.07,78.07,100.00,100.00,100.00,100.00,100.00,83.96,99.00,100.00,92.83,95.12,85.00,95.97,69.14,98.18,96.93,100.00,93.24
AUS,Australia,East Asia & Pacific,2020,Leader,92.61,93.96,92.73,91.24,92.54,99.38,91.61,87.81,81.83,100.00,100.00,84.73,99.50,89.49,91.31,97.47,99.50,99.50,99.20,,100.00,86.58,88.25,95.24,76.67,,,91.53,85.85,77.82,72.13,100.00,100.00,100.00,100.00,100.00,84.73,99.00,100.00,85.96,93.02,85.30,94.71,77.48,98.22,98.18,100.00,97.47
AUS,Australia,East Asia & Pacific,2021,Leader,92.04,90.37,92.72,92.35,92.76,97.30,87.15,82.96,81.81,100.00,100.00,85.42,99.50,92.12,91.58,97.47,99.50,99.50,99.50,77.50,99.88,71.66,89.90,95.24,76.67,55.63,80.00,92.13,85.21,78.41,71.49,100.00,100.00,100.00,100.00,100.00,85.42,99.00,100.00,93.13,91.11,85.48,94.26,80.37,98.11,96.80,100.00,97.47
AUS,Australia,East Asia & Pacific,2022,Leader,91.39,91.09,91.66,90.78,92.05,97.67,88.56,82.96,79.14,100.00,100.00,85.97,99.50,86.88,90.69,97.47,99.50,99.50,99.50,81.20,100.00,75.66,90.04,95.24,76.67,55.63,80.00,89.90,82.10,76.18,68.38,100.00,100.00,100.00,100.00,100.00,85.97,99.00,100.00,86.39,87.37,86.40,93.80,79.10,95.51,95.55,100.00,97.47
AUS,Australia,East Asia & Pacific,2023,Leader,92.46,93.19,90.64,94.37,91.68,98.25,90.87,87.71,76.59,100.00,100.00,86.41,99.50,97.19,90.23,97.47,99.50,99.50,99.50,87.00,100.00,82.50,90.11,95.24,80.00,80.63,80.00,83.45,83.45,69.74,69.74,100.00,100.00,100.00,100.00,100.00,86.41,99.00,100.00,96.56,97.83,86.42,93.80,76.71,94.85,96.27,100.00,97.47
AUS,Australia,East Asia & Pacific,2024,Leader,92.17,92.83,91.49,93.54,90.84,98.79,89.42,87.71,78.74,100.00,100.00,86.72,99.50,94.39,89.49,96.24,99.66,99.66,99.66,91.00,100.00,77.77,90.49,95.24,80.00,80.63,80.00,86.81,84.13,73.09,70.91,100.00,100.00,100.00,100.00,100.00,86.72,99.00,100.00,93.13,95.65,86.21,92.22,76.37,91.69,97.07,100.00,96.24
AUT,Austria,Europe & Central Asia,2014,Advanced,72.48,62.23,80.30,82.04,67.34,93.28,28.38,67.81,93.26,68.59,77.78,75.25,85.33,85.54,67.27,67.60,99.00,99.00,84.71,,12.99,14.77,57.36,61.90,76.67,,,99.36,99.36,87.15,87.15,75.21,61.98,66.67,66.67,100.00,75.25,98.00,72.67,85.66,85.42,83.53,74.80,32.58,100.00,34.47,96.75,67.60
AUT,Austria,Europe & Central Asia,2015,Advanced,73.85,68.31,77.77,82.37,67.96,98.60,38.27,67.81,90.50,65.04,77.78,76.29,85.28,85.54,68.36,66.37,99.00,99.00,98.00,,19.95,22.43,72.43,61.90,76.67,,,96.65,96.65,84.35,84.35,71.71,58.38,66.67,66.67,100.00,76.29,98.00,72.57,85.66,85.42,83.59,83.05,33.37,100.00,34.47,97.70,66.37
AUT,Austria,Europe & Central Asia,2016,Advanced,75.37,72.20,79.23,81.48,69.22,98.60,48.00,67.81,93.92,65.26,77.78,76.82,85.32,82.29,70.25,65.13,99.00,99.00,98.00,,28.31,33.06,82.64,61.90,76.67,,,100.00,100.00,87.84,87.84,72.02,58.49,66.67,66.67,100.00,76.82,98.00,72.64,79.17,85.42,83.65,91.30,38.78,100.00,34.47,97.37,65.13
AUT,Austria,Europe & Central Asia,2017,Advanced,77.20,74.26,79.30,87.11,69.26,99.00,52.75,67.81,94.35,65.00,77.78,80.09,84.85,96.39,70.60,63.90,99.00,99.00,99.00,,32.66,41.73,83.87,61.90,76.67,,,100.00,100.00,88.71,88.71,71.56,58.44,66.67,66.67,100.00,80.09,98.00,71.70,100.00,92.77,83.72,89.06,41.95,100.00,34.47,96.67,63.90
AUT,Austria,Europe & Central Asia,2018,Leader,81.35,76.01,91.89,86.13,72.79,99.00,57.12,67.81,94.51,96.32,77.78,82.79,85.01,90.59,70.34,82.60,99.00,99.00,99.00,,37.95,48.82,84.58,61.90,76.67,,,100.00,100.00,89.02,89.02,100.00,92.64,66.67,66.67,100.00,82.79,98.00,72.03,100.00,81.18,83.82,86.81,41.76,100.00,34.47,96.51,82.60
AUT,Austria,Europe & Central Asia,2019,Leader,81.94,79.65,84.37,88.93,75.43,99.00,66.23,67.81,86.41,85.62,77.78,84.97,85.28,96.55,72.22,88.25,99.00,99.00,99.00,,49.86,63.02,85.80,61.90,76.67,,,96.00,89.03,83.79,76.82,92.23,79.00,66.67,66.67,100.00,84.97,98.00,72.56,100.00,93.10,84.02,90.76,49.26,100.00,34.47,95.97,88.25
AUT,Austria,Europe & Central Asia,2020,Leader,85.86,87.65,85.11,89.75,81.16,99.00,74.65,90.95,89.10,84.79,77.78,85.51,85.47,98.28,77.97,93.89,99.00,99.00,99.00,,64.23,71.49,88.24,90.48,91.67,,,100.00,89.54,89.35,77.51,91.31,78.28,66.67,66.67,100.00,85.51,98.00,72.94,96.56,100.00,84.35,94.71,77.96,100.00,31.98,96.44,93.89
AUT,Austria,Europe & Central Asia,2021,Leader,84.79,81.37,89.31,87.51,81.28,95.30,64.45,87.36,88.96,95.42,77.78,85.99,85.64,90.91,78.12,93.89,99.00,99.00,99.00,62.00,45.64,58.18,89.52,90.48,91.67,97.50,0.00,97.83,92.48,85.44,80.09,100.00,90.83,66.67,66.67,100.00,85.99,98.00,73.27,93.06,88.76,84.61,91.49,79.72,100.00,31.86,97.37,93.89
AUT,Austria,Europe & Central Asia,2022,Leader,86.75,84.70,90.37,90.96,81.34,97.00,71.08,87.36,87.05,100.00,77.78,86.42,86.47,100.00,78.20,93.89,99.00,99.00,99.00,79.00,55.80,66.89,90.55,90.48,91.67,97.50,0.00,93.15,93.15,80.94,80.94,100.00,100.00,66.67,66.67,100.00,86.42,98.00,74.95,100.00,100.00,84.86,88.27,81.12,95.96,36.19,97.52,93.89
AUT,Austria,Europe & Central Asia,2023,Leader,87.81,90.46,89.88,90.31,80.97,97.60,84.87,87.36,85.82,100.00,77.78,86.78,86.47,97.67,77.74,93.89,99.00,99.00,99.00,85.00,78.53,85.14,90.95,90.48,91.67,97.50,0.00,91.93,91.93,79.72,79.72,100.00,100.00,66.67,66.67,100.00,86.78,98.00,74.95,100.00,95.35,85.06,88.27,79.92,95.84,34.91,97.68,93.89
AUT,Austria,Europe & Central Asia,2024,Leader,88.17,93.62,89.94,90.01,79.74,98.30,92.06,87.36,85.95,100.00,77.78,87.00,86.47,96.56,77.38,89.14,99.00,99.00,99.00,92.00,90.81,93.93,91.43,90.48,91.67,97.50,0.00,95.23,90.40,83.02,75.16,100.00,100.00,66.67,66.67,100.00,87.00,98.00,74.95,93.13,100.00,84.88,83.83,80.45,94.14,36.65,97.79,89.14
AZE,Azerbaijan,Europe & Central Asia,2014,Transitioner,50.68,34.03,60.52,69.44,46.12,56.88,13.28,29.83,67.60,51.67,64.06,56.00,75.55,76.79,44.42,52.90,100.00,72.22,19.99,,7.71,8.57,23.57,23.05,40.00,,,71.09,67.59,67.62,64.11,53.55,49.79,73.73,18.46,100.00,56.00,100.00,51.09,71.97,81.60,43.79,43.31,12.04,62.83,71.96,19.65,52.90
AZE,Azerbaijan,Europe & Central Asia,2015,Transitioner,53.49,41.58,57.76,70.04,48.65,62.27,26.76,29.83,66.01,46.36,64.06,57.50,75.83,76.79,47.34,53.90,100.00,78.48,27.20,,12.60,16.57,51.12,23.05,40.00,,,69.25,65.75,66.27,62.77,47.97,44.74,73.73,18.46,100.00,57.50,100.00,51.66,71.97,81.60,45.01,55.71,13.11,67.00,71.96,23.53,53.90
AZE,Azerbaijan,Europe & Central Asia,2016,Transitioner,56.93,47.50,61.03,71.13,50.93,68.37,35.46,29.83,78.90,41.65,64.06,60.50,76.11,76.79,49.94,54.90,100.00,85.28,35.64,,17.74,25.55,63.08,23.05,40.00,,,81.80,78.29,79.50,76.00,42.90,40.41,73.73,18.46,100.00,60.50,100.00,52.23,71.97,81.60,45.38,68.12,15.96,69.48,71.96,25.75,54.90
AZE,Azerbaijan,Europe & Central Asia,2017,Transitioner,59.93,55.46,61.55,72.36,52.22,78.76,44.96,29.83,81.52,40.33,64.06,63.90,76.40,76.79,51.30,55.90,100.00,92.40,54.50,,21.32,33.40,80.17,23.05,40.00,,,84.83,81.32,81.71,78.21,42.02,38.64,73.73,18.46,100.00,63.90,100.00,52.79,71.97,81.60,45.65,70.52,17.80,71.96,71.96,27.75,55.90
AZE,Azerbaijan,Europe & Central Asia,2018,Transitioner,63.68,62.28,65.27,73.69,54.90,87.02,53.76,29.83,81.51,49.63,64.06,67.60,76.68,76.79,52.30,65.30,100.00,95.00,72.55,,29.60,47.61,84.06,23.05,40.00,,,86.93,79.14,83.88,76.08,51.29,47.97,73.73,18.46,100.00,67.60,100.00,53.36,71.97,81.60,46.22,72.92,19.62,70.61,71.96,33.25,65.30
AZE,Azerbaijan,Europe & Central Asia,2019,Transitioner,63.95,69.64,52.92,75.12,60.42,96.32,62.86,29.83,65.74,34.52,64.06,68.80,76.96,79.61,56.20,77.31,100.00,97.60,93.20,,36.23,66.14,86.21,23.05,40.00,,,73.94,60.61,70.88,57.55,36.18,32.86,73.73,18.46,100.00,68.80,100.00,53.93,76.77,82.44,46.70,71.76,35.63,71.66,71.96,38.35,77.31
AZE,Azerbaijan,Europe & Central Asia,2020,Advanced,68.51,69.53,62.48,79.31,63.95,96.64,62.26,29.83,60.63,63.55,64.06,76.80,77.52,83.62,57.61,89.31,100.00,97.60,94.00,,35.56,63.26,87.96,23.05,40.00,,,67.27,57.07,64.20,54.00,65.21,61.88,73.73,18.46,100.00,76.80,100.00,55.04,85.16,82.09,47.07,70.59,40.96,73.04,70.81,41.75,89.31
AZE,Azerbaijan,Europe & Central Asia,2021,Advanced,65.40,62.82,56.04,79.47,65.38,87.40,56.01,27.27,64.78,43.30,64.06,79.40,74.59,84.40,59.39,89.31,100.00,99.50,94.00,0.00,26.50,51.62,89.91,23.05,40.00,25.00,0.00,71.98,60.67,68.88,57.58,44.98,41.63,73.73,18.46,100.00,79.40,100.00,49.19,86.03,82.78,47.39,65.89,49.46,73.70,74.86,37.25,89.31
AZE,Azerbaijan,Europe & Central Asia,2022,Advanced,67.98,64.20,64.22,81.37,63.67,89.00,57.87,27.27,71.69,56.82,64.06,81.20,74.75,88.17,57.26,89.31,100.00,99.50,98.00,0.00,28.72,54.43,90.46,23.05,40.00,25.00,0.00,78.89,67.58,75.80,64.50,58.49,55.15,73.73,18.46,100.00,81.20,100.00,49.50,85.54,90.79,47.66,61.19,39.96,73.69,76.14,36.50,89.31
AZE,Azerbaijan,Europe & Central Asia,2023,Advanced,70.79,69.60,64.58,83.72,66.71,89.40,66.21,36.80,69.97,59.45,64.06,84.30,74.86,92.01,61.06,89.31,100.00,99.50,99.00,0.00,41.12,66.74,90.77,42.10,40.00,25.00,0.00,77.15,65.85,74.09,62.79,61.11,57.79,73.73,18.46,100.00,84.30,100.00,49.73,91.03,92.98,48.09,61.19,58.42,72.61,77.58,36.00,89.31
AZE,Azerbaijan,Europe & Central Asia,2024,Advanced,73.20,74.20,67.69,83.92,68.12,89.40,76.94,38.30,64.43,63.55,82.49,84.90,74.86,92.01,61.67,93.92,100.00,99.50,99.00,0.00,57.13,81.03,92.67,42.10,45.00,25.00,0.00,73.90,58.11,70.84,54.89,65.21,61.90,73.73,73.73,100.00,84.90,100.00,49.73,91.03,92.98,48.32,73.86,64.21,69.72,76.89,24.50,93.92
BDI,Burundi,Sub-Saharan Africa,2014,Discoverer,15.89,15.02,8.74,24.48,19.86,9.80,13.24,29.03,2.50,0.00,38.68,18.21,49.96,5.28,21.87,11.80,49.00,0.00,0.00,,5.48,4.25,30.00,27.24,31.70,,,10.00,0.00,0.00,0.00,0.00,0.00,34.62,73.73,7.69,18.21,62.00,37.91,10.57,0.00,12.49,1.57,1.13,43.50,38.19,26.50,11.80
BDI,Burundi,Sub-Saharan Africa,2015,Discoverer,20.73,13.20,23.37,27.20,22.00,9.80,8.69,29.03,8.42,0.00,100.00,24.99,51.33,5.28,24.54,11.87,49.00,0.00,0.00,,6.64,7.08,12.37,27.24,31.70,,,22.11,4.49,7.07,0.00,0.00,0.00,100.00,100.00,100.00,24.99,63.84,38.82,10.57,0.00,16.58,8.40,2.50,48.45,38.19,25.53,11.87
BDI,Burundi,Sub-Saharan Africa,2016,Discoverer,25.22,20.68,30.89,26.17,24.22,14.20,22.98,29.03,26.49,0.72,100.00,20.88,52.34,5.28,27.29,11.93,49.00,11.00,0.00,,8.10,7.66,53.19,27.24,31.70,,,42.82,25.20,27.78,10.16,1.45,0.00,100.00,100.00,100.00,20.88,65.69,38.99,10.57,0.00,18.31,15.22,3.45,49.65,38.19,38.49,11.93
BDI,Burundi,Sub-Saharan Africa,2017,Discoverer,26.92,26.71,29.20,26.74,25.17,29.81,22.46,29.03,39.55,0.71,65.48,21.58,53.37,5.28,28.47,12.00,49.00,39.02,11.00,,8.43,12.01,46.93,27.24,31.70,,,55.88,38.26,40.84,23.22,1.41,0.00,96.43,100.00,0.00,21.58,68.00,38.73,10.57,0.00,17.72,22.89,2.65,51.92,38.19,40.81,12.00
BDI,Burundi,Sub-Saharan Africa,2018,Discoverer,26.26,31.00,19.70,30.44,25.60,36.16,26.81,29.03,30.22,0.00,38.05,22.36,51.18,17.78,29.83,8.70,50.00,44.48,20.93,,7.95,11.23,61.27,27.24,31.70,,,46.68,28.79,31.64,13.76,0.00,0.00,34.62,71.84,7.69,22.36,68.00,34.36,10.57,25.00,18.85,30.56,3.68,52.96,38.19,40.33,8.70
BDI,Burundi,Sub-Saharan Africa,2019,Discoverer,21.65,34.41,9.96,26.25,24.41,48.28,23.23,29.03,5.88,0.00,38.02,23.11,50.37,5.28,29.21,5.22,95.40,48.00,25.00,,7.07,10.83,51.78,27.24,31.70,,,19.27,0.00,4.23,0.00,0.00,0.00,34.62,71.76,7.69,23.11,68.00,32.73,10.57,0.00,18.58,32.93,4.28,53.57,38.19,29.93,5.22
BDI,Burundi,Sub-Saharan Africa,2020,Discoverer,21.68,38.45,9.09,26.34,23.97,50.44,31.18,29.03,3.74,0.00,38.00,23.87,49.88,5.28,29.53,1.73,96.80,50.60,27.10,,6.11,9.15,78.29,27.24,31.70,,,14.95,0.00,0.00,0.00,0.00,0.00,34.62,71.68,7.69,23.87,68.00,31.76,10.57,0.00,18.39,35.29,5.45,53.08,40.61,24.99,1.73
BDI,Burundi,Sub-Saharan Africa,2021,Discoverer,21.72,32.85,10.44,26.46,24.52,42.79,27.76,23.13,7.05,0.00,38.12,24.70,49.40,5.28,30.22,1.73,96.80,50.60,32.18,0.00,4.03,5.99,73.27,27.24,31.70,0.00,0.00,21.62,0.00,6.58,0.00,0.00,0.00,34.62,72.07,7.69,24.70,68.00,30.80,10.57,0.00,18.87,34.53,5.85,53.28,40.70,30.31,1.73
BDI,Burundi,Sub-Saharan Africa,2022,Discoverer,22.26,33.35,11.27,26.76,24.40,42.79,29.02,23.13,9.06,0.00,38.24,25.59,49.40,5.28,30.06,1.73,96.80,50.60,32.18,0.00,3.90,6.24,76.92,27.24,31.70,0.00,0.00,24.65,1.98,9.61,0.00,0.00,0.00,34.62,72.40,7.69,25.59,68.00,30.80,10.57,0.00,19.03,33.76,5.46,53.99,40.68,28.53,1.73
BDI,Burundi,Sub-Saharan Africa,2023,Discoverer,24.33,33.22,14.48,28.07,25.97,43.58,27.92,23.13,17.05,0.00,38.30,26.32,49.40,8.50,32.03,1.73,96.80,50.60,34.14,0.00,4.04,6.40,73.31,27.24,31.70,0.00,0.00,39.23,4.77,24.19,0.00,0.00,0.00,34.62,72.59,7.69,26.32,68.00,30.80,10.57,6.43,19.67,33.76,7.00,53.19,43.64,39.50,1.73
BDI,Burundi,Sub-Saharan Africa,2024,Discoverer,24.51,33.81,12.11,29.62,29.76,45.68,27.29,23.13,11.13,0.00,38.30,27.82,49.40,11.64,33.01,16.77,96.80,52.00,38.00,0.00,5.17,7.37,69.33,27.24,31.70,0.00,0.00,25.95,7.65,10.92,0.00,0.00,0.00,34.62,72.59,7.69,27.82,68.00,30.80,10.57,12.71,18.98,31.46,7.93,49.76,52.96,39.41,16.77
BEL,Belgium,Europe & Central Asia,2014,Advanced,76.52,66.28,87.95,87.31,67.34,95.18,38.54,63.98,82.55,99.59,75.48,71.09,97.76,93.08,73.15,44.10,99.90,100.00,88.00,,20.91,29.02,65.69,61.14,68.23,,,92.60,83.56,81.53,72.49,100.00,99.19,63.22,63.22,100.00,71.09,100.00,95.52,92.91,93.26,81.17,67.72,39.24,86.38,81.48,87.25,44.10
BEL,Belgium,Europe & Central Asia,2015,Advanced,78.68,70.83,87.87,87.93,70.02,99.58,45.51,63.98,84.06,97.87,75.48,71.72,98.99,93.08,74.59,51.77,99.90,100.00,99.00,,24.36,37.09,75.08,61.14,68.23,,,94.07,85.03,83.09,74.06,100.00,95.74,63.22,63.22,100.00,71.72,100.00,97.98,92.91,93.26,81.68,69.37,41.66,88.59,81.48,89.70,51.77
BEL,Belgium,Europe & Central Asia,2016,Leader,81.31,74.14,87.71,91.50,73.45,100.00,53.35,63.98,83.47,98.07,75.48,83.70,99.28,91.53,76.96,59.43,100.00,100.00,100.00,,30.75,46.80,82.50,61.14,68.23,,,93.44,84.40,82.54,73.51,100.00,96.13,63.22,63.22,100.00,83.70,100.00,98.57,89.80,93.26,81.83,71.01,50.22,90.14,81.48,91.25,59.43
BEL,Belgium,Europe & Central Asia,2017,Leader,83.18,78.06,90.32,89.35,76.01,100.00,63.17,63.98,89.70,98.35,75.48,85.72,98.82,83.50,78.23,67.10,100.00,100.00,100.00,,42.75,61.77,84.99,61.14,68.23,,,99.59,90.55,88.86,79.82,100.00,96.70,63.22,63.22,100.00,85.72,100.00,97.63,92.98,74.03,81.94,73.35,55.18,91.77,81.48,88.25,67.10
BEL,Belgium,Europe & Central Asia,2018,Leader,84.90,81.79,88.23,91.06,79.07,100.00,72.48,63.98,88.25,94.59,75.48,82.25,99.18,91.76,78.49,81.40,100.00,100.00,100.00,,57.52,73.90,86.03,61.14,68.23,,,100.00,86.87,89.72,76.39,100.00,89.18,63.22,63.22,100.00,82.25,100.00,98.35,100.00,83.53,81.97,75.69,57.49,90.04,81.48,87.25,81.40
BEL,Belgium,Europe & Central Asia,2019,Leader,83.05,81.65,79.12,90.69,81.18,100.00,72.15,63.98,70.17,89.90,75.48,84.91,98.49,88.68,79.27,88.83,100.00,100.00,100.00,,58.72,75.25,82.47,61.14,68.23,,,80.45,70.36,69.98,59.88,95.57,84.23,63.22,63.22,100.00,84.91,100.00,96.98,93.27,84.09,82.04,70.79,62.59,90.36,81.48,89.00,88.83
BEL,Belgium,Europe & Central Asia,2020,Leader,85.94,82.83,83.50,93.73,84.13,100.00,75.10,63.98,71.02,100.00,75.48,84.95,98.51,97.73,81.11,96.25,100.00,100.00,100.00,,65.27,74.11,85.91,61.14,68.23,,,79.04,72.90,69.14,63.00,100.00,100.00,63.22,63.22,100.00,84.95,100.00,97.02,100.00,95.45,82.45,65.88,73.24,90.63,82.60,87.34,96.25
BEL,Belgium,Europe & Central Asia,2021,Leader,84.71,75.93,84.25,93.89,85.75,93.46,64.28,64.17,77.00,95.88,75.48,89.22,97.50,94.95,83.13,96.25,100.00,100.00,100.00,34.57,47.41,58.55,86.87,61.14,68.23,87.50,0.00,85.46,78.68,75.32,68.53,100.00,91.76,63.22,63.22,100.00,89.22,100.00,95.00,96.56,93.33,82.68,67.44,78.80,91.03,82.41,94.00,96.25
BEL,Belgium,Europe & Central Asia,2022,Leader,85.72,85.56,82.28,89.48,85.71,95.45,76.98,82.95,81.57,86.40,75.48,87.29,96.36,84.79,83.07,96.25,100.00,100.00,100.00,54.53,69.16,73.89,87.88,89.71,83.23,87.50,0.00,90.42,82.62,80.52,72.72,91.76,81.03,63.22,63.22,100.00,87.29,100.00,92.73,89.58,80.00,82.68,68.99,77.97,89.93,83.27,94.00,96.25
BEL,Belgium,Europe & Central Asia,2023,Leader,89.66,92.38,86.99,94.40,85.18,97.45,92.01,82.95,85.58,94.15,75.48,90.24,96.36,96.59,82.41,96.25,100.00,100.00,100.00,74.49,100.00,87.63,88.41,89.71,83.23,87.50,0.00,91.45,89.62,81.55,79.72,99.52,88.79,63.22,63.22,100.00,90.24,100.00,92.73,100.00,93.18,82.62,68.99,75.48,89.50,83.22,93.50,96.25
BEL,Belgium,Europe & Central Asia,2024,Leader,89.03,93.39,83.80,94.04,85.38,97.70,94.29,82.95,77.13,94.65,75.48,90.30,96.36,95.45,82.52,96.82,100.00,100.00,100.00,77.00,100.00,93.25,89.63,89.71,83.23,87.50,0.00,84.06,79.42,74.16,70.86,100.00,89.29,63.22,63.22,100.00,90.30,100.00,92.73,93.13,97.78,82.51,72.24,74.33,86.68,86.29,93.33,96.82
BEN,Benin,Sub-Saharan Africa,2014,Discoverer,21.78,22.43,26.94,23.96,15.53,29.20,2.37,49.04,20.06,12.08,70.44,27.96,42.22,1.69,15.02,17.60,98.00,24.00,0.00,,3.52,3.57,0.00,46.10,53.47,,,44.31,13.36,22.55,0.00,23.86,0.29,75.53,35.79,100.00,27.96,38.87,45.56,3.38,0.00,14.05,11.02,3.90,30.23,10.18,22.40,17.60
BEN,Benin,Sub-Saharan Africa,2015,Discoverer,23.53,26.86,24.80,24.29,18.94,38.96,3.67,49.04,17.60,9.13,70.52,28.90,42.28,1.69,20.16,14.03,98.00,38.41,10.00,,5.95,5.07,0.00,46.10,53.47,,,41.04,10.09,19.28,0.00,18.25,0.00,75.53,36.04,100.00,28.90,38.87,45.69,3.38,0.00,29.32,12.76,3.69,37.64,10.18,27.20,14.03
BEN,Benin,Sub-Saharan Africa,2016,Discoverer,25.84,30.56,27.53,26.34,20.13,47.85,4.02,49.04,20.14,13.47,70.42,35.98,43.05,0.00,22.55,10.47,98.00,56.23,14.40,,7.06,5.01,0.00,46.10,53.47,,,44.43,13.48,22.67,0.00,25.25,1.68,75.53,35.73,100.00,35.98,38.87,47.22,0.00,0.00,29.55,14.49,7.79,43.59,10.18,28.77,10.47
BEN,Benin,Sub-Saharan Africa,2017,Discoverer,31.53,41.65,33.88,32.87,21.30,54.56,25.05,49.04,32.49,17.00,70.43,37.18,42.42,19.02,24.90,6.90,98.00,73.00,14.40,,8.79,9.05,57.32,46.10,53.47,,,55.64,24.69,40.29,9.34,25.31,8.68,75.53,35.75,100.00,37.18,38.87,45.96,30.89,7.14,30.07,30.86,7.82,47.35,10.18,27.28,6.90
BEN,Benin,Sub-Saharan Africa,2018,Emerging,38.88,43.30,45.98,37.55,30.58,63.88,21.99,44.74,44.48,35.52,69.94,38.05,42.58,32.02,26.10,48.50,98.00,85.90,24.80,,7.08,11.26,47.63,41.71,49.27,,,52.16,52.16,36.80,36.80,43.83,27.20,75.53,34.29,100.00,38.05,42.40,42.75,54.95,9.09,30.00,47.22,9.90,42.96,10.18,27.65,48.50
BEN,Benin,Sub-Saharan Africa,2019,Emerging,35.82,49.72,29.12,33.26,34.19,72.72,29.20,44.74,21.24,16.32,70.46,38.84,44.27,16.67,26.67,64.28,98.00,89.39,43.40,,7.43,11.47,68.71,41.71,49.27,,,39.48,18.35,24.12,3.00,24.64,8.00,75.53,35.86,100.00,38.84,49.00,39.54,33.33,0.00,30.52,49.20,8.72,44.81,10.18,29.05,64.28
BEN,Benin,Sub-Saharan Africa,2020,Emerging,37.58,55.24,28.48,32.79,38.66,80.16,35.59,44.74,20.51,15.43,70.50,39.54,41.37,17.46,28.31,80.06,98.00,89.39,62.00,,12.22,19.24,75.30,41.71,49.27,,,35.92,18.91,22.10,5.09,22.92,7.95,75.53,35.97,100.00,39.54,46.42,36.33,34.92,0.00,30.82,51.18,12.27,46.58,12.00,28.53,80.06
BEN,Benin,Sub-Saharan Africa,2021,Emerging,40.47,53.74,38.62,33.11,39.02,77.80,38.72,35.64,23.85,37.71,69.99,40.34,38.48,20.53,28.76,80.06,98.00,91.00,79.00,0.00,9.56,21.63,84.98,41.71,49.27,0.00,0.00,41.32,20.19,27.50,6.38,45.19,30.22,75.53,34.44,100.00,40.34,43.83,33.12,36.51,4.55,31.58,51.82,12.33,47.83,11.80,28.70,80.06
BEN,Benin,Sub-Saharan Africa,2022,Emerging,40.95,56.56,35.93,35.62,38.86,81.80,41.79,35.64,25.27,39.25,50.60,41.26,42.25,23.36,28.56,80.06,98.00,93.00,87.00,0.00,11.71,26.51,87.15,41.71,49.27,0.00,0.00,42.74,21.61,28.92,7.80,46.73,31.76,58.16,34.44,59.18,41.26,51.38,33.12,31.73,15.00,31.08,52.45,9.61,48.95,12.95,28.00,80.06
BEN,Benin,Sub-Saharan Africa,2023,Emerging,38.71,59.01,25.43,37.29,40.14,85.40,44.31,35.64,20.07,17.94,51.13,42.31,42.25,27.31,30.15,80.06,98.00,96.00,93.00,0.00,16.05,32.51,84.36,41.71,49.27,0.00,0.00,30.87,23.08,17.06,9.26,25.43,10.46,58.16,36.04,59.18,42.31,51.38,33.12,46.50,8.11,31.46,52.45,15.47,47.28,16.34,28.00,80.06
BEN,Benin,Sub-Saharan Africa,2024,Emerging,40.97,61.66,26.73,40.90,41.78,87.37,48.95,35.64,22.30,18.96,51.13,43.76,42.25,36.69,29.34,91.54,98.00,97.00,95.00,7.69,22.41,39.77,84.67,41.71,49.27,0.00,0.00,35.44,25.40,21.62,6.74,26.45,11.48,58.16,36.04,59.18,43.76,51.38,33.12,64.29,9.09,31.63,52.02,16.53,41.01,17.32,28.35,91.54
BFA,Burkina Faso,Sub-Saharan Africa,2014,Discoverer,21.54,18.91,26.48,23.52,18.29,30.60,2.13,29.07,17.72,14.72,67.53,28.66,24.55,17.35,14.76,32.40,93.00,30.00,0.00,,3.68,2.73,0.00,22.86,38.40,,,29.30,19.47,15.97,6.14,21.94,7.50,73.73,28.87,100.00,28.66,35.00,14.10,18.92,15.79,1.09,29.92,1.63,31.55,17.18,14.83,32.40
BFA,Burkina Faso,Sub-Saharan Africa,2015,Discoverer,22.73,22.94,24.14,24.46,19.71,32.20,10.62,29.07,17.44,8.89,68.02,30.52,25.50,17.35,17.50,28.53,93.00,34.00,0.00,,5.61,4.68,21.58,22.86,38.40,,,29.01,19.19,15.68,5.86,16.11,1.67,73.73,30.33,100.00,30.52,36.00,15.01,18.92,15.79,12.98,24.38,2.05,34.01,17.18,18.18,28.53
BFA,Burkina Faso,Sub-Saharan Africa,2016,Discoverer,22.58,21.05,28.94,22.64,18.84,33.80,4.28,29.07,21.83,16.81,67.41,32.76,27.25,7.89,17.38,24.67,93.00,38.00,0.00,,3.67,4.96,4.21,22.86,38.40,,,33.41,23.58,20.08,10.25,24.03,9.59,73.73,28.51,100.00,32.76,37.00,17.50,0.00,15.79,13.18,18.84,3.22,34.69,17.18,18.47,24.67
BFA,Burkina Faso,Sub-Saharan Africa,2017,Discoverer,24.36,22.29,28.16,28.12,19.95,35.04,6.14,29.07,21.58,15.09,67.45,33.97,28.54,21.86,19.73,20.80,93.00,40.00,1.10,,5.08,7.53,5.80,22.86,38.40,,,35.24,25.42,17.74,7.92,24.57,5.61,73.73,28.61,100.00,33.97,38.00,19.08,43.72,0.00,13.16,36.16,4.18,37.24,17.18,17.64,20.80
BFA,Burkina Faso,Sub-Saharan Africa,2018,Discoverer,29.55,23.47,29.32,44.21,25.05,37.24,6.70,29.47,24.66,14.85,67.57,34.88,30.24,67.52,21.31,40.00,93.00,45.00,1.61,,5.52,8.27,6.33,23.43,38.53,,,40.47,26.36,22.97,8.86,24.33,5.37,73.73,28.99,100.00,34.88,39.00,21.49,65.81,69.23,12.49,53.47,5.80,35.23,17.18,18.21,40.00
BFA,Burkina Faso,Sub-Saharan Africa,2019,Discoverer,27.75,37.76,22.79,27.24,25.28,47.58,26.36,40.90,5.82,17.46,67.39,35.70,26.89,19.14,21.60,39.99,97.90,45.00,25.00,,8.03,16.17,54.89,42.48,38.53,,,18.04,4.71,0.54,0.00,26.94,7.98,73.73,28.43,100.00,35.70,30.00,23.78,38.27,0.00,12.96,49.97,7.43,36.21,17.18,18.52,39.99
BFA,Burkina Faso,Sub-Saharan Africa,2020,Discoverer,29.16,38.88,26.50,27.25,25.75,49.18,27.56,40.90,12.45,20.10,67.39,36.46,28.51,16.78,22.19,39.98,97.90,45.00,29.00,,11.72,20.64,50.32,42.48,38.53,,,28.18,8.28,13.35,0.00,28.13,12.07,73.73,28.43,100.00,36.46,33.48,23.54,33.56,0.00,12.90,46.47,9.07,36.64,19.99,18.26,39.98
BFA,Burkina Faso,Sub-Saharan Africa,2021,Discoverer,28.52,34.88,25.48,29.03,25.65,41.39,29.42,32.80,13.78,15.99,67.86,37.34,29.79,19.98,22.07,39.98,97.90,45.00,34.00,0.00,6.44,15.07,66.76,42.48,38.53,0.00,0.00,28.92,12.09,14.10,0.00,24.02,7.96,73.73,29.84,100.00,37.34,36.97,22.61,28.84,11.11,13.82,41.89,9.72,37.41,19.26,18.37,39.98
BFA,Burkina Faso,Sub-Saharan Africa,2022,Discoverer,32.23,45.69,29.77,30.78,25.78,62.59,35.24,32.80,14.96,25.97,67.00,38.32,31.61,22.41,22.23,39.98,97.90,77.00,55.00,0.00,7.42,17.63,80.67,42.48,38.53,0.00,0.00,30.50,13.67,15.67,0.00,34.00,17.93,73.73,27.28,100.00,38.32,40.92,22.30,44.81,0.00,13.93,37.30,8.93,38.80,21.78,18.15,39.98
BFA,Burkina Faso,Sub-Saharan Africa,2023,Discoverer,32.14,50.32,23.95,33.06,26.76,66.19,42.20,34.80,17.61,8.00,68.55,39.40,29.40,30.39,23.46,39.98,97.90,81.00,60.00,0.00,12.74,29.14,84.72,42.48,45.20,0.00,0.00,35.46,14.34,20.63,0.00,16.00,0.00,73.73,31.91,100.00,39.40,40.92,17.87,60.78,0.00,14.54,37.30,12.10,39.85,23.07,18.15,39.98
BFA,Burkina Faso,Sub-Saharan Africa,2024,Emerging,35.76,53.59,26.47,34.82,33.10,68.19,48.38,34.80,21.87,10.03,68.55,40.98,29.40,34.07,23.77,70.39,97.90,83.00,63.00,0.00,20.35,40.05,84.75,42.48,45.20,0.00,0.00,36.35,22.53,21.52,7.11,18.06,2.00,73.73,31.91,100.00,40.98,40.92,17.87,56.52,11.63,18.01,33.76,14.09,35.25,25.56,18.15,70.39
BGD,Bangladesh,South Asia,2014,Emerging,35.05,24.20,45.68,39.69,34.42,41.56,4.55,28.76,50.40,33.00,61.59,40.71,45.79,32.56,35.67,29.40,99.00,50.00,4.41,,3.00,5.63,5.03,28.57,29.03,,,67.72,45.48,55.33,33.09,39.71,26.29,84.78,0.00,100.00,40.71,61.00,30.58,65.12,0.00,25.21,34.65,6.50,46.52,65.25,35.10,29.40
BGD,Bangladesh,South Asia,2015,Emerging,39.54,32.26,47.65,41.16,38.63,50.58,15.69,28.76,54.23,32.07,65.65,42.28,48.64,32.56,39.02,37.07,99.00,71.00,5.94,,6.06,7.59,33.41,28.57,29.03,,,71.55,49.31,59.16,36.92,38.78,25.36,73.73,48.63,74.58,42.28,65.00,32.28,65.12,0.00,26.55,48.48,8.19,51.81,65.25,38.15,37.07
BGD,Bangladesh,South Asia,2016,Emerging,40.01,38.57,47.07,33.38,42.30,59.08,23.93,26.81,51.70,39.43,53.11,43.97,53.49,2.67,41.70,44.73,99.40,90.00,7.99,,9.09,10.44,52.27,25.33,29.03,,,69.02,46.77,56.62,34.38,46.14,32.72,63.22,45.70,50.41,43.97,73.00,33.98,5.35,0.00,26.83,62.32,13.68,55.19,65.25,32.76,44.73
BGD,Bangladesh,South Asia,2017,Emerging,43.08,42.54,52.44,33.26,46.43,61.22,31.72,26.81,65.02,42.58,46.99,45.44,54.34,0.00,44.93,52.40,99.47,92.55,10.76,,8.50,13.44,73.23,25.33,29.03,,,82.34,60.10,69.95,47.70,49.29,35.87,63.22,27.33,50.41,45.44,73.00,35.68,0.00,0.00,26.98,70.39,17.21,57.95,65.25,44.18,52.40
BGD,Bangladesh,South Asia,2018,Emerging,47.74,56.17,56.28,34.21,48.05,89.31,36.66,28.89,68.90,42.68,58.23,46.94,55.69,0.00,46.93,52.50,99.47,94.54,79.00,,10.62,22.25,77.11,25.33,34.23,,,81.05,69.15,68.66,56.75,49.40,35.97,100.00,28.74,45.95,46.94,74.00,37.38,0.00,0.00,29.70,78.47,19.44,54.96,65.25,52.16,52.50
BGD,Bangladesh,South Asia,2019,Emerging,47.57,59.62,48.15,35.81,49.83,95.32,39.28,28.89,61.54,44.47,28.74,48.44,57.84,1.16,45.56,66.89,99.60,95.40,93.10,,12.56,29.14,76.14,25.33,34.23,,,85.30,50.17,72.91,37.78,51.18,37.76,81.03,0.00,5.17,48.44,75.00,40.68,2.32,0.00,28.72,69.83,21.38,56.61,65.25,41.88,66.89
BGD,Bangladesh,South Asia,2020,Transitioner,51.46,62.08,49.58,42.22,53.96,97.84,42.91,28.89,65.01,48.40,21.07,49.98,58.79,17.89,47.14,81.27,99.60,97.40,97.40,,14.26,32.78,81.67,25.33,34.23,,,87.60,55.38,74.65,42.43,55.42,41.39,63.22,0.00,0.00,49.98,75.00,42.57,20.63,15.15,29.20,61.18,26.40,59.17,70.77,39.10,81.27
BGD,Bangladesh,South Asia,2021,Transitioner,50.09,56.94,47.57,42.12,55.17,88.44,41.07,25.67,69.56,44.08,10.56,52.07,60.23,14.06,48.64,81.27,99.62,98.10,98.10,0.00,10.06,31.13,82.02,25.33,43.33,0.00,0.00,89.47,62.60,76.52,49.65,51.09,37.07,31.68,0.00,0.00,52.07,76.00,44.46,24.72,3.39,29.42,63.20,28.81,60.16,70.00,46.45,81.27
BGD,Bangladesh,South Asia,2022,Transitioner,52.30,60.81,47.17,46.72,55.82,88.60,45.83,35.17,72.95,39.69,10.56,54.22,61.73,24.21,49.46,81.27,99.63,98.30,98.30,0.00,12.58,41.70,83.20,25.33,75.00,0.00,0.00,92.85,65.99,79.91,53.04,46.71,32.68,31.68,0.00,0.00,54.22,79.00,44.46,34.44,13.99,29.40,65.21,25.82,61.47,70.32,55.30,81.27
BGD,Bangladesh,South Asia,2023,Transitioner,53.21,63.49,47.33,48.04,55.53,88.84,52.31,35.17,76.15,36.89,10.56,56.44,61.73,25.94,49.09,81.27,99.63,98.60,98.60,0.00,20.54,49.64,86.75,25.33,75.00,0.00,0.00,90.00,75.25,77.05,62.30,43.90,29.88,31.68,0.00,0.00,56.44,79.00,44.46,31.68,20.20,29.35,65.21,29.97,60.52,70.45,45.16,81.27
BGD,Bangladesh,South Asia,2024,Transitioner,53.29,69.05,40.22,49.24,58.99,89.13,65.90,35.17,58.61,36.66,10.56,58.16,61.73,27.84,49.49,96.96,99.64,98.96,98.96,0.00,35.98,71.61,90.12,25.33,75.00,0.00,0.00,73.70,56.02,60.75,43.97,43.67,29.64,31.68,0.00,0.00,58.16,79.00,44.46,33.26,22.43,29.95,73.74,33.46,55.84,72.85,36.99,96.96
BGR,Bulgaria,Europe & Central Asia,2014,Transitioner,59.61,43.23,62.27,83.65,56.09,70.61,20.70,33.53,68.72,48.06,77.78,69.32,81.62,100.00,59.08,44.10,99.99,99.88,26.65,,8.71,8.87,44.52,32.00,35.83,,,76.50,76.50,60.93,60.93,56.49,39.62,66.67,66.67,100.00,69.32,98.00,65.23,100.00,100.00,66.66,23.62,29.97,85.54,80.15,42.59,44.10
BGR,Bulgaria,Europe & Central Asia,2015,Transitioner,63.49,51.99,61.57,84.33,60.17,82.78,30.10,34.20,67.55,47.49,77.78,70.62,82.36,100.00,63.04,48.70,99.99,99.95,57.00,,13.61,15.29,61.41,32.00,37.50,,,75.84,75.84,59.27,59.27,56.47,38.52,66.67,66.67,100.00,70.62,98.00,66.72,100.00,100.00,67.99,40.07,34.35,88.70,80.15,47.96,48.70
BGR,Bulgaria,Europe & Central Asia,2016,Advanced,67.97,61.95,63.59,84.85,63.85,94.70,42.75,34.87,70.62,49.46,77.78,74.39,82.03,98.13,66.48,53.30,99.99,100.00,86.75,,21.04,30.19,77.00,32.00,39.17,,,79.19,79.19,62.04,62.04,58.75,40.18,66.67,66.67,100.00,74.39,98.00,66.06,96.25,100.00,68.63,56.52,40.20,91.21,80.15,47.92,53.30
BGR,Bulgaria,Europe & Central Asia,2017,Advanced,69.89,66.66,63.50,84.45,66.74,99.73,49.49,34.87,68.71,51.14,77.78,77.54,81.17,94.64,68.95,57.90,99.99,100.00,99.34,,25.80,40.49,82.16,32.00,39.17,,,77.11,77.11,60.31,60.31,60.24,42.04,66.67,66.67,100.00,77.54,98.00,64.34,100.00,89.29,68.85,66.46,44.76,93.79,80.15,47.99,57.90
BGR,Bulgaria,Europe & Central Asia,2018,Advanced,71.69,69.10,62.62,85.73,71.19,100.00,55.31,34.87,70.02,47.64,77.78,80.16,80.54,96.50,70.96,72.10,100.00,100.00,100.00,,33.95,48.31,83.67,32.00,39.17,,,78.54,78.54,61.51,61.51,56.86,38.41,66.67,66.67,100.00,80.16,98.00,63.07,96.34,96.67,69.78,76.39,49.40,93.08,80.15,48.41,72.10
BGR,Bulgaria,Europe & Central Asia,2019,Advanced,71.25,71.42,57.39,87.44,71.90,100.00,61.13,34.87,64.38,40.21,77.78,82.29,80.02,100.00,72.44,69.74,100.00,100.00,100.00,,43.31,56.09,83.98,32.00,39.17,,,72.78,72.78,55.98,55.98,49.31,31.11,66.67,66.67,100.00,82.29,98.00,62.05,100.00,100.00,70.24,76.73,53.54,93.52,80.15,52.72,69.74
BGR,Bulgaria,Europe & Central Asia,2020,Advanced,75.22,75.19,66.98,87.00,73.05,100.00,70.55,34.87,64.75,63.81,77.78,82.88,79.19,98.93,74.47,67.38,100.00,100.00,100.00,,63.06,62.94,85.66,32.00,39.17,,,73.07,72.90,56.61,56.44,72.72,54.89,66.67,66.67,100.00,82.88,98.00,60.37,98.77,99.10,70.75,77.06,60.10,93.99,81.71,54.51,67.38
BGR,Bulgaria,Europe & Central Asia,2021,Advanced,76.89,72.14,76.15,86.72,73.36,95.76,62.09,45.00,70.18,81.30,77.78,83.42,78.44,98.31,74.85,67.38,100.00,100.00,100.00,57.62,47.65,51.20,87.41,32.00,59.17,75.00,0.00,80.67,76.02,64.33,59.68,90.16,72.45,66.67,66.67,100.00,83.42,98.00,58.87,97.53,99.10,71.26,73.99,63.10,94.04,83.41,50.91,67.38
BGR,Bulgaria,Europe & Central Asia,2022,Advanced,78.42,84.01,74.65,82.88,72.78,97.73,88.45,47.67,75.07,72.67,77.78,83.76,77.86,87.04,74.12,67.38,100.00,100.00,100.00,77.34,94.72,80.79,89.84,32.00,59.17,75.00,53.33,82.80,82.80,67.34,67.34,81.04,64.29,66.67,66.67,100.00,83.76,98.00,57.71,96.30,77.78,71.50,70.92,64.84,93.60,82.42,45.60,67.38
BGR,Bulgaria,Europe & Central Asia,2023,Leader,81.89,93.55,76.31,86.66,72.68,98.49,97.26,76.24,77.07,74.83,77.78,83.95,77.86,98.17,74.00,67.38,100.00,100.00,100.00,84.88,100.00,100.00,91.78,89.14,59.17,75.00,53.33,84.80,84.80,69.33,69.33,83.20,66.45,66.67,66.67,100.00,83.95,98.00,57.71,96.34,100.00,71.84,70.92,64.10,92.95,82.49,46.37,67.38
BGR,Bulgaria,Europe & Central Asia,2024,Leader,81.05,93.80,74.32,83.61,74.03,98.90,97.49,76.24,69.98,76.94,77.78,84.47,77.86,88.51,73.90,74.56,100.00,100.00,100.00,89.00,100.00,100.00,92.48,89.14,59.17,75.00,53.33,82.38,73.01,66.91,57.63,85.31,68.56,66.67,66.67,100.00,84.47,98.00,57.71,89.36,87.65,71.94,77.27,64.77,90.32,83.92,39.83,74.56
BHR,Bahrain,Middle East & North Africa,2014,Transitioner,62.07,55.57,68.04,76.97,51.01,100.00,19.92,38.00,67.85,52.24,100.00,57.78,80.15,92.98,56.41,29.40,100.00,100.00,100.00,,8.74,9.48,41.55,33.33,45.00,,,76.69,76.69,59.01,59.01,61.81,42.66,100.00,100.00,100.00,57.78,97.10,63.19,96.60,89.36,54.55,93.70,40.40,78.80,34.69,53.52,29.40
BHR,Bahrain,Middle East & North Africa,2015,Transitioner,63.58,58.97,66.05,77.01,54.48,100.00,28.43,38.00,65.41,49.73,100.00,58.66,79.40,92.98,59.31,35.17,100.00,100.00,100.00,,12.42,18.02,54.85,33.33,45.00,,,74.60,74.60,56.21,56.21,59.69,39.76,100.00,100.00,100.00,58.66,97.10,61.70,96.60,89.36,56.38,88.15,44.74,85.47,34.69,62.40,35.17
BHR,Bahrain,Middle East & North Africa,2016,Advanced,66.86,62.68,64.96,83.59,58.71,100.00,37.69,38.00,58.66,53.74,100.00,71.10,84.99,94.68,63.16,40.93,100.00,100.00,100.00,,13.98,27.16,71.94,33.33,45.00,,,67.80,67.80,49.52,49.52,63.64,43.84,100.00,100.00,100.00,71.10,97.10,72.89,100.00,89.36,56.41,82.61,61.40,88.26,34.69,67.42,40.93
BHR,Bahrain,Middle East & North Africa,2017,Advanced,69.01,65.56,64.97,86.57,61.50,100.00,44.90,38.00,59.36,53.07,100.00,74.64,85.07,100.00,65.21,46.70,100.00,100.00,100.00,,17.02,35.78,81.89,33.33,45.00,,,68.58,68.58,50.13,50.13,63.06,43.08,100.00,100.00,100.00,74.64,97.40,72.74,100.00,100.00,55.13,81.23,74.72,89.48,34.69,62.75,46.70
BHR,Bahrain,Middle East & North Africa,2018,Advanced,67.86,67.96,62.22,79.65,62.96,100.00,50.89,38.00,60.57,44.97,100.00,78.35,85.17,75.43,64.08,58.50,100.00,100.00,100.00,,21.94,45.72,85.01,33.33,45.00,,,69.75,69.75,51.40,51.40,54.91,35.04,100.00,100.00,100.00,78.35,97.50,72.84,100.00,50.86,55.03,79.86,73.79,85.46,34.69,63.00,58.50
BHR,Bahrain,Middle East & North Africa,2019,Advanced,71.27,77.47,54.77,89.09,68.25,100.00,61.45,64.48,60.33,26.59,100.00,82.04,85.24,100.00,68.27,68.18,100.00,100.00,100.00,,35.45,62.27,86.62,61.90,68.33,,,69.47,69.47,51.19,51.19,36.49,16.69,100.00,100.00,100.00,82.04,97.63,72.86,100.00,100.00,55.84,79.34,93.88,84.70,34.69,65.08,68.18
BHR,Bahrain,Middle East & North Africa,2020,Advanced,78.99,81.88,74.39,89.99,71.04,100.00,72.46,64.48,56.13,79.86,100.00,83.37,86.59,100.00,69.33,77.86,100.00,100.00,100.00,,57.41,68.95,91.04,61.90,68.33,,,65.27,65.27,46.98,46.98,89.77,69.95,100.00,100.00,100.00,83.37,97.75,75.43,100.00,100.00,56.71,78.82,100.00,85.70,34.69,60.25,77.86
BHR,Bahrain,Middle East & North Africa,2021,Advanced,77.72,80.30,73.39,85.87,72.10,100.00,69.41,62.70,57.54,75.92,100.00,84.11,86.49,87.01,70.66,77.86,100.00,100.00,100.00,100.00,54.31,61.84,92.07,61.90,68.33,75.00,0.00,66.66,66.66,48.43,48.43,85.80,66.05,100.00,100.00,100.00,84.11,97.88,75.11,100.00,74.02,57.47,77.03,100.00,88.10,34.69,69.00,77.86
BHR,Bahrain,Middle East & North Africa,2022,Advanced,79.96,90.45,72.99,86.17,71.86,100.00,94.78,62.70,59.01,73.46,100.00,84.47,86.40,87.65,70.36,77.86,100.00,100.00,100.00,100.00,100.00,91.00,93.34,61.90,68.33,75.00,0.00,68.15,68.15,49.88,49.88,83.36,63.56,100.00,100.00,100.00,84.47,98.00,74.80,100.00,75.29,57.23,75.23,98.72,88.77,34.96,69.00,77.86
BHR,Bahrain,Middle East & North Africa,2023,Leader,81.25,91.77,74.03,90.40,70.95,100.00,98.06,62.70,58.34,76.73,100.00,84.97,86.24,100.00,69.22,77.86,100.00,100.00,100.00,100.00,100.00,100.00,94.19,61.90,68.33,75.00,0.00,67.44,67.44,49.24,49.24,86.59,66.87,100.00,100.00,100.00,84.97,98.00,74.48,100.00,100.00,57.73,75.23,94.23,88.27,35.77,65.00,77.86
BHR,Bahrain,Middle East & North Africa,2024,Leader,82.30,91.81,75.99,89.52,73.47,100.00,98.18,62.70,63.43,76.55,100.00,85.42,86.24,96.91,67.35,97.94,100.00,100.00,100.00,100.00,100.00,100.00,94.53,61.90,68.33,75.00,0.00,75.07,70.86,56.87,50.92,86.41,66.69,100.00,100.00,100.00,85.42,98.00,74.48,100.00,93.81,57.54,90.31,79.09,84.78,37.82,64.76,97.94
BHS,Bahamas,Latin America & Caribbean,2014,Transitioner,55.54,38.07,72.32,78.06,44.27,68.20,17.63,18.67,55.09,75.71,100.00,64.34,69.85,100.00,51.66,14.70,99.00,66.00,55.00,,7.98,10.08,34.84,23.33,11.67,,,65.38,62.16,50.29,42.53,86.34,65.07,100.00,100.00,100.00,64.34,97.00,42.69,100.00,100.00,72.43,33.86,39.91,61.82,17.23,100.00,14.70
BHS,Bahamas,Latin America & Caribbean,2015,Transitioner,62.71,59.30,74.42,74.83,46.83,99.00,30.58,37.33,57.44,78.61,100.00,54.57,69.91,100.00,54.95,14.37,99.00,99.00,99.00,,13.60,15.42,62.74,46.67,23.33,,,71.49,63.15,51.59,43.54,89.24,67.99,100.00,100.00,100.00,54.57,97.00,42.81,100.00,100.00,77.26,38.31,43.11,68.00,17.23,100.00,14.37
BHS,Bahamas,Latin America & Caribbean,2016,Advanced,65.59,66.85,73.58,76.53,49.17,99.00,49.45,37.33,57.11,76.83,100.00,59.62,69.97,100.00,57.96,14.03,99.00,99.00,99.00,,22.56,46.87,78.91,46.67,23.33,,,72.89,63.07,49.13,43.34,87.52,66.14,100.00,100.00,100.00,59.62,97.00,42.93,100.00,100.00,79.66,42.75,50.31,71.20,17.23,100.00,14.03
BHS,Bahamas,Latin America & Caribbean,2017,Advanced,68.47,72.73,75.81,77.45,51.47,99.00,64.15,37.33,63.00,76.52,100.00,62.32,70.03,100.00,60.92,13.70,99.00,99.00,99.00,,33.17,70.85,88.44,46.67,23.33,,,76.15,67.97,59.71,48.16,87.25,65.79,100.00,100.00,100.00,62.32,97.00,43.05,100.00,100.00,79.65,56.45,54.94,74.54,17.23,100.00,13.70
BHS,Bahamas,Latin America & Caribbean,2018,Advanced,69.27,71.15,78.48,78.22,52.71,99.00,60.21,37.33,69.62,76.59,100.00,64.58,70.09,100.00,62.21,14.70,99.00,99.00,99.00,,30.84,61.57,88.24,46.67,23.33,,,83.89,75.85,63.10,55.62,87.55,65.63,100.00,100.00,100.00,64.58,97.00,43.18,100.00,100.00,79.79,70.14,54.56,74.39,17.23,100.00,14.70
BHS,Bahamas,Latin America & Caribbean,2019,Advanced,68.94,71.63,74.37,78.89,53.75,99.00,61.41,37.33,59.86,77.26,97.62,66.43,70.24,100.00,63.68,14.04,99.00,99.00,99.00,,32.57,66.74,84.92,46.67,23.33,,,76.25,63.67,56.05,43.47,88.20,66.31,96.43,96.43,100.00,66.43,97.00,43.48,100.00,100.00,80.06,68.90,60.93,75.76,17.23,100.00,14.04
BHS,Bahamas,Latin America & Caribbean,2020,Advanced,68.06,73.83,68.04,78.81,54.18,99.00,66.92,37.33,52.14,69.14,97.62,68.25,70.39,97.80,64.38,13.37,99.00,99.00,99.00,,41.70,70.62,88.43,46.67,23.33,,,70.90,58.32,45.96,33.38,82.65,55.63,96.43,96.43,100.00,68.25,97.00,43.78,95.60,100.00,80.03,67.65,63.02,78.92,16.12,100.00,13.37
BHS,Bahamas,Latin America & Caribbean,2021,Advanced,66.88,64.24,70.72,80.41,54.76,89.10,56.32,30.33,54.52,73.48,97.62,70.68,70.54,100.00,65.11,13.37,99.00,99.00,99.00,0.00,29.04,50.47,89.45,46.67,23.33,0.00,0.00,71.74,59.16,49.87,37.29,85.32,61.63,96.43,96.43,100.00,70.68,97.00,44.08,100.00,100.00,82.59,64.90,67.07,77.48,15.99,100.00,13.37
BHS,Bahamas,Latin America & Caribbean,2022,Advanced,68.29,64.17,78.92,81.04,52.98,89.10,56.15,30.33,57.94,89.37,100.00,72.57,70.54,100.00,62.89,13.37,99.00,99.00,99.00,0.00,30.21,49.15,89.09,46.67,23.33,0.00,0.00,74.28,61.70,54.18,41.60,100.00,78.73,100.00,100.00,100.00,72.57,97.00,44.08,100.00,100.00,82.63,62.14,57.83,76.73,16.18,100.00,13.37
BHS,Bahamas,Latin America & Caribbean,2023,Advanced,68.65,64.82,79.82,81.47,52.68,89.10,57.79,30.33,59.40,90.15,100.00,74.47,70.54,99.39,62.51,13.37,99.00,99.00,99.00,0.00,31.23,52.93,89.22,46.67,23.33,0.00,0.00,75.75,63.17,55.62,43.04,100.00,80.30,100.00,100.00,100.00,74.47,97.00,44.08,100.00,98.79,82.20,62.14,57.92,74.40,16.94,100.00,13.37
BHS,Bahamas,Latin America & Caribbean,2024,Advanced,70.22,67.95,80.04,81.25,55.02,94.66,60.05,30.33,59.76,90.35,100.00,75.73,70.54,97.49,60.27,34.00,99.00,99.00,99.00,55.55,33.16,56.43,90.57,46.67,23.33,0.00,0.00,76.10,63.52,55.99,43.41,100.00,80.70,100.00,100.00,100.00,75.73,97.00,44.08,95.72,99.27,84.54,54.02,59.12,66.01,14.67,100.00,34.00
BIH,Bosnia and Herzegovina,Europe & Central Asia,2014,Emerging,48.00,34.14,47.67,73.62,44.28,55.60,17.48,24.56,35.95,40.78,84.90,62.30,77.49,81.06,50.96,17.60,99.80,89.10,0.00,,5.16,8.85,38.42,22.29,27.97,,,50.01,38.83,32.01,22.96,49.38,32.19,77.35,77.35,100.00,62.30,99.00,55.98,62.12,100.00,51.54,28.35,31.01,61.29,79.14,35.25,17.60
BIH,Bosnia and Herzegovina,Europe & Central Asia,2015,Transitioner,50.41,36.45,53.39,72.33,45.88,56.42,22.43,24.56,50.47,40.55,84.90,58.33,77.59,81.06,53.45,15.60,99.80,91.14,0.00,,6.65,8.79,51.84,22.29,27.97,,,68.79,53.29,42.37,37.44,49.14,31.96,77.35,77.35,100.00,58.33,99.00,56.18,62.12,100.00,53.02,36.64,34.26,64.90,79.14,35.25,15.60
BIH,Bosnia and Herzegovina,Europe & Central Asia,2016,Transitioner,54.30,39.99,54.97,83.06,47.60,56.51,31.19,24.56,52.59,42.39,84.90,75.64,77.52,96.03,56.10,13.60,100.00,91.28,0.00,,10.92,11.06,71.58,22.29,27.97,,,69.33,54.17,48.48,38.39,50.93,33.84,77.35,77.35,100.00,75.64,99.00,56.04,92.06,100.00,54.00,44.93,40.46,66.82,79.14,35.25,13.60
BIH,Bosnia and Herzegovina,Europe & Central Asia,2017,Transitioner,54.99,41.69,55.59,81.72,48.27,56.80,35.16,24.56,53.32,43.22,84.90,78.88,77.52,88.76,57.43,11.60,100.00,92.00,0.00,,12.48,11.93,81.05,22.29,27.97,,,67.91,55.18,50.86,39.33,51.80,34.63,77.35,77.35,100.00,78.88,99.00,56.03,77.53,100.00,54.43,43.99,43.86,70.11,79.14,35.25,11.60
BIH,Bosnia and Herzegovina,Europe & Central Asia,2018,Transitioner,56.66,42.35,56.68,85.76,50.08,58.00,35.59,24.56,54.22,45.04,84.90,81.59,77.53,98.17,57.49,20.40,100.00,95.00,0.00,,12.33,12.33,82.11,22.29,27.97,,,69.02,56.47,50.70,40.69,53.59,36.49,77.35,77.35,100.00,81.59,99.00,56.05,96.34,100.00,55.11,43.06,44.37,69.69,79.14,35.25,20.40
BIH,Bosnia and Herzegovina,Europe & Central Asia,2019,Transitioner,61.74,61.08,54.47,83.06,52.58,85.05,42.20,50.90,48.66,45.06,84.90,83.75,77.35,88.08,59.49,24.92,100.00,95.00,67.62,,17.61,24.11,84.87,50.86,50.97,,,56.50,56.50,40.83,40.83,53.55,36.58,77.35,77.35,100.00,83.75,99.00,55.71,81.88,94.29,55.39,48.30,49.48,71.68,79.14,35.25,24.92
BIH,Bosnia and Herzegovina,Europe & Central Asia,2020,Transitioner,63.41,66.19,54.68,80.11,55.75,90.88,49.14,50.90,49.28,44.98,84.90,84.29,76.88,79.14,62.32,29.44,100.00,95.00,82.19,,23.25,35.66,88.52,50.86,50.97,,,57.05,57.05,41.51,41.51,53.40,36.56,77.35,77.35,100.00,84.29,99.00,54.76,78.66,79.62,55.86,53.53,53.21,74.62,83.55,35.25,29.44
BIH,Bosnia and Herzegovina,Europe & Central Asia,2021,Transitioner,62.77,60.06,57.08,79.48,56.97,84.00,45.80,40.72,51.18,49.05,84.90,84.67,76.24,77.53,63.85,29.44,100.00,95.00,90.00,0.00,16.62,32.90,87.88,50.86,50.97,0.00,0.00,58.96,58.96,43.41,43.41,57.48,40.63,77.35,77.35,100.00,84.67,99.00,53.48,75.44,79.62,56.98,51.26,61.65,75.83,80.90,36.50,29.44
BIH,Bosnia and Herzegovina,Europe & Central Asia,2022,Transitioner,63.23,63.21,57.61,78.71,55.77,84.30,53.38,40.72,51.92,49.67,84.90,84.95,76.32,74.88,62.35,29.44,100.00,95.20,90.55,0.00,21.35,49.69,89.10,50.86,50.97,0.00,0.00,59.69,59.69,44.14,44.14,58.09,41.25,77.35,77.35,100.00,84.95,99.00,53.63,72.22,77.53,56.77,48.98,54.30,76.25,81.95,36.00,29.44
BIH,Bosnia and Herzegovina,Europe & Central Asia,2023,Advanced,67.79,69.06,62.30,84.50,58.07,87.56,64.73,40.72,61.14,52.16,84.90,85.32,76.32,91.87,65.23,29.44,100.00,98.00,94.00,7.62,31.94,72.14,90.09,50.86,50.97,0.00,0.00,68.93,68.93,53.36,53.36,60.59,43.73,77.35,77.35,100.00,85.32,99.00,53.63,92.83,90.91,57.41,48.98,67.44,76.21,82.36,36.50,29.44
BIH,Bosnia and Herzegovina,Europe & Central Asia,2024,Advanced,67.67,71.53,60.18,83.19,58.56,90.43,68.04,40.72,54.91,53.10,84.90,85.79,76.32,87.47,64.79,33.61,100.00,98.50,97.00,22.31,37.75,76.01,90.35,50.86,50.97,0.00,0.00,62.69,62.69,47.12,47.12,61.53,44.67,77.35,77.35,100.00,85.79,99.00,53.63,82.08,92.86,57.73,50.03,63.00,73.11,85.82,38.57,33.61
BLR,Belarus,Europe & Central Asia,2014,Transitioner,55.31,34.84,66.01,82.16,49.55,56.78,17.65,25.32,71.79,57.65,71.16,73.08,84.65,88.75,57.53,17.60,99.90,92.00,0.00,,7.26,8.32,37.37,24.38,26.73,,,82.58,72.08,70.82,61.68,63.28,52.02,66.67,46.83,100.00,73.08,99.80,69.50,96.17,81.33,57.61,32.28,19.97,73.66,88.76,63.06,17.60
BLR,Belarus,Europe & Central Asia,2015,Transitioner,60.27,45.82,61.76,82.92,56.23,61.56,27.86,50.25,65.59,53.24,71.16,75.93,84.09,88.75,62.42,31.47,99.80,94.00,10.00,,10.68,11.56,61.34,52.95,46.20,,,74.82,65.91,65.52,56.09,58.56,47.91,66.67,46.83,100.00,75.93,99.80,68.37,96.17,81.33,57.57,40.42,32.77,77.18,88.76,71.18,31.47
BLR,Belarus,Europe & Central Asia,2016,Transitioner,62.29,53.83,57.76,80.24,60.34,68.28,41.18,50.25,67.51,50.76,52.28,68.41,83.57,88.75,64.09,45.33,99.90,100.00,20.74,,17.44,26.68,79.41,52.95,46.20,,,76.01,66.20,71.22,56.61,55.95,45.56,50.00,46.83,60.00,68.41,99.80,67.34,96.17,81.33,57.68,48.55,31.82,80.44,88.76,74.92,45.33
BLR,Belarus,Europe & Central Asia,2017,Advanced,66.59,61.26,58.93,83.17,65.49,76.36,51.66,50.25,68.25,52.93,52.28,71.29,83.31,94.92,67.07,59.20,99.90,99.75,41.21,,20.48,47.28,87.21,52.95,46.20,,,77.82,66.72,71.38,57.06,58.17,47.70,50.00,46.83,60.00,71.29,99.80,66.82,100.00,89.83,57.77,61.08,39.66,82.29,88.76,72.60,59.20
BLR,Belarus,Europe & Central Asia,2018,Advanced,66.74,64.35,59.62,80.18,64.51,85.15,50.59,50.25,68.44,54.48,52.28,73.81,82.68,84.06,66.18,57.80,99.90,99.79,63.14,,17.27,48.80,85.69,52.95,46.20,,,75.33,68.49,70.86,59.06,59.59,49.38,50.00,46.83,60.00,73.81,99.80,65.55,89.01,79.10,58.20,73.61,32.37,80.26,88.76,69.04,57.80
BLR,Belarus,Europe & Central Asia,2019,Advanced,67.14,65.55,59.12,80.80,64.89,86.96,51.80,50.25,65.82,55.85,52.28,75.90,81.63,84.87,67.57,54.19,99.90,99.79,67.65,,18.90,50.35,86.16,52.95,46.20,,,70.61,70.61,61.02,61.02,61.04,50.66,50.00,46.83,60.00,75.90,100.00,63.25,92.59,77.14,58.60,72.10,37.17,81.81,88.76,70.93,54.19
BLR,Belarus,Europe & Central Asia,2020,Advanced,68.90,68.78,59.80,84.50,64.84,92.87,53.95,50.25,68.14,55.21,52.28,76.51,80.69,96.30,68.41,50.57,99.90,100.00,82.23,,22.60,53.13,86.12,52.95,46.20,,,72.74,72.74,63.54,63.54,60.19,50.23,50.00,46.83,60.00,76.51,100.00,61.38,92.59,100.00,58.78,70.59,38.69,83.49,90.94,69.72,50.57
BLR,Belarus,Europe & Central Asia,2021,Advanced,67.98,62.87,61.18,84.52,65.69,87.99,49.03,40.34,68.51,58.31,52.28,77.03,80.22,96.30,69.47,50.57,99.90,100.00,95.00,0.00,16.48,43.34,87.27,52.95,46.20,0.00,0.00,73.10,73.10,63.91,63.91,63.29,53.33,50.00,46.83,60.00,77.03,100.00,60.45,92.59,100.00,58.90,61.81,43.56,84.88,93.65,70.88,50.57
BLR,Belarus,Europe & Central Asia,2022,Advanced,66.93,64.23,56.42,84.59,65.46,89.19,51.22,40.34,70.16,46.56,48.68,77.48,79.98,96.30,69.18,50.57,99.90,100.00,98.00,0.00,17.18,49.56,86.93,52.95,46.20,0.00,0.00,74.76,74.76,65.56,65.56,51.54,41.58,46.83,46.83,52.38,77.48,100.00,59.96,92.59,100.00,59.85,53.02,44.91,85.19,94.20,70.50,50.57
BLR,Belarus,Europe & Central Asia,2023,Advanced,68.19,66.86,56.67,84.47,67.56,89.44,57.55,40.34,71.23,46.12,48.68,77.87,79.25,96.30,71.81,50.57,99.90,100.00,98.00,2.45,25.83,59.92,86.89,52.95,46.20,0.00,0.00,75.82,75.82,66.63,66.63,51.10,41.14,46.83,46.83,52.38,77.87,100.00,58.49,92.59,100.00,59.49,53.02,58.07,85.84,94.25,69.75,50.57
BLR,Belarus,Europe & Central Asia,2024,Advanced,70.47,69.52,58.66,84.83,71.28,90.55,63.08,40.34,72.95,46.04,55.29,78.94,79.25,96.30,73.72,61.53,99.90,99.90,99.00,10.00,32.78,68.05,88.41,52.95,46.20,0.00,0.00,77.55,77.55,68.35,68.35,51.02,41.06,46.83,66.67,52.38,78.94,100.00,58.49,92.59,100.00,58.66,57.60,67.44,84.81,94.96,67.86,61.53
BLZ,Belize,Latin America & Caribbean,2014,Transitioner,50.17,29.49,55.98,70.58,54.39,45.80,13.20,29.44,38.14,61.90,79.84,50.39,70.71,90.64,63.58,17.60,89.00,69.99,0.00,,6.39,3.74,29.47,41.87,10.80,,,46.77,46.77,29.51,29.51,71.25,52.55,94.44,45.06,100.00,50.39,90.92,50.50,81.27,100.00,80.55,37.80,24.71,79.09,69.64,90.06,17.60
BLZ,Belize,Latin America & Caribbean,2015,Transitioner,53.29,35.19,56.77,71.13,56.78,58.10,15.14,29.44,38.20,63.79,79.84,52.09,70.67,90.64,66.53,17.80,89.00,75.76,25.00,,6.73,4.19,34.49,41.87,10.80,,,46.84,46.84,29.56,29.56,73.15,54.43,94.44,45.06,100.00,52.09,90.92,50.42,81.27,100.00,81.69,34.84,33.00,83.58,69.64,94.61,17.80
BLZ,Belize,Latin America & Caribbean,2016,Transitioner,57.39,45.79,56.14,72.36,58.33,69.36,30.40,29.44,38.24,62.18,79.84,55.56,70.88,90.64,68.41,18.00,88.90,82.01,46.94,,11.15,12.77,67.27,41.87,10.80,,,46.87,46.87,29.61,29.61,71.53,52.84,94.44,45.06,100.00,55.56,90.92,50.85,81.27,100.00,81.38,31.88,43.13,84.70,69.64,94.55,18.00
BLZ,Belize,Latin America & Caribbean,2017,Transitioner,60.31,53.19,55.65,73.98,60.43,79.98,38.26,29.44,38.09,61.11,79.84,58.16,73.15,90.64,70.99,18.20,90.00,88.77,66.19,,13.51,21.49,79.78,41.87,10.80,,,46.72,46.72,29.47,29.47,70.46,51.77,94.44,45.06,100.00,58.16,90.92,55.38,81.27,100.00,81.30,32.61,52.86,87.79,69.64,94.11,18.20
BLZ,Belize,Latin America & Caribbean,2018,Transitioner,60.81,58.22,52.87,74.41,59.72,88.62,42.22,29.44,31.44,60.81,79.84,60.41,72.18,90.64,71.42,12.90,90.00,96.09,80.45,,16.72,29.01,80.93,41.87,10.80,,,40.08,40.08,22.80,22.80,70.17,51.45,94.44,45.06,100.00,60.41,90.92,53.44,81.27,100.00,81.14,33.33,54.46,88.13,69.64,94.15,12.90
BLZ,Belize,Latin America & Caribbean,2019,Transitioner,62.40,63.25,53.19,75.13,59.97,96.80,46.60,29.44,31.56,61.49,79.84,62.40,72.36,90.64,72.07,11.60,96.00,98.00,96.00,,19.23,36.29,84.28,41.87,10.80,,,40.19,40.19,22.93,22.93,70.84,52.14,94.44,45.06,100.00,62.40,90.92,53.79,81.27,100.00,79.03,29.90,60.55,89.17,69.64,93.99,11.60
BLZ,Belize,Latin America & Caribbean,2020,Transitioner,61.66,63.71,50.44,74.51,60.37,97.20,47.34,29.44,28.08,58.11,79.84,64.41,72.41,86.71,72.89,10.29,98.00,98.00,96.00,,21.72,36.92,83.39,41.87,10.80,,,36.71,36.71,19.45,19.45,67.46,48.76,94.44,45.06,100.00,64.41,90.92,53.90,81.27,92.15,78.98,26.47,64.69,89.86,70.78,93.83,10.29
BLZ,Belize,Latin America & Caribbean,2021,Transitioner,61.61,57.20,53.83,75.21,62.24,87.40,43.52,24.17,33.15,61.50,79.84,67.02,71.91,86.71,75.22,10.29,98.00,98.00,96.00,0.00,14.51,29.13,86.91,41.87,10.80,0.00,0.00,43.87,39.66,26.63,22.42,70.84,52.16,94.44,45.06,100.00,67.02,90.92,52.90,81.27,92.15,78.85,35.36,70.01,91.27,71.00,94.60,10.29
BLZ,Belize,Latin America & Caribbean,2022,Transitioner,62.21,56.76,56.50,75.34,61.97,87.40,42.42,24.17,36.36,64.98,79.84,69.16,70.87,86.00,74.89,10.29,98.00,98.00,96.00,0.00,12.97,29.38,84.90,41.87,10.80,0.00,0.00,47.08,42.87,29.84,25.63,74.32,55.64,94.44,45.06,100.00,69.16,90.92,50.83,81.27,90.73,78.82,44.25,61.31,90.15,74.27,95.50,10.29
BLZ,Belize,Latin America & Caribbean,2023,Transitioner,62.75,57.36,57.42,77.05,61.08,87.40,43.92,24.17,37.46,66.18,79.84,71.16,69.34,90.64,73.77,10.29,98.00,98.00,96.00,0.00,13.83,30.89,87.04,41.87,10.80,0.00,0.00,48.19,43.98,30.94,26.73,75.52,56.83,94.44,45.06,100.00,71.16,90.92,47.77,81.27,100.00,79.19,44.25,53.58,89.56,77.18,94.45,10.29
BLZ,Belize,Latin America & Caribbean,2024,Transitioner,64.24,57.71,58.93,77.00,65.05,87.35,44.84,24.17,39.27,68.14,79.84,72.23,69.34,89.43,73.22,32.35,98.00,97.95,95.93,0.00,15.83,32.55,86.15,41.87,10.80,0.00,0.00,50.01,45.80,32.74,28.53,77.49,58.78,94.44,45.06,100.00,72.23,90.92,47.77,81.27,97.59,78.31,40.55,54.47,88.75,77.52,93.57,32.35
BOL,Bolivia,Latin America & Caribbean,2014,Emerging,48.58,33.57,57.22,66.18,43.80,56.19,8.08,39.31,36.39,65.87,81.58,48.22,77.29,73.03,51.80,11.80,91.99,72.97,21.50,,7.16,10.92,6.14,42.19,35.00,,,59.91,35.08,37.69,12.87,77.90,53.83,92.48,52.25,100.00,48.22,92.00,62.58,81.88,64.18,40.64,39.37,21.81,56.94,80.06,79.75,11.80
BOL,Bolivia,Latin America & Caribbean,2015,Transitioner,54.10,44.04,63.18,65.64,46.92,66.03,24.41,39.31,49.46,67.71,81.58,48.41,75.48,73.03,55.67,11.93,91.99,78.98,40.09,,12.33,21.68,39.21,42.19,35.00,,,72.75,47.93,50.99,26.16,79.50,55.92,92.48,52.25,100.00,48.41,92.00,58.96,81.88,64.18,43.61,44.32,29.53,60.86,80.06,84.22,11.93
BOL,Bolivia,Latin America & Caribbean,2016,Transitioner,57.82,54.24,63.24,64.35,50.63,78.26,37.68,39.31,49.79,67.51,81.58,49.72,75.43,67.91,60.27,12.07,91.99,85.50,64.15,,15.79,35.28,61.96,42.19,35.00,,,73.01,48.18,51.40,26.57,79.22,55.80,92.48,52.25,100.00,49.72,92.40,58.47,71.63,64.18,43.89,49.28,43.17,64.51,80.06,90.20,12.07
BOL,Bolivia,Latin America & Caribbean,2017,Transitioner,61.28,62.16,63.51,67.62,52.81,85.27,50.48,39.31,51.65,69.25,75.75,51.97,77.42,73.47,62.97,12.20,91.99,90.00,77.18,,20.66,52.35,78.43,42.19,35.00,,,74.66,49.83,53.48,28.65,80.72,57.78,92.48,34.76,100.00,51.97,92.80,62.04,85.19,61.76,44.05,52.76,52.95,67.52,80.06,87.75,12.20
BOL,Bolivia,Latin America & Caribbean,2018,Transitioner,59.02,65.51,51.06,67.09,54.06,87.29,56.83,39.31,53.54,36.23,75.75,53.89,79.02,68.35,64.10,13.90,98.36,90.00,79.04,,26.35,65.56,78.58,42.19,35.00,,,75.71,50.89,56.20,31.37,46.80,25.66,92.48,34.76,100.00,53.89,93.20,64.83,70.04,66.67,44.15,56.25,57.30,66.75,80.06,88.25,13.90
BOL,Bolivia,Latin America & Caribbean,2019,Transitioner,56.76,66.26,41.41,68.11,55.53,88.38,57.60,39.31,29.66,35.98,75.75,55.51,79.61,69.21,65.65,15.02,100.00,90.00,80.96,,25.80,67.04,79.97,42.19,35.00,,,50.89,26.80,32.53,8.44,45.93,26.04,92.48,34.76,100.00,55.51,93.60,65.63,71.33,67.09,44.19,57.25,62.24,68.02,80.06,90.25,15.02
BOL,Bolivia,Latin America & Caribbean,2020,Transitioner,58.46,67.69,42.32,71.74,56.83,89.17,60.40,39.31,30.35,37.58,75.75,57.12,79.58,78.52,67.00,16.14,100.00,90.00,82.92,,27.27,65.86,88.06,42.19,35.00,,,48.47,31.74,28.95,12.22,48.15,27.01,92.48,34.76,100.00,57.12,94.00,65.15,82.12,74.92,44.68,58.24,67.47,70.07,79.28,88.75,16.14
BOL,Bolivia,Latin America & Caribbean,2021,Transitioner,59.21,59.52,49.13,74.08,56.73,79.97,53.02,31.60,44.81,40.14,75.75,59.28,79.06,83.92,66.87,16.14,100.00,90.00,84.93,0.00,18.06,52.02,88.98,42.19,35.00,0.00,0.00,62.28,45.33,44.30,27.34,49.88,30.40,92.48,34.76,100.00,59.28,94.00,64.11,92.91,74.92,44.68,55.09,68.63,69.48,79.30,89.45,16.14
BOL,Bolivia,Latin America & Caribbean,2022,Transitioner,60.32,59.30,51.52,78.20,55.41,80.80,51.65,31.60,49.53,41.41,75.75,61.02,79.84,93.75,65.23,16.14,100.00,91.00,86.00,0.00,15.56,51.86,87.55,42.19,35.00,0.00,0.00,70.29,47.13,51.93,28.78,51.35,31.46,92.48,34.76,100.00,61.02,94.00,65.67,100.00,87.50,44.75,51.93,60.15,68.80,81.23,90.50,16.14
BOL,Bolivia,Latin America & Caribbean,2023,Transitioner,60.52,58.88,52.45,77.85,55.81,81.60,49.80,31.60,49.66,40.67,81.58,62.63,79.84,91.08,65.73,16.14,100.00,92.00,87.00,0.00,14.41,48.78,86.21,42.19,35.00,0.00,0.00,70.55,47.39,51.94,28.78,50.75,30.59,92.48,52.25,100.00,62.63,94.00,65.67,92.42,89.74,44.33,51.93,60.14,67.66,85.07,91.00,16.14
BOL,Bolivia,Latin America & Caribbean,2024,Transitioner,61.23,60.15,50.13,77.17,60.40,82.26,52.31,31.60,42.83,41.71,81.58,64.11,79.84,87.57,64.72,43.15,100.00,93.04,87.60,0.00,16.75,52.75,87.43,42.19,35.00,0.00,0.00,58.19,45.94,39.58,27.62,51.79,31.63,92.48,52.25,100.00,64.11,94.00,65.67,92.42,82.72,44.17,59.87,59.60,61.07,84.27,89.05,43.15
BRA,Brazil,Latin America & Caribbean,2014,Transitioner,59.36,41.73,56.45,77.19,68.31,64.88,2.87,73.14,78.42,52.29,20.81,53.52,79.60,98.44,67.74,70.60,90.31,80.46,36.58,,3.66,4.94,0.00,75.24,70.00,,,94.48,86.68,70.17,62.37,65.46,39.12,18.60,43.82,0.00,53.52,92.00,67.21,100.00,96.88,60.02,59.84,38.17,73.87,94.96,83.50,70.60
BRA,Brazil,Latin America & Caribbean,2015,Transitioner,61.94,47.86,56.80,77.64,69.74,70.30,11.45,75.81,84.25,47.52,20.45,54.46,80.03,98.44,70.46,66.83,90.31,81.95,48.66,,8.46,12.08,13.79,75.24,76.67,,,100.00,92.61,76.10,68.30,60.68,34.35,18.60,42.76,0.00,54.46,92.00,68.06,100.00,96.88,60.50,66.52,42.71,78.23,94.96,85.32,66.83
BRA,Brazil,Latin America & Caribbean,2016,Transitioner,63.78,57.67,52.28,76.07,72.16,77.85,28.42,75.81,74.64,46.27,19.55,57.34,80.10,90.77,74.44,63.07,90.31,82.78,66.68,,16.13,23.94,45.20,75.24,76.67,,,91.22,83.42,65.86,58.06,60.01,32.54,15.90,42.76,0.00,57.34,93.00,67.21,84.67,96.88,60.85,73.19,52.97,81.72,94.96,90.18,63.07
BRA,Brazil,Latin America & Caribbean,2017,Advanced,65.80,66.26,49.46,78.44,72.95,85.08,42.65,75.81,65.83,48.48,18.67,59.77,80.27,95.28,76.36,59.30,90.31,85.55,81.99,,22.91,37.73,67.33,75.24,76.67,,,82.50,74.70,56.96,49.16,62.32,34.65,13.24,42.76,0.00,59.77,93.00,67.55,100.00,90.56,60.78,82.77,57.32,83.22,94.96,88.25,59.30
BRA,Brazil,Latin America & Caribbean,2018,Advanced,66.81,70.02,47.68,80.81,73.82,86.52,50.64,75.81,66.58,43.29,18.67,61.78,80.66,100.00,77.85,57.70,90.31,87.34,83.79,,30.05,48.89,72.97,75.24,76.67,,,83.44,75.63,57.53,49.73,57.32,29.26,13.24,42.76,0.00,61.78,93.00,68.32,100.00,100.00,60.93,92.36,61.62,82.20,94.96,86.75,57.70
BRA,Brazil,Latin America & Caribbean,2019,Advanced,66.10,73.26,40.81,81.46,78.39,87.01,58.23,75.81,52.87,34.24,29.83,63.37,81.00,100.00,78.70,77.15,90.31,87.67,84.70,,36.79,60.78,77.10,75.24,76.67,,,73.33,58.31,47.43,32.40,48.27,20.21,13.24,76.26,0.00,63.37,93.00,68.99,100.00,100.00,61.12,89.71,64.98,83.22,94.96,88.75,77.15
BRA,Brazil,Latin America & Caribbean,2020,Advanced,72.72,75.65,54.23,81.93,83.19,87.92,63.31,75.81,53.07,67.59,29.83,64.99,80.81,100.00,79.83,96.60,90.31,89.06,85.60,,43.77,63.92,82.22,75.24,76.67,,,67.93,59.53,46.60,38.21,79.14,56.04,13.24,76.26,0.00,64.99,93.00,68.62,100.00,100.00,61.97,87.06,69.33,84.76,94.70,89.75,96.60
BRA,Brazil,Latin America & Caribbean,2021,Advanced,71.77,67.30,55.75,82.70,85.52,81.86,56.07,60.62,66.66,64.60,16.23,67.29,80.80,100.00,82.75,96.60,90.31,89.52,88.30,17.00,30.41,52.22,85.57,75.24,76.67,0.00,0.00,88.07,70.43,62.89,45.25,78.24,50.96,13.24,35.45,0.00,67.29,93.00,68.59,100.00,100.00,62.63,88.35,78.85,86.31,95.51,92.50,96.60
BRA,Brazil,Latin America & Caribbean,2022,Advanced,78.54,76.56,70.40,83.43,84.61,86.25,61.08,88.13,69.17,88.19,37.31,69.05,81.25,100.00,81.62,96.60,92.52,92.00,92.00,34.00,39.78,57.48,85.97,84.76,91.67,95.00,80.00,90.14,72.50,65.83,48.19,100.00,76.38,44.79,35.45,31.70,69.05,93.00,69.51,100.00,100.00,62.84,89.64,70.29,86.82,95.82,95.00,96.60
BRA,Brazil,Latin America & Caribbean,2023,Leader,80.81,85.80,69.97,84.01,84.53,88.15,82.29,88.13,71.62,84.64,37.31,70.78,81.25,100.00,81.52,96.60,92.52,92.00,92.00,53.00,83.41,77.27,86.20,84.76,91.67,95.00,80.00,92.43,74.79,68.45,50.81,97.62,71.65,44.79,35.45,31.70,70.78,93.00,69.51,100.00,100.00,63.17,89.64,65.96,86.38,100.00,94.50,96.60
BRA,Brazil,Latin America & Caribbean,2024,Advanced,78.80,89.16,61.63,83.73,83.79,89.15,89.68,88.13,56.17,84.36,27.08,72.19,81.25,97.75,80.61,96.54,92.52,92.00,92.00,63.00,100.00,82.18,86.85,84.76,91.67,95.00,80.00,71.10,66.73,47.13,39.70,97.35,71.38,35.65,35.45,10.14,72.19,93.00,69.51,100.00,95.51,63.41,90.63,65.78,82.81,100.00,91.43,96.54
BRB,Barbados,Latin America & Caribbean,2014,Transitioner,52.07,31.95,59.97,89.24,43.00,48.86,14.53,32.95,54.14,70.58,50.40,82.18,85.54,100.00,49.36,17.60,100.00,72.14,0.00,,7.03,7.10,29.47,30.48,36.67,,,61.03,61.43,46.84,47.24,78.27,62.90,59.84,28.25,63.11,82.18,99.60,71.48,100.00,100.00,59.39,22.05,42.48,73.05,10.83,100.00,17.60
BRB,Barbados,Latin America & Caribbean,2015,Transitioner,52.45,32.72,60.41,80.92,47.33,52.67,12.66,32.95,53.79,72.03,50.40,56.90,85.86,100.00,53.95,20.83,100.00,81.68,0.00,,7.41,9.24,21.32,30.48,36.67,,,60.69,61.10,46.49,46.90,79.73,64.34,59.84,28.25,63.11,56.90,99.60,72.13,100.00,100.00,68.54,33.13,46.70,77.12,10.83,100.00,20.83
BRB,Barbados,Latin America & Caribbean,2016,Transitioner,61.65,59.13,58.65,81.35,51.22,96.00,31.91,39.81,50.92,70.50,50.40,57.85,86.19,100.00,58.01,24.07,100.00,95.00,95.00,,17.62,17.23,60.89,41.90,36.67,,,57.83,58.23,43.61,44.02,78.20,62.80,59.84,28.25,63.11,57.85,99.60,72.78,100.00,100.00,69.61,44.20,53.78,83.71,10.83,100.00,24.07
BRB,Barbados,Latin America & Caribbean,2017,Transitioner,64.58,67.05,58.79,82.23,53.67,96.00,51.71,39.81,51.53,70.25,50.40,60.18,86.51,100.00,60.26,27.30,100.00,95.00,95.00,,27.51,41.08,86.54,41.90,36.67,,,58.44,58.85,44.21,44.61,77.96,62.54,59.84,28.25,63.11,60.18,99.60,73.43,100.00,100.00,68.72,55.44,57.26,86.78,10.83,100.00,27.30
BRB,Barbados,Latin America & Caribbean,2018,Advanced,66.32,69.29,61.63,82.97,54.60,95.92,57.40,39.81,58.36,70.52,50.40,62.07,86.84,100.00,63.92,17.30,99.60,95.00,95.00,,34.73,50.47,86.99,41.90,36.67,,,65.25,65.66,51.07,51.47,78.21,62.84,59.84,28.25,63.11,62.07,99.60,74.08,100.00,100.00,74.57,66.67,57.16,93.71,10.83,100.00,17.30
BRB,Barbados,Latin America & Caribbean,2019,Advanced,66.76,72.09,60.39,83.32,54.77,96.00,64.31,39.81,54.52,71.26,50.40,63.51,87.17,99.27,64.18,17.10,100.00,95.00,95.00,,42.30,61.17,89.47,41.90,36.67,,,66.14,57.10,51.94,42.90,78.95,63.56,59.84,28.25,63.11,63.51,99.60,74.74,98.54,100.00,67.68,62.16,66.36,94.97,10.83,100.00,17.10
BRB,Barbados,Latin America & Caribbean,2020,Transitioner,64.58,73.84,52.71,84.15,53.12,96.04,68.66,39.81,43.69,62.87,50.40,64.94,87.50,100.00,62.18,16.89,99.60,95.29,95.00,,49.49,71.71,84.78,41.90,36.67,,,51.85,49.76,37.63,35.53,70.57,55.17,59.84,28.25,63.11,64.94,99.60,75.41,100.00,100.00,69.87,57.65,69.69,82.19,10.33,100.00,16.89
BRB,Barbados,Latin America & Caribbean,2021,Transitioner,61.98,64.60,48.79,84.98,55.11,86.40,59.13,31.95,39.35,57.42,50.40,67.09,87.84,100.00,64.66,16.89,99.60,96.09,95.00,0.00,32.43,52.58,92.38,41.90,36.67,0.00,0.00,46.89,46.06,32.64,31.82,65.13,49.70,59.84,28.25,63.11,67.09,99.60,76.07,100.00,100.00,67.21,55.77,84.67,82.65,10.90,100.00,16.89
BRB,Barbados,Latin America & Caribbean,2022,Transitioner,61.36,64.65,48.19,85.52,53.22,89.20,56.46,31.95,38.87,56.40,50.40,68.73,87.84,99.99,62.30,16.89,100.00,99.00,99.00,0.00,28.54,48.53,92.31,41.90,36.67,0.00,0.00,45.96,45.96,31.77,31.77,64.09,48.72,59.84,28.25,63.11,68.73,99.60,76.07,99.99,100.00,66.22,53.88,74.38,83.09,10.87,100.00,16.89
BRB,Barbados,Latin America & Caribbean,2023,Transitioner,62.83,65.60,54.01,85.71,51.32,89.20,58.83,31.95,40.18,69.63,50.40,70.38,87.84,98.90,59.92,16.89,100.00,99.00,99.00,0.00,34.45,51.32,90.73,41.90,36.67,0.00,0.00,47.29,47.29,33.08,33.08,77.33,61.93,59.84,28.25,63.11,70.38,99.60,76.07,100.00,97.80,66.36,53.88,63.04,82.26,11.01,100.00,16.89
BRB,Barbados,Latin America & Caribbean,2024,Advanced,65.12,65.90,57.85,85.83,54.98,89.20,59.56,31.95,48.51,70.91,50.40,71.89,87.84,97.76,59.57,36.61,100.00,99.00,99.00,0.00,36.88,50.57,91.24,41.90,36.67,0.00,0.00,56.27,54.83,42.05,40.90,78.61,63.20,59.84,28.25,63.11,71.89,99.60,76.07,100.00,95.51,66.68,49.76,63.14,80.94,12.23,100.00,36.61
BRN,Brunei Darussalam,East Asia & Pacific,2014,Transitioner,55.79,36.24,81.49,70.96,46.21,62.09,17.27,22.48,73.87,79.87,100.00,49.56,80.47,82.84,48.21,38.20,97.00,96.00,10.72,,5.13,3.64,43.05,28.57,13.33,,,84.48,72.38,74.27,64.34,84.22,75.51,100.00,100.00,100.00,49.56,97.20,63.75,90.06,75.62,40.25,36.22,57.27,68.84,29.45,54.29,38.20
BRN,Brunei Darussalam,East Asia & Pacific,2015,Transitioner,56.08,36.48,76.47,69.55,50.99,66.99,12.97,22.48,69.54,71.63,100.00,50.16,80.10,78.38,53.00,42.93,97.00,96.00,22.97,,5.42,6.55,26.93,28.57,13.33,,,80.32,68.36,69.31,60.16,76.07,67.19,100.00,100.00,100.00,50.16,97.20,63.00,81.14,75.62,57.32,43.47,59.00,71.07,29.45,52.84,42.93
BRN,Brunei Darussalam,East Asia & Pacific,2016,Transitioner,60.96,42.87,77.81,74.50,55.56,75.44,20.51,22.48,65.55,78.97,100.00,60.27,79.07,84.17,57.53,47.67,97.00,96.00,44.09,,7.46,11.17,42.91,28.57,13.33,,,74.42,65.79,64.71,57.29,83.57,74.37,100.00,100.00,100.00,60.27,97.20,60.94,92.72,75.62,57.93,50.73,77.08,72.15,29.45,51.36,47.67
BRN,Brunei Darussalam,East Asia & Pacific,2017,Advanced,65.47,51.95,77.79,76.75,59.24,85.63,33.01,22.48,67.29,77.18,100.00,64.15,78.64,87.46,60.96,52.40,98.74,96.00,68.70,,8.63,17.33,73.05,28.57,13.33,,,77.80,66.56,66.52,58.29,81.66,72.70,100.00,100.00,100.00,64.15,97.20,60.09,97.87,77.06,58.03,61.47,80.97,76.12,29.45,58.95,52.40
BRN,Brunei Darussalam,East Asia & Pacific,2018,Advanced,68.54,56.42,79.69,78.91,62.20,91.82,37.99,22.48,74.55,74.68,100.00,67.72,78.15,90.86,62.15,62.40,99.29,96.00,83.91,,11.65,24.20,78.10,28.57,13.33,,,82.69,74.28,75.20,66.03,79.15,70.22,100.00,100.00,100.00,67.72,97.20,59.09,96.24,85.47,58.76,72.22,82.54,76.92,29.45,53.94,62.40
BRN,Brunei Darussalam,East Asia & Pacific,2019,Advanced,68.85,60.44,75.49,77.63,63.42,96.21,40.89,28.00,66.87,71.86,100.00,71.36,77.71,83.83,64.47,59.24,99.06,96.00,95.00,,13.55,29.27,79.86,33.33,20.00,,,73.52,68.45,65.29,60.22,76.32,67.40,100.00,100.00,100.00,71.36,97.20,58.21,81.83,85.82,58.73,67.88,92.64,78.65,29.45,57.91,59.24
BRN,Brunei Darussalam,East Asia & Pacific,2020,Advanced,71.66,62.25,79.65,83.92,63.38,96.20,45.42,28.00,79.00,70.12,100.00,75.99,77.09,98.69,65.21,56.07,99.00,96.00,95.00,,16.47,33.70,86.10,33.33,20.00,,,85.65,80.59,77.41,72.35,74.58,65.66,100.00,100.00,100.00,75.99,97.20,56.97,99.54,97.85,59.04,63.53,97.39,78.91,29.45,58.95,56.07
BRN,Brunei Darussalam,East Asia & Pacific,2021,Advanced,72.10,60.23,81.77,85.55,64.15,86.30,52.93,22.67,81.15,73.27,100.00,79.78,76.87,100.00,66.17,56.07,99.00,96.00,95.00,0.00,22.56,44.85,91.40,33.33,20.00,0.00,0.00,87.82,82.76,79.54,74.48,77.75,68.78,100.00,100.00,100.00,79.78,97.20,56.54,100.00,100.00,59.32,61.12,100.00,80.51,29.45,62.05,56.07
BRN,Brunei Darussalam,East Asia & Pacific,2022,Advanced,73.96,65.11,84.28,86.53,63.01,86.30,65.13,22.67,84.36,76.33,100.00,82.71,76.87,100.00,64.75,56.07,99.00,96.00,95.00,0.00,35.56,67.16,92.68,33.33,20.00,0.00,0.00,90.98,85.92,82.81,77.74,80.75,71.90,100.00,100.00,100.00,82.71,97.20,56.54,100.00,100.00,61.24,58.71,92.53,79.45,29.45,63.43,56.07
BRN,Brunei Darussalam,East Asia & Pacific,2023,Advanced,71.91,72.47,82.24,76.97,58.27,87.62,82.23,22.67,81.63,73.97,100.00,85.24,76.87,68.81,58.82,56.07,99.23,96.00,95.00,12.98,64.41,91.69,90.57,33.33,20.00,0.00,0.00,88.29,83.23,80.04,74.98,78.43,69.50,100.00,100.00,100.00,85.24,97.20,56.54,80.04,57.58,58.97,58.71,66.00,78.44,29.45,63.78,56.07
BRN,Brunei Darussalam,East Asia & Pacific,2024,Advanced,74.59,78.99,82.59,79.27,59.85,89.41,96.72,22.67,82.16,74.31,100.00,85.73,76.87,75.19,57.22,70.40,99.07,96.00,95.41,29.38,97.24,100.00,92.92,33.33,20.00,0.00,0.00,88.81,83.74,80.59,75.52,78.77,69.86,100.00,100.00,100.00,85.73,97.20,56.54,84.58,65.81,58.37,58.02,65.12,73.69,29.45,60.90,70.40
BTN,Bhutan,South Asia,2014,Emerging,37.47,23.55,52.43,61.90,25.80,43.63,2.59,25.33,43.59,37.48,100.00,45.81,57.51,82.37,29.30,11.80,98.00,49.35,10.72,,4.76,3.00,0.00,33.33,13.33,,,55.31,47.46,40.06,31.54,46.10,28.86,100.00,100.00,100.00,45.81,67.00,48.02,100.00,64.74,36.36,24.41,18.38,42.21,37.32,0.00,11.80
BTN,Bhutan,South Asia,2015,Emerging,43.18,33.97,54.38,60.59,31.07,55.00,17.25,25.33,48.78,37.17,100.00,41.59,57.80,82.37,35.21,14.50,98.00,65.54,22.97,,4.51,4.22,43.01,33.33,13.33,,,60.27,50.44,49.86,34.54,45.78,28.56,100.00,100.00,100.00,41.59,67.00,48.61,100.00,64.74,46.70,28.15,24.11,53.86,37.32,0.00,14.50
BTN,Bhutan,South Asia,2016,Emerging,48.27,42.79,56.01,64.04,35.37,67.21,21.39,36.76,50.68,48.22,82.28,51.65,58.10,82.37,39.92,17.20,98.00,74.93,44.09,,6.75,9.52,47.90,52.38,13.33,,,65.27,51.48,50.38,35.58,56.84,39.61,100.00,46.83,100.00,51.65,67.00,49.20,100.00,64.74,47.05,31.88,35.86,63.41,37.32,0.00,17.20
BTN,Bhutan,South Asia,2017,Transitioner,53.83,55.54,58.91,65.52,39.17,80.64,34.12,48.19,58.99,47.16,82.28,55.17,58.39,83.01,43.98,19.90,98.00,81.27,71.33,,12.41,22.43,67.52,71.43,13.33,,,75.71,60.41,55.31,44.51,55.78,38.55,100.00,46.83,100.00,55.17,67.00,49.79,100.00,66.02,49.84,40.94,46.11,66.18,37.32,0.00,19.90
BTN,Bhutan,South Asia,2018,Transitioner,56.22,61.84,58.97,66.73,41.06,88.79,41.71,48.19,62.11,44.18,82.28,58.48,58.69,83.01,46.80,18.10,98.00,87.97,85.00,,17.44,38.14,69.54,71.43,13.33,,,76.35,63.56,60.85,47.67,52.79,35.57,100.00,46.83,100.00,58.48,67.00,50.38,100.00,66.02,49.59,50.00,53.61,68.47,37.32,0.00,18.10
BTN,Bhutan,South Asia,2019,Transitioner,56.53,64.21,53.52,70.33,42.25,89.60,46.82,48.19,50.90,41.76,82.28,61.89,58.98,90.11,48.26,18.22,98.00,90.00,85.00,,19.65,42.86,77.96,71.43,13.33,,,72.23,45.47,56.33,29.57,50.37,33.14,100.00,46.83,100.00,61.89,67.00,50.96,100.00,80.22,49.57,59.12,55.63,69.20,37.32,0.00,18.22
BTN,Bhutan,South Asia,2020,Transitioner,60.59,65.41,61.37,73.62,45.61,89.60,49.83,48.19,59.32,44.11,100.00,66.11,59.28,95.45,52.43,18.34,98.00,90.00,85.00,,20.57,46.50,82.41,71.43,13.33,,,78.32,51.56,67.08,40.33,50.20,38.03,100.00,100.00,100.00,66.11,67.00,51.56,100.00,90.91,48.77,68.24,71.97,69.95,37.32,0.00,18.34
BTN,Bhutan,South Asia,2021,Transitioner,59.62,60.37,61.35,74.89,45.55,80.00,51.07,39.71,59.20,44.18,100.00,69.62,59.58,95.45,52.35,18.34,98.00,90.00,85.00,1.95,16.55,49.72,86.95,71.43,13.33,0.00,0.00,78.20,51.44,66.96,40.20,50.27,38.10,100.00,100.00,100.00,69.62,67.00,52.17,100.00,90.91,49.33,64.10,70.69,72.36,37.32,0.00,18.34
BTN,Bhutan,South Asia,2022,Transitioner,60.61,63.52,62.85,77.32,43.72,81.06,57.88,39.71,61.63,45.50,100.00,72.37,59.58,100.00,50.07,18.34,98.00,90.00,85.00,12.61,21.71,62.42,89.51,71.43,13.33,0.00,0.00,80.63,53.87,69.40,42.64,51.58,39.41,100.00,100.00,100.00,72.37,67.00,52.17,100.00,100.00,48.87,59.96,60.55,73.62,37.32,0.00,18.34
BTN,Bhutan,South Asia,2023,Transitioner,61.07,67.15,60.93,78.30,43.42,82.77,65.24,39.71,62.76,39.55,100.00,75.33,59.58,100.00,49.69,18.34,98.00,90.00,87.00,21.70,36.22,70.17,89.31,71.43,13.33,0.00,0.00,81.76,55.00,70.52,43.77,45.63,33.46,100.00,100.00,100.00,75.33,67.00,52.17,100.00,100.00,49.75,59.96,57.38,74.02,37.32,0.00,18.34
BTN,Bhutan,South Asia,2024,Transitioner,64.39,68.11,62.02,78.68,51.74,83.44,66.98,39.71,64.47,40.58,100.00,76.46,59.58,100.00,49.48,60.77,98.00,90.00,87.00,28.41,39.97,71.26,89.71,71.43,13.33,0.00,0.00,74.25,66.89,63.02,53.70,46.67,34.50,100.00,100.00,100.00,76.46,67.00,52.17,100.00,100.00,49.17,58.86,59.07,72.39,37.32,0.00,60.77
BWA,Botswana,Sub-Saharan Africa,2014,Emerging,37.96,26.09,42.39,55.22,33.99,49.82,3.87,23.05,11.11,46.06,97.62,37.63,63.58,64.44,38.09,17.60,97.00,76.05,0.00,,6.07,5.54,0.00,18.86,29.33,,,23.24,21.19,0.00,0.00,60.09,32.02,96.43,96.43,100.00,37.63,85.00,42.16,100.00,28.89,41.25,30.71,21.90,49.20,47.26,31.00,17.60
BWA,Botswana,Sub-Saharan Africa,2015,Emerging,39.67,30.04,40.27,55.27,37.06,59.62,3.95,23.05,10.79,41.07,97.62,37.88,63.50,64.44,39.80,26.07,98.00,82.77,17.28,,5.74,6.10,0.00,18.86,29.33,,,22.61,20.56,0.00,0.00,55.10,27.04,96.43,96.43,100.00,37.88,85.00,42.00,100.00,28.89,45.72,29.48,24.05,51.75,47.26,31.00,26.07
BWA,Botswana,Sub-Saharan Africa,2016,Emerging,44.81,38.46,44.37,58.83,40.17,67.64,16.98,23.05,12.35,49.76,97.62,52.42,63.42,60.66,41.58,34.53,98.00,85.00,35.09,,6.30,6.51,38.14,18.86,29.33,,,25.72,23.67,0.00,0.00,63.79,35.73,96.43,96.43,100.00,52.42,85.00,41.83,92.42,28.89,45.52,28.26,29.87,55.62,47.26,31.00,34.53
BWA,Botswana,Sub-Saharan Africa,2017,Transitioner,51.27,44.90,56.81,63.23,42.84,78.14,22.58,23.05,43.34,49.87,97.62,54.93,63.34,71.43,42.80,43.00,98.00,85.00,61.36,,6.52,9.84,51.38,18.86,29.33,,,57.32,55.27,31.41,29.36,63.90,35.83,96.43,96.43,100.00,54.93,85.00,41.67,100.00,42.86,45.29,24.55,34.20,59.49,47.26,31.00,43.00
BWA,Botswana,Sub-Saharan Africa,2018,Transitioner,53.69,49.65,59.65,65.16,43.06,83.44,29.16,23.05,41.57,58.74,97.62,56.81,63.26,75.41,42.83,44.00,98.00,85.00,74.59,,7.91,12.26,67.31,18.86,29.33,,,53.40,55.64,27.50,29.74,72.77,44.71,96.43,96.43,100.00,56.81,85.00,41.51,92.34,58.49,45.06,20.83,37.16,58.75,47.26,31.00,44.00
BWA,Botswana,Sub-Saharan Africa,2019,Transitioner,54.31,53.45,54.68,65.83,45.22,90.00,32.09,23.05,26.64,61.26,97.62,58.05,63.18,76.27,44.39,48.53,98.00,88.00,88.00,,10.06,16.10,70.12,18.86,29.33,,,49.41,29.77,23.50,3.86,75.29,47.23,96.43,96.43,100.00,58.05,85.00,41.35,100.00,52.54,46.68,28.65,38.33,59.84,47.26,31.00,48.53
BWA,Botswana,Sub-Saharan Africa,2020,Transitioner,58.48,57.59,58.22,70.23,49.67,99.00,33.44,23.05,33.14,63.61,97.62,59.75,63.09,87.84,48.82,53.06,99.00,99.00,99.00,,12.99,21.09,66.25,18.86,29.33,,,57.88,34.31,31.97,8.41,77.64,49.58,96.43,96.43,100.00,59.75,85.00,41.19,100.00,75.68,47.44,36.47,45.66,63.41,53.85,31.00,53.06
BWA,Botswana,Sub-Saharan Africa,2021,Transitioner,59.59,54.80,67.20,70.82,48.33,89.10,38.29,19.23,43.34,75.85,97.62,61.60,63.01,87.84,47.15,53.06,99.00,99.00,99.00,0.00,12.76,23.03,79.09,18.86,32.67,0.00,0.00,62.95,49.63,37.05,23.72,89.88,61.82,96.43,96.43,100.00,61.60,85.00,41.03,100.00,75.68,47.95,31.94,44.33,61.94,50.07,31.00,53.06
BWA,Botswana,Sub-Saharan Africa,2022,Transitioner,59.17,59.59,61.43,69.94,47.87,89.50,45.53,27.87,48.64,56.13,97.62,62.69,62.93,84.21,46.58,53.06,99.00,99.00,99.00,4.00,21.56,34.45,80.59,28.38,39.33,12.50,0.00,66.25,56.94,40.35,31.04,70.16,42.09,96.43,96.43,100.00,62.69,85.00,40.87,100.00,68.42,47.99,27.40,41.24,61.28,53.18,31.00,53.06
BWA,Botswana,Sub-Saharan Africa,2023,Transitioner,61.27,62.94,63.88,72.47,48.36,90.10,53.33,27.87,49.05,61.83,97.62,63.90,62.93,90.57,47.19,53.06,99.00,99.00,99.00,10.00,31.81,47.45,80.73,28.38,39.33,12.50,0.00,67.23,56.77,41.33,30.87,75.86,47.80,96.43,96.43,100.00,63.90,85.00,40.87,100.00,81.13,47.14,27.40,44.49,60.27,54.86,31.00,53.06
BWA,Botswana,Sub-Saharan Africa,2024,Transitioner,63.47,66.60,64.01,70.16,54.26,90.90,61.68,27.87,49.79,61.43,97.62,65.00,62.93,82.54,48.14,78.76,99.00,99.00,99.00,17.96,42.23,59.92,82.88,28.38,39.33,12.50,0.00,66.65,59.32,40.75,32.46,75.46,47.40,96.43,96.43,100.00,65.00,85.00,40.87,100.00,65.08,48.48,39.85,47.42,54.47,54.90,31.00,78.76
CAF,Central African Republic,Sub-Saharan Africa,2014,Discoverer,18.86,15.06,17.58,20.64,23.15,22.81,0.45,28.80,2.58,7.69,67.38,15.86,21.52,24.54,28.94,0.00,55.50,29.28,0.00,,1.34,,0.00,26.89,31.66,,,5.15,5.15,0.00,0.00,15.38,0.00,70.17,31.97,100.00,15.86,37.40,5.64,29.08,20.00,66.87,3.94,1.41,48.16,6.16,40.23,0.00
CAF,Central African Republic,Sub-Saharan Africa,2015,Discoverer,19.21,16.87,16.32,20.88,23.68,26.67,1.11,28.80,1.49,5.63,67.38,16.13,21.97,24.54,29.54,0.23,55.50,38.92,0.00,,1.34,1.99,0.00,26.89,31.66,,,2.99,2.99,0.00,0.00,11.25,0.00,70.17,31.97,100.00,16.13,37.40,6.54,29.08,20.00,66.79,1.97,0.86,50.77,6.16,44.25,0.23
CAF,Central African Republic,Sub-Saharan Africa,2016,Discoverer,20.81,17.67,18.13,23.08,25.35,26.94,2.82,28.80,2.02,9.62,67.38,22.27,22.43,24.54,31.58,0.47,55.50,39.60,0.00,,3.40,5.08,0.00,26.89,31.66,,,4.04,4.04,0.00,0.00,19.24,0.00,70.17,31.97,100.00,22.27,37.40,7.45,29.08,20.00,66.61,0.00,1.43,55.64,6.16,56.09,0.47
CAF,Central African Republic,Sub-Saharan Africa,2017,Discoverer,21.68,17.96,18.99,21.95,29.48,26.94,3.56,28.80,3.08,10.71,67.38,20.10,22.89,22.87,36.68,0.70,55.50,39.60,0.00,,4.35,6.33,0.00,26.89,31.66,,,6.16,6.16,0.00,0.00,20.72,0.70,70.17,31.97,100.00,20.10,37.40,8.39,45.74,0.00,75.37,10.42,1.68,63.16,6.16,63.59,0.70
CAF,Central African Republic,Sub-Saharan Africa,2018,Discoverer,22.11,18.13,18.89,22.63,30.86,26.94,3.99,28.80,3.39,10.14,67.38,21.66,23.37,22.87,37.67,3.60,55.50,39.60,0.00,,4.90,7.07,0.00,26.89,31.66,,,6.78,6.78,0.00,0.00,20.15,0.13,70.17,31.97,100.00,21.66,37.40,9.34,45.74,0.00,75.16,20.83,1.88,63.44,6.16,62.65,3.60
CAF,Central African Republic,Sub-Saharan Africa,2019,Discoverer,22.49,18.60,18.05,24.63,30.96,26.94,5.17,28.80,0.70,10.74,67.38,24.64,26.38,22.87,37.84,3.42,55.50,39.60,0.00,,5.03,10.47,0.00,26.89,31.66,,,2.79,0.00,0.00,0.00,20.75,0.73,70.17,31.97,100.00,24.64,42.44,10.31,45.74,0.00,74.92,16.89,2.19,67.29,6.16,60.46,3.42
CAF,Central African Republic,Sub-Saharan Africa,2020,Discoverer,22.77,18.75,18.42,25.07,31.05,27.10,5.38,28.80,0.19,12.16,67.38,25.47,26.87,22.87,38.00,3.24,55.50,40.00,0.00,,4.73,11.40,0.00,26.89,31.66,,,0.77,0.00,0.00,0.00,22.17,2.15,70.17,31.97,100.00,25.47,42.44,11.30,45.74,0.00,74.68,12.94,2.54,70.02,6.26,60.07,3.24
CAF,Central African Republic,Sub-Saharan Africa,2021,Discoverer,21.76,14.56,19.40,25.49,31.11,21.60,3.34,22.94,0.19,14.63,67.38,26.21,27.38,22.87,38.08,3.24,56.00,40.00,0.00,0.00,4.06,5.95,0.00,26.89,31.66,0.00,0.00,0.78,0.00,0.00,0.00,24.64,4.62,70.17,31.97,100.00,26.21,42.44,12.32,45.74,0.00,74.47,11.28,2.42,70.81,7.00,60.15,3.24
CAF,Central African Republic,Sub-Saharan Africa,2022,Discoverer,21.88,15.36,18.89,25.72,30.72,23.20,3.73,22.94,0.00,13.52,67.38,26.92,27.38,22.87,37.59,3.24,56.00,44.00,0.00,0.00,4.75,6.45,0.00,26.89,31.66,0.00,0.00,0.00,0.00,0.00,0.00,23.54,3.51,70.17,31.97,100.00,26.92,42.44,12.32,45.74,0.00,74.21,9.62,2.07,71.59,7.63,55.28,3.24
CAF,Central African Republic,Sub-Saharan Africa,2023,Discoverer,22.52,16.12,19.27,25.95,31.90,25.60,3.23,22.94,0.00,14.47,67.38,27.61,27.38,22.87,39.06,3.24,56.00,50.00,0.00,0.00,3.85,5.85,0.00,26.89,31.66,0.00,0.00,0.00,0.00,0.00,0.00,24.49,4.46,70.17,31.97,100.00,27.61,42.44,12.32,45.74,0.00,83.62,9.62,2.73,65.85,8.38,59.85,3.24
CAF,Central African Republic,Sub-Saharan Africa,2024,Discoverer,22.07,18.24,19.96,26.40,24.67,29.96,4.16,22.94,0.69,15.52,67.38,28.94,27.38,22.87,29.65,4.76,59.60,60.00,0.00,0.00,5.44,7.05,0.00,26.89,31.66,0.00,0.00,2.78,0.00,0.00,0.00,25.53,5.51,70.17,31.97,100.00,28.94,42.44,12.32,45.74,0.00,45.16,11.28,3.03,60.40,10.44,47.11,4.76
CAN,Canada,North America,2014,Advanced,74.80,64.27,81.94,72.60,81.88,95.00,40.49,50.38,71.82,83.02,100.00,66.42,85.11,66.27,82.51,79.40,99.00,99.00,89.00,,26.92,37.50,57.06,56.19,41.67,,,83.76,73.50,70.14,59.88,90.40,75.64,100.00,100.00,100.00,66.42,99.00,71.22,32.54,100.00,83.30,91.34,45.55,92.36,95.66,100.00,79.40
CAN,Canada,North America,2015,Advanced,77.01,72.27,79.71,73.63,82.91,97.80,49.01,67.71,68.90,80.37,100.00,69.35,85.28,66.27,83.59,80.20,99.00,99.00,96.00,,33.27,47.60,66.16,56.19,85.00,,,80.94,70.68,67.12,56.86,87.85,72.89,100.00,100.00,100.00,69.35,99.00,71.56,32.54,100.00,83.47,93.50,47.32,94.76,95.66,100.00,80.20
CAN,Canada,North America,2016,Leader,80.17,76.18,80.22,79.74,84.78,98.26,58.33,67.71,69.60,80.94,100.00,68.45,85.54,85.23,85.72,81.00,99.30,99.00,97.00,,42.16,56.95,75.88,56.19,85.00,,,81.40,71.13,68.07,57.80,88.16,73.72,100.00,100.00,100.00,68.45,99.00,72.09,70.46,100.00,83.83,95.65,55.04,96.26,95.66,100.00,81.00
CAN,Canada,North America,2017,Leader,82.78,80.57,81.10,84.05,85.48,99.08,68.48,67.71,70.29,82.45,100.00,70.74,85.48,95.95,86.40,81.80,99.40,99.00,99.00,,57.35,66.89,81.21,56.19,85.00,,,82.23,71.97,68.61,58.35,89.83,75.08,100.00,100.00,100.00,70.74,99.00,71.95,100.00,91.89,84.05,94.36,57.07,98.04,95.66,100.00,81.80
CAN,Canada,North America,2018,Leader,83.73,83.51,86.85,77.98,86.89,99.08,75.83,67.71,81.41,85.72,100.00,72.96,85.70,75.27,86.31,89.20,99.40,99.00,99.00,,75.26,70.36,81.86,56.19,85.00,,,94.64,81.31,81.50,68.17,92.84,78.61,100.00,100.00,100.00,72.96,99.00,72.41,74.36,76.19,84.27,93.06,59.01,96.10,95.66,100.00,89.20
CAN,Canada,North America,2019,Leader,85.05,91.71,80.33,80.50,88.25,99.10,86.31,87.71,64.53,86.29,100.00,74.06,85.48,81.95,86.95,93.44,99.50,99.00,99.00,,93.45,82.71,82.78,89.52,85.00,,,77.85,64.07,64.99,51.21,93.25,79.33,100.00,100.00,100.00,74.06,99.00,71.96,78.02,85.88,84.50,88.59,63.74,96.56,95.66,100.00,93.44
CAN,Canada,North America,2020,Leader,88.74,91.37,85.97,85.87,91.94,99.14,85.43,87.71,70.06,94.85,100.00,74.56,85.48,97.56,90.50,97.67,99.70,99.00,99.00,,100.00,72.37,83.92,89.52,85.00,,,86.20,65.51,74.61,53.92,100.00,89.71,100.00,100.00,100.00,74.56,99.00,71.95,100.00,95.12,85.03,84.12,80.62,97.32,97.48,100.00,97.67
CAN,Canada,North America,2021,Leader,86.94,83.51,88.79,83.42,92.35,96.17,73.74,77.76,75.19,96.78,100.00,74.88,85.52,89.87,91.03,97.67,99.70,99.00,99.00,70.00,75.97,58.87,86.38,89.52,85.00,50.00,0.00,89.64,72.33,78.05,60.75,100.00,93.57,100.00,100.00,100.00,74.88,99.00,72.03,84.67,95.06,85.72,84.58,82.94,98.01,96.17,100.00,97.67
CAN,Canada,North America,2022,Leader,86.93,86.34,90.18,79.66,92.08,97.47,79.49,77.76,78.10,97.35,100.00,75.19,85.57,78.23,90.69,97.67,99.70,99.00,99.00,83.00,85.46,66.06,86.94,89.52,85.00,50.00,0.00,90.56,77.23,78.98,65.65,100.00,94.70,100.00,100.00,100.00,75.19,99.00,72.14,74.64,81.82,85.97,85.04,83.14,96.63,95.17,100.00,97.67
CAN,Canada,North America,2023,Leader,88.46,92.41,86.74,83.62,91.35,97.77,90.63,85.26,71.50,95.35,100.00,75.42,85.57,89.87,89.77,97.67,99.70,99.00,99.00,86.00,100.00,83.29,88.61,89.52,85.00,100.00,0.00,77.29,77.29,65.71,65.71,100.00,90.70,100.00,100.00,100.00,75.42,99.00,72.14,84.67,95.06,85.43,85.04,79.11,95.93,95.86,100.00,97.67
CAN,Canada,North America,2024,Leader,87.20,92.93,84.52,81.80,90.02,98.07,91.62,85.26,65.92,95.37,100.00,76.73,85.57,83.08,89.23,93.18,99.70,99.00,99.00,89.00,100.00,86.77,88.09,89.52,85.00,100.00,0.00,72.25,72.47,60.67,58.30,100.00,90.74,100.00,100.00,100.00,76.73,99.00,72.14,82.08,84.09,85.55,85.52,78.66,92.70,96.47,100.00,93.18
CHE,Switzerland,Europe & Central Asia,2014,Advanced,77.31,66.61,98.44,86.19,63.22,98.40,31.73,72.78,96.09,100.00,100.00,80.48,86.29,91.80,70.20,35.30,100.00,99.00,97.00,,18.78,24.37,52.02,61.90,89.10,,,100.00,99.04,99.33,86.00,100.00,100.00,100.00,100.00,100.00,80.48,100.00,72.58,88.10,95.51,88.43,50.39,36.43,99.24,56.58,90.25,35.30
CHE,Switzerland,Europe & Central Asia,2015,Advanced,79.71,72.56,96.47,86.74,66.50,98.80,46.20,72.78,91.18,100.00,100.00,81.90,86.52,91.80,71.19,47.77,100.00,99.00,98.00,,27.54,40.05,71.01,61.90,89.10,,,100.00,92.50,92.78,79.45,100.00,100.00,100.00,100.00,100.00,81.90,100.00,73.03,88.10,95.51,88.60,55.27,37.23,100.00,56.58,91.79,47.77
CHE,Switzerland,Europe & Central Asia,2016,Leader,81.72,77.54,96.46,84.75,70.35,99.52,57.94,72.78,91.14,100.00,100.00,81.00,86.74,86.52,72.88,60.23,100.00,99.40,99.40,,34.94,55.99,82.91,61.90,89.10,,,100.00,92.57,92.66,79.33,100.00,100.00,100.00,100.00,100.00,81.00,100.00,73.49,77.53,95.51,88.79,60.15,41.61,100.00,56.58,94.74,60.23
CHE,Switzerland,Europe & Central Asia,2017,Leader,83.86,81.14,96.47,85.58,73.81,99.92,66.54,72.78,91.18,100.00,100.00,82.92,86.67,87.15,74.09,72.70,100.00,99.90,99.90,,43.62,70.80,85.19,61.90,89.10,,,100.00,92.56,92.75,79.42,100.00,100.00,100.00,100.00,100.00,82.92,100.00,73.34,89.01,85.29,89.05,72.43,43.62,100.00,56.58,90.00,72.70
CHE,Switzerland,Europe & Central Asia,2018,Leader,85.72,83.50,98.97,86.09,75.90,99.92,72.99,71.68,97.43,100.00,100.00,84.20,86.79,87.29,75.18,78.80,100.00,99.90,99.90,,54.57,78.66,85.75,61.90,86.33,,,100.00,100.00,100.00,89.72,100.00,100.00,100.00,100.00,100.00,84.20,100.00,73.58,82.27,92.31,89.26,84.72,43.30,100.00,56.58,88.75,78.80
CHE,Switzerland,Europe & Central Asia,2019,Leader,86.70,90.90,89.30,89.40,77.88,99.92,81.48,91.68,75.75,97.49,100.00,84.76,87.10,96.34,76.62,82.89,100.00,99.90,99.90,,63.29,95.15,86.00,95.24,86.33,,,93.17,72.05,79.45,58.33,100.00,94.98,100.00,100.00,100.00,84.76,100.00,74.20,92.67,100.00,89.47,83.83,51.06,100.00,56.58,88.19,82.89
CHE,Switzerland,Europe & Central Asia,2020,Leader,89.78,95.91,89.15,90.94,83.54,99.92,94.02,91.68,78.98,93.91,100.00,85.41,87.40,100.00,82.68,86.97,100.00,99.90,99.90,,93.19,100.00,88.86,95.24,86.33,,,92.44,79.13,78.82,65.51,100.00,87.82,100.00,100.00,100.00,85.41,100.00,74.79,100.00,100.00,89.86,82.94,79.15,100.00,57.67,90.50,86.97
CHE,Switzerland,Europe & Central Asia,2021,Leader,89.12,90.70,94.75,86.70,84.67,99.82,84.53,84.77,89.30,97.59,100.00,85.96,87.70,86.44,84.09,86.97,100.00,99.90,99.90,99.00,71.47,91.94,90.19,95.24,86.33,75.00,0.00,100.00,91.22,88.37,77.60,100.00,95.18,100.00,100.00,100.00,85.96,100.00,75.40,82.64,90.24,90.11,79.86,83.74,100.00,61.43,90.50,86.97
CHE,Switzerland,Europe & Central Asia,2022,Leader,91.57,94.61,100.00,87.98,84.45,99.82,94.33,84.77,100.00,100.00,100.00,86.36,88.22,89.37,83.82,86.97,100.00,99.90,99.90,99.00,92.18,100.00,90.82,95.24,86.33,75.00,0.00,100.00,100.00,100.00,100.00,100.00,100.00,100.00,100.00,100.00,86.36,100.00,76.44,85.96,92.77,90.23,76.77,81.56,100.00,61.91,94.00,86.97
CHE,Switzerland,Europe & Central Asia,2023,Leader,92.57,95.75,100.00,91.64,83.69,99.82,97.18,84.77,100.00,100.00,100.00,86.70,88.22,100.00,82.87,86.97,100.00,99.90,99.90,99.00,100.00,100.00,91.54,95.24,86.33,75.00,0.00,100.00,100.00,100.00,100.00,100.00,100.00,100.00,100.00,100.00,86.70,100.00,76.44,100.00,100.00,90.35,76.77,76.85,100.00,62.49,92.50,86.97
CHE,Switzerland,Europe & Central Asia,2024,Leader,90.28,95.90,92.39,87.75,85.44,99.82,97.54,84.77,80.97,100.00,100.00,86.87,88.22,88.16,83.98,91.25,100.00,99.90,99.90,99.00,100.00,100.00,92.63,95.24,86.33,75.00,0.00,90.01,82.17,76.39,75.29,100.00,100.00,100.00,100.00,100.00,86.87,100.00,76.44,85.96,90.36,90.26,84.08,74.09,97.70,67.74,96.19,91.25
CHL,Chile,Latin America & Caribbean,2014,Advanced,65.74,46.02,73.68,82.49,66.78,81.06,4.99,58.00,64.92,83.18,72.18,62.40,85.07,100.00,73.92,38.20,96.00,90.64,64.00,,6.95,8.02,0.00,66.67,45.00,,,74.35,74.35,55.49,55.49,93.40,72.96,70.17,46.38,100.00,62.40,97.00,73.15,100.00,100.00,64.12,81.89,51.75,72.33,96.72,87.50,38.20
CHL,Chile,Latin America & Caribbean,2015,Advanced,69.23,56.11,72.94,83.11,67.55,87.60,23.67,58.00,62.53,83.74,72.18,63.71,85.61,100.00,75.02,37.70,96.00,95.00,76.00,,13.82,18.41,38.77,66.67,45.00,,,71.96,71.96,53.10,53.10,93.95,73.52,70.17,46.38,100.00,63.71,97.00,74.21,100.00,100.00,64.48,79.71,55.07,75.54,96.72,86.84,37.70
CHL,Chile,Latin America & Caribbean,2016,Advanced,72.34,64.32,74.67,81.61,69.86,89.20,42.60,58.00,67.05,83.54,72.18,62.56,85.81,96.45,78.02,37.20,96.00,95.00,80.00,,21.71,39.82,66.28,66.67,45.00,,,76.48,76.48,57.62,57.62,93.75,73.32,70.17,46.38,100.00,62.56,96.50,75.12,92.91,100.00,64.94,77.54,65.84,78.33,96.72,91.00,37.20
CHL,Chile,Latin America & Caribbean,2017,Advanced,74.59,69.68,74.98,83.67,70.81,93.60,51.60,58.00,67.77,83.58,72.18,65.09,85.92,100.00,79.34,36.70,96.00,97.00,89.00,,24.52,49.69,80.58,66.67,45.00,,,77.20,77.20,58.34,58.34,93.80,73.37,70.17,46.38,100.00,65.09,96.00,75.83,100.00,100.00,65.22,80.43,70.14,80.91,96.72,87.00,36.70
CHL,Chile,Latin America & Caribbean,2018,Advanced,75.21,71.75,74.49,82.21,72.82,95.60,54.77,58.00,77.45,72.68,72.18,67.24,86.05,93.33,79.27,47.00,96.00,97.00,94.00,,25.79,56.10,82.43,66.67,45.00,,,86.88,86.88,68.02,68.02,82.90,62.46,70.17,46.38,100.00,67.24,96.00,76.09,100.00,86.67,65.48,83.33,68.89,79.22,96.72,88.75,47.00
CHL,Chile,Latin America & Caribbean,2019,Advanced,76.09,74.30,69.02,85.11,76.78,97.00,59.75,58.00,60.62,75.85,72.18,69.04,86.30,100.00,81.50,57.92,99.00,97.00,96.00,,27.83,68.63,82.79,66.67,45.00,,,73.79,67.63,53.60,47.44,86.79,64.91,70.17,46.38,100.00,69.04,96.00,76.59,100.00,100.00,65.59,84.31,77.31,80.45,96.72,90.50,57.92
CHL,Chile,Latin America & Caribbean,2020,Advanced,76.35,74.84,66.38,85.44,80.04,98.60,59.50,58.00,61.12,68.73,72.18,70.78,86.43,99.12,82.85,68.83,99.00,99.00,98.00,,27.39,68.42,82.68,66.67,45.00,,,74.02,68.41,53.83,48.22,79.66,57.79,70.17,46.38,100.00,70.78,96.00,76.85,98.25,100.00,66.81,85.29,81.50,82.37,96.41,89.00,68.83
CHL,Chile,Latin America & Caribbean,2021,Advanced,76.29,69.07,70.91,84.47,81.87,88.89,50.62,66.35,69.84,71.33,72.18,73.30,85.38,94.72,85.13,68.83,99.00,99.00,98.00,1.93,16.59,50.79,84.48,76.19,50.00,75.00,40.00,81.83,75.72,63.97,57.86,81.01,61.66,70.17,46.38,100.00,73.30,96.00,74.76,96.49,92.94,67.36,84.05,90.31,83.56,96.42,92.00,68.83
CHL,Chile,Latin America & Caribbean,2022,Advanced,77.05,70.60,70.81,87.37,80.70,89.53,53.80,66.35,73.27,67.65,72.18,75.26,86.85,100.00,83.67,68.83,99.00,99.00,98.00,8.26,27.37,50.83,83.21,76.19,50.00,75.00,40.00,85.64,78.78,67.77,60.91,77.33,57.97,70.17,46.38,100.00,75.26,96.00,77.71,100.00,100.00,67.20,82.80,83.61,83.34,96.80,92.00,68.83
CHL,Chile,Latin America & Caribbean,2023,Leader,80.23,75.08,78.52,87.96,79.91,90.78,63.74,66.35,77.48,82.73,72.18,77.03,86.85,100.00,82.68,68.83,99.00,99.00,98.00,20.83,44.95,62.66,83.59,76.19,50.00,75.00,40.00,89.18,83.65,71.32,65.79,92.40,73.05,70.17,46.38,100.00,77.03,96.00,77.71,100.00,100.00,67.00,82.80,76.54,82.22,100.00,92.50,68.83
CHL,Chile,Latin America & Caribbean,2024,Leader,80.32,79.80,74.37,88.27,79.43,92.31,73.09,68.22,67.58,82.26,72.18,77.96,86.85,100.00,81.72,70.24,99.00,98.00,98.00,40.07,60.77,73.38,85.12,76.19,50.00,87.50,40.00,81.64,68.87,63.78,56.04,91.93,72.58,70.17,46.38,100.00,77.96,96.00,77.71,100.00,100.00,66.96,86.12,74.82,77.12,100.00,93.33,70.24
CHN,China,East Asia & Pacific,2014,Transitioner,64.82,53.18,74.26,76.21,58.66,87.49,22.50,45.90,72.91,66.50,92.45,65.77,76.02,86.83,62.31,44.10,99.46,98.00,71.00,,15.29,14.98,37.24,34.29,63.33,,,90.12,72.50,73.32,55.70,75.60,57.40,100.00,77.35,100.00,65.77,96.80,55.25,85.96,87.70,54.92,60.63,36.42,68.14,74.49,94.50,44.10
CHN,China,East Asia & Pacific,2015,Advanced,70.61,68.70,74.88,77.38,62.44,97.10,49.04,51.24,74.31,66.67,92.45,68.50,76.82,86.83,65.50,50.20,99.50,98.00,95.00,,36.84,47.53,62.73,34.29,76.67,,,91.35,73.73,74.89,57.27,75.59,57.76,100.00,77.35,100.00,68.50,96.80,56.85,85.96,87.70,57.67,68.72,41.28,71.73,74.49,95.96,50.20
CHN,China,East Asia & Pacific,2016,Advanced,73.85,74.08,75.22,78.94,67.61,99.10,60.48,51.24,75.77,66.06,92.45,70.72,77.64,88.47,70.44,56.30,99.50,99.00,99.00,,45.59,66.01,69.84,34.29,76.67,,,92.70,75.08,76.47,58.85,74.85,57.27,100.00,77.35,100.00,70.72,96.80,58.47,89.25,87.70,59.66,76.81,55.96,75.32,74.49,96.75,56.30
CHN,China,East Asia & Pacific,2017,Advanced,76.47,78.87,76.10,82.06,69.44,99.10,72.46,51.24,77.53,66.49,92.45,73.87,78.46,93.85,71.20,62.40,99.50,99.00,99.00,,52.56,87.85,76.96,34.29,76.67,,,94.62,77.00,78.05,60.43,75.47,57.52,100.00,77.35,100.00,73.87,96.80,60.12,100.00,87.70,59.98,81.46,64.47,76.09,74.49,80.50,62.40
CHN,China,East Asia & Pacific,2018,Advanced,78.60,78.81,77.75,82.30,75.69,99.10,70.30,55.24,79.51,68.64,92.45,76.40,79.30,91.21,73.91,82.80,99.50,99.00,99.00,,47.54,81.62,81.74,34.29,86.67,,,96.44,78.82,80.21,62.59,77.43,59.85,100.00,77.35,100.00,76.40,96.80,61.80,100.00,82.42,59.89,86.11,70.92,74.32,74.49,93.75,82.80
CHN,China,East Asia & Pacific,2019,Advanced,78.05,81.11,70.74,83.65,77.31,99.18,75.98,55.24,70.09,58.01,97.49,78.44,80.21,92.29,74.72,87.67,99.90,99.00,99.00,,51.79,92.71,83.44,34.29,86.67,,,84.52,71.67,68.51,55.67,66.69,49.34,100.00,92.48,100.00,78.44,96.90,63.51,100.00,84.58,60.24,88.35,72.78,73.79,74.49,96.25,87.67
CHN,China,East Asia & Pacific,2020,Leader,82.32,89.17,77.19,86.42,77.22,99.18,96.14,55.24,72.06,72.16,97.49,80.55,81.13,97.57,73.39,92.53,99.90,99.00,99.00,,100.00,100.00,88.41,34.29,86.67,,,85.16,74.11,70.01,58.97,80.36,63.96,100.00,92.48,100.00,80.55,97.00,65.25,100.00,95.14,59.11,90.59,65.27,73.48,75.16,97.25,92.53
CHN,China,East Asia & Pacific,2021,Leader,81.81,88.26,74.81,87.17,77.82,95.19,96.38,58.14,76.28,61.99,97.49,82.75,82.01,96.74,74.14,92.53,99.90,99.00,99.00,60.02,100.00,100.00,89.13,34.29,86.67,100.00,0.00,87.44,79.65,72.92,65.13,69.85,54.13,100.00,92.48,100.00,82.75,97.00,67.02,100.00,93.49,57.86,89.68,68.96,74.23,74.81,100.00,92.53
CHN,China,East Asia & Pacific,2022,Leader,84.82,91.87,83.86,86.83,77.37,97.25,96.21,72.43,77.19,83.73,97.49,83.69,82.01,94.80,73.58,92.53,99.90,99.00,99.00,80.56,100.00,100.00,88.62,62.86,86.67,100.00,0.00,88.34,80.55,73.82,66.03,91.59,75.86,100.00,92.48,100.00,83.69,97.00,67.02,100.00,89.60,58.89,88.76,72.04,68.52,75.09,98.00,92.53
CHN,China,East Asia & Pacific,2023,Leader,85.21,92.09,84.16,87.65,77.60,98.19,95.82,72.43,77.54,84.11,97.49,85.01,82.01,95.94,73.87,92.53,99.90,99.00,99.00,90.00,100.00,100.00,87.46,62.86,86.67,100.00,0.00,88.70,80.90,74.18,66.38,91.97,76.24,100.00,92.48,100.00,85.01,97.00,67.02,100.00,91.88,59.91,88.76,74.17,66.42,75.22,98.50,92.53
CHN,China,East Asia & Pacific,2024,Leader,84.78,91.57,81.58,88.61,78.05,98.44,94.29,72.43,70.55,84.66,97.49,85.69,82.01,98.13,74.63,91.73,100.00,99.00,99.00,92.37,100.00,100.00,82.86,62.86,86.67,100.00,0.00,82.52,72.40,68.00,59.27,92.53,76.80,100.00,92.48,100.00,85.69,97.00,67.02,100.00,96.27,59.90,92.58,76.08,64.17,76.74,100.00,91.73
CIV,Cote d'Ivoire,Sub-Saharan Africa,2014,Discoverer,28.94,23.58,39.12,34.02,22.36,40.96,3.41,29.14,32.80,41.94,46.14,39.99,31.16,30.91,22.08,23.50,95.00,52.03,2.88,,5.84,4.38,0.00,28.57,30.00,,,43.81,39.52,26.07,21.78,51.55,32.33,63.22,0.00,75.21,39.99,44.00,18.31,53.49,8.33,24.83,17.32,4.29,33.68,14.43,49.02,23.50
CIV,Cote d'Ivoire,Sub-Saharan Africa,2015,Discoverer,32.73,29.25,44.96,34.96,24.95,49.44,9.13,29.14,34.46,38.22,79.48,40.86,33.11,30.91,23.80,29.53,95.00,71.10,5.00,,6.76,5.03,15.59,28.57,30.00,,,45.47,41.18,27.73,23.44,47.83,28.61,63.22,100.00,75.21,40.86,47.02,19.20,53.49,8.33,29.66,18.08,5.44,35.93,14.43,49.02,29.53
CIV,Cote d'Ivoire,Sub-Saharan Africa,2016,Emerging,37.85,46.75,47.93,33.20,27.59,64.90,26.82,50.29,34.46,45.62,79.48,42.88,35.53,21.20,25.59,35.57,95.00,85.85,28.90,,9.04,11.98,59.44,57.14,40.00,,,45.47,41.18,27.73,23.44,55.23,36.01,63.22,100.00,75.21,42.88,50.04,21.02,34.07,8.33,29.98,18.84,11.01,38.60,14.43,49.02,35.57
CIV,Cote d'Ivoire,Sub-Saharan Africa,2017,Emerging,41.01,48.88,49.30,38.77,30.27,64.90,30.15,54.29,36.31,47.20,79.48,44.45,36.63,35.22,27.44,41.60,95.00,85.85,28.90,,10.29,15.89,64.28,57.14,50.00,,,46.14,41.85,30.78,26.49,55.52,38.88,63.22,100.00,75.21,44.45,48.62,24.64,49.66,20.77,30.96,20.53,15.10,41.92,14.43,49.02,41.60
CIV,Cote d'Ivoire,Sub-Saharan Africa,2018,Emerging,45.19,54.43,61.46,40.37,30.87,75.48,33.46,54.29,67.56,46.36,79.48,45.67,37.30,38.13,27.19,45.60,95.70,85.85,55.00,,10.30,18.32,71.78,57.14,50.00,,,86.84,63.64,71.48,48.28,54.68,38.04,63.22,100.00,75.21,45.67,47.20,27.41,69.48,6.78,30.95,22.22,17.43,37.50,14.43,49.02,45.60
CIV,Cote d'Ivoire,Sub-Saharan Africa,2019,Emerging,46.94,56.89,40.86,60.15,34.73,78.19,36.90,54.29,34.89,44.19,46.14,46.79,59.48,74.20,29.24,56.71,97.12,91.57,55.34,,13.62,22.40,74.67,57.14,50.00,,,51.38,33.76,36.02,18.40,52.51,35.87,63.22,0.00,75.21,46.79,90.00,28.95,78.02,70.37,31.90,33.76,18.18,40.30,14.43,49.02,56.71
CIV,Cote d'Ivoire,Sub-Saharan Africa,2020,Emerging,45.01,57.40,38.87,46.70,39.41,79.18,37.17,54.29,31.38,42.72,46.14,47.81,50.25,42.05,32.30,67.82,97.54,92.25,56.92,,12.25,20.78,78.48,57.14,50.00,,,51.32,25.55,37.21,11.44,50.36,35.07,63.22,0.00,75.21,47.81,70.00,30.49,68.64,15.46,32.42,45.29,21.43,45.13,15.38,49.02,67.82
CIV,Cote d'Ivoire,Sub-Saharan Africa,2021,Emerging,45.45,51.33,42.56,48.33,40.41,71.80,34.75,43.57,28.16,55.16,46.14,48.93,40.87,55.19,33.55,67.82,97.60,92.45,62.65,0.00,7.95,16.23,80.08,57.14,50.00,0.00,0.00,48.54,21.88,34.43,7.77,62.81,47.52,63.22,0.00,75.21,48.93,50.00,31.74,59.26,51.11,32.85,49.98,22.68,47.85,15.03,48.74,67.82
CIV,Cote d'Ivoire,Sub-Saharan Africa,2022,Emerging,48.07,54.39,47.57,50.75,40.66,80.53,33.66,43.57,39.39,56.48,46.14,50.19,40.87,61.18,33.87,67.82,97.70,94.89,82.00,0.00,8.73,18.30,73.95,57.14,50.00,0.00,0.00,56.07,36.81,41.96,22.70,64.12,48.83,63.22,0.00,75.21,50.19,50.00,31.74,74.36,48.00,33.16,54.67,17.53,50.39,17.15,47.60,67.82
CIV,Cote d'Ivoire,Sub-Saharan Africa,2023,Emerging,48.78,58.54,44.37,52.01,41.91,84.82,39.00,45.07,39.67,48.19,46.14,51.38,40.87,63.77,35.43,67.82,97.80,96.00,91.60,0.00,13.34,24.62,79.03,57.14,55.00,0.00,0.00,55.34,38.11,41.23,23.99,55.84,40.55,63.22,0.00,75.21,51.38,50.00,31.74,66.67,60.87,33.63,54.67,23.63,50.56,18.06,47.88,67.82
CIV,Cote d'Ivoire,Sub-Saharan Africa,2024,Emerging,49.72,61.47,43.76,51.63,44.01,87.07,44.08,45.07,36.85,49.47,46.14,52.58,40.87,61.46,35.27,78.95,98.70,97.00,95.00,4.00,20.39,31.84,80.01,57.14,55.00,0.00,0.00,52.19,35.96,38.07,21.18,57.12,41.83,63.22,0.00,75.21,52.58,50.00,31.74,74.64,48.28,34.39,52.19,24.90,46.06,20.39,49.02,78.95
CMR,Cameroon,Sub-Saharan Africa,2014,Discoverer,32.14,23.16,32.58,49.94,28.33,41.54,1.91,28.91,23.62,24.42,66.82,37.55,57.42,54.84,25.11,41.20,79.68,64.00,0.00,,1.67,4.08,0.00,26.67,32.27,,,34.42,34.42,12.81,12.81,36.13,12.71,69.29,31.17,100.00,37.55,72.55,42.29,100.00,9.68,24.53,19.69,3.00,44.37,9.07,69.46,41.20
CMR,Cameroon,Sub-Saharan Africa,2015,Discoverer,33.57,29.47,28.65,50.86,29.57,52.34,4.01,34.63,18.67,19.54,66.82,39.29,58.47,54.84,26.66,41.23,79.68,66.60,24.40,,5.50,6.55,0.00,34.48,34.87,,,29.48,29.48,7.86,7.86,31.24,7.83,69.29,31.17,100.00,39.29,72.55,44.38,100.00,9.68,27.91,20.71,4.71,46.53,9.07,69.46,41.23
CMR,Cameroon,Sub-Saharan Africa,2016,Emerging,36.52,37.34,35.52,43.46,30.86,59.18,16.85,34.63,32.46,26.83,59.02,34.40,59.40,36.57,28.26,41.27,81.88,69.31,37.70,,13.59,20.00,16.97,34.48,34.87,,,43.26,43.26,21.65,21.65,38.54,15.12,62.37,31.17,83.51,34.40,72.55,46.25,63.47,9.68,27.68,21.74,9.15,49.82,9.07,69.46,41.27
CMR,Cameroon,Sub-Saharan Africa,2017,Emerging,41.45,46.01,35.68,52.05,34.56,61.81,35.89,34.63,32.87,26.82,59.02,35.99,59.14,61.01,32.88,41.30,82.82,72.12,41.00,,16.81,28.52,62.34,34.48,34.87,,,43.67,43.67,22.06,22.06,38.53,15.11,62.37,31.17,83.51,35.99,72.55,45.73,62.03,60.00,40.46,33.78,10.92,52.32,9.07,69.46,41.30
CMR,Cameroon,Sub-Saharan Africa,2018,Emerging,48.14,49.35,48.85,61.93,35.97,66.15,37.58,39.26,44.64,47.98,59.02,37.53,60.18,88.10,34.17,43.20,84.76,80.00,43.00,,16.45,29.69,66.61,42.19,34.87,,,60.74,47.41,41.88,28.55,58.19,37.76,62.37,31.17,83.51,37.53,72.55,47.81,100.00,76.19,40.18,45.83,13.37,50.57,9.07,69.46,43.20
CMR,Cameroon,Sub-Saharan Africa,2019,Emerging,46.96,52.13,45.25,56.56,36.44,74.44,36.25,39.26,35.23,48.39,59.02,38.96,61.24,69.47,34.45,44.42,95.81,85.20,53.00,,15.19,30.75,62.79,42.19,34.87,,,44.66,44.66,25.80,25.80,58.60,38.17,62.37,31.17,83.51,38.96,72.55,49.93,75.31,63.64,38.61,46.45,13.79,52.84,9.07,69.46,44.42
CMR,Cameroon,Sub-Saharan Africa,2020,Emerging,46.94,54.77,41.60,56.01,38.04,76.72,40.58,39.26,34.86,39.63,59.02,40.73,62.33,64.96,36.15,45.63,96.30,88.66,55.00,,16.76,30.66,74.33,42.19,34.87,,,44.37,44.20,25.51,25.34,49.85,29.41,62.37,31.17,83.51,40.73,72.55,52.12,81.33,48.59,37.91,47.06,15.75,56.37,12.45,69.46,45.63
CMR,Cameroon,Sub-Saharan Africa,2021,Emerging,48.90,53.77,42.84,63.86,38.88,72.61,41.27,41.08,35.63,41.96,59.02,41.96,63.45,86.17,37.19,45.63,97.08,92.26,65.00,0.00,14.80,28.21,80.79,61.24,34.87,0.00,0.00,45.06,45.06,26.20,26.20,52.18,31.74,62.37,31.17,83.51,41.96,72.55,54.35,87.34,85.00,37.65,43.11,16.16,59.90,15.37,70.60,45.63
CMR,Cameroon,Sub-Saharan Africa,2022,Emerging,46.58,53.01,39.08,59.07,38.46,77.00,35.00,41.08,32.09,36.10,59.02,43.88,63.45,69.89,36.66,45.63,98.00,94.00,74.00,0.00,10.57,26.28,68.14,61.24,34.87,0.00,0.00,54.11,28.93,35.25,10.07,46.31,25.88,62.37,31.17,83.51,43.88,72.55,54.35,62.50,77.27,37.48,39.16,13.79,60.10,17.07,70.60,45.63
CMR,Cameroon,Sub-Saharan Africa,2023,Emerging,49.37,53.91,43.84,64.79,38.81,84.60,29.62,41.08,42.73,37.36,59.02,45.52,63.45,85.39,37.11,45.63,98.00,97.00,90.00,0.00,12.33,27.03,49.51,61.24,34.87,0.00,0.00,56.60,47.72,37.74,28.85,47.58,27.14,62.37,31.17,83.51,45.52,72.55,54.35,83.54,87.23,37.23,39.16,17.40,58.10,17.65,71.17,45.63
CMR,Cameroon,Sub-Saharan Africa,2024,Emerging,47.44,55.37,37.81,57.61,41.99,87.50,30.39,41.08,26.74,38.28,59.02,46.97,63.45,62.41,36.10,65.53,99.00,99.00,95.00,0.00,16.67,36.12,38.37,61.24,34.87,0.00,0.00,42.02,32.12,23.16,9.67,48.50,28.06,62.37,31.17,83.51,46.97,72.55,54.35,71.89,52.94,34.48,39.89,18.31,53.79,18.70,70.58,65.53
COD,"Congo, Democratic Republic",Sub-Saharan Africa,2014,Discoverer,16.20,18.58,12.30,28.66,10.50,18.80,2.44,50.45,11.08,8.43,22.49,18.25,51.07,16.67,12.40,2.90,50.00,22.00,0.00,,3.07,4.24,0.00,32.19,77.83,,,29.91,3.25,11.17,0.00,16.85,0.00,46.83,0.00,20.63,18.25,77.00,25.14,33.33,0.00,3.03,4.72,1.50,10.05,27.22,35.72,2.90
COD,"Congo, Democratic Republic",Sub-Saharan Africa,2015,Discoverer,17.02,19.88,11.99,29.67,11.88,20.40,4.09,50.45,11.04,7.69,22.49,21.07,51.28,16.67,14.03,3.27,50.00,26.00,0.00,,5.89,6.38,0.00,32.19,77.83,,,29.85,3.19,11.11,0.00,15.37,0.00,46.83,0.00,20.63,21.07,77.00,25.56,33.33,0.00,6.27,6.71,2.00,13.46,27.22,35.72,3.27
COD,"Congo, Democratic Republic",Sub-Saharan Africa,2016,Discoverer,17.46,21.86,12.54,26.21,12.93,23.70,5.72,50.45,9.81,10.29,22.49,27.14,51.49,0.00,15.26,3.63,50.00,34.25,0.00,,8.32,8.83,0.00,32.19,77.83,,,28.21,1.55,9.47,0.00,20.44,0.15,46.83,0.00,20.63,27.14,77.00,25.98,0.00,0.00,5.65,8.70,2.41,18.78,27.22,35.72,3.63
COD,"Congo, Democratic Republic",Sub-Saharan Africa,2017,Discoverer,19.29,29.57,12.68,26.38,13.99,26.20,22.49,50.45,9.85,9.84,24.01,28.31,50.84,0.00,16.49,4.00,50.00,40.51,0.00,,11.07,11.67,44.74,32.19,77.83,,,28.27,1.61,9.54,0.00,19.69,0.00,46.83,4.57,20.63,28.31,75.28,26.41,0.00,0.00,5.67,14.76,2.33,21.99,27.22,35.72,4.00
COD,"Congo, Democratic Republic",Sub-Saharan Africa,2018,Discoverer,20.56,34.20,14.37,26.50,13.73,40.24,20.05,50.45,4.53,19.68,23.43,29.30,50.19,0.00,16.96,0.80,73.00,53.10,11.00,,9.48,11.34,39.32,32.19,77.83,,,9.06,9.06,0.00,0.00,29.83,9.54,46.83,2.84,20.63,29.30,73.55,26.83,0.00,0.00,5.85,20.83,2.71,20.75,27.22,35.72,0.80
COD,"Congo, Democratic Republic",Sub-Saharan Africa,2019,Discoverer,21.06,44.60,11.22,27.56,14.26,49.44,25.40,73.30,4.90,11.06,24.18,30.00,50.41,2.28,17.06,3.05,73.00,53.10,34.00,,10.33,13.65,52.23,70.29,77.83,,,19.17,0.00,0.44,0.00,21.21,0.91,46.83,5.08,20.63,30.00,73.55,27.26,0.00,4.56,5.88,16.89,3.34,22.57,27.22,35.72,3.05
COD,"Congo, Democratic Republic",Sub-Saharan Africa,2020,Discoverer,21.55,48.06,10.39,29.55,14.61,53.40,30.10,73.30,2.75,11.19,24.09,30.78,50.63,7.23,16.93,5.30,75.00,54.00,42.00,,12.02,15.34,62.95,70.29,77.83,,,11.01,0.00,0.00,0.00,21.33,1.04,46.83,4.81,20.63,30.78,73.55,27.70,0.00,14.46,6.09,12.94,4.18,22.85,27.22,35.72,5.30
COD,"Congo, Democratic Republic",Sub-Saharan Africa,2021,Discoverer,22.49,40.96,13.56,29.91,15.41,45.90,27.26,58.49,8.35,25.33,0.42,31.67,50.84,7.23,17.94,5.30,75.00,54.00,42.00,0.00,9.47,14.16,58.14,70.29,77.83,0.00,0.00,23.25,5.63,4.52,0.00,35.47,15.18,0.00,1.27,0.00,31.67,73.55,28.13,0.00,14.46,6.60,18.18,4.71,23.02,27.22,38.07,5.30
COD,"Congo, Democratic Republic",Sub-Saharan Africa,2022,Discoverer,24.49,40.31,19.57,27.81,16.40,45.90,25.63,58.49,9.84,27.64,22.89,32.59,50.84,0.00,19.17,5.30,75.00,54.00,42.00,0.00,10.04,17.31,49.55,70.29,77.83,0.00,0.00,25.23,7.61,6.50,0.00,37.79,17.49,46.83,1.21,20.63,32.59,73.55,28.13,0.00,0.00,7.41,23.41,4.87,22.56,30.99,36.66,5.30
COD,"Congo, Democratic Republic",Sub-Saharan Africa,2023,Discoverer,25.23,42.21,17.51,33.15,16.53,46.30,29.98,58.49,9.62,22.45,23.43,33.26,50.84,15.36,19.33,5.30,75.00,54.00,43.00,0.00,12.50,22.70,54.75,70.29,77.83,0.00,0.00,24.94,7.32,6.21,0.00,32.59,12.30,46.83,2.84,20.63,33.26,73.55,28.13,10.71,20.00,8.03,23.41,6.16,22.71,30.31,35.49,5.30
COD,"Congo, Democratic Republic",Sub-Saharan Africa,2024,Discoverer,28.61,50.37,17.95,28.44,26.07,57.70,35.60,65.24,9.33,23.81,23.43,34.47,50.84,0.00,18.40,56.75,77.00,68.00,57.00,0.00,15.21,25.52,66.08,70.29,77.83,45.00,0.00,21.92,12.23,3.18,0.00,33.96,13.67,46.83,2.84,20.63,34.47,73.55,28.13,0.00,0.00,8.55,20.67,6.81,17.88,29.18,38.50,56.75
COG,Congo,Sub-Saharan Africa,2014,Discoverer,24.72,21.00,30.37,40.04,14.62,31.63,2.67,36.40,2.45,40.03,66.90,28.72,58.11,33.29,16.80,5.90,75.00,41.57,0.00,,3.70,4.32,0.00,24.00,55.00,,,7.04,2.75,0.00,0.00,52.20,27.87,70.52,30.19,100.00,28.72,80.30,35.91,48.05,18.52,14.45,10.24,4.80,33.00,7.58,38.14,5.90
COG,Congo,Sub-Saharan Africa,2015,Discoverer,26.10,23.30,28.30,40.46,17.40,36.80,3.27,36.40,8.01,29.21,67.07,29.20,58.90,33.29,20.43,5.27,75.00,54.49,0.00,,4.19,5.61,0.00,24.00,55.00,,,18.16,13.87,0.00,0.00,41.38,17.05,70.52,30.68,100.00,29.20,80.30,37.49,48.05,18.52,23.70,7.29,5.07,42.69,7.58,38.91,5.27
COG,Congo,Sub-Saharan Africa,2016,Discoverer,28.00,28.61,29.38,40.21,18.18,48.80,4.52,36.40,6.99,33.80,65.31,27.30,59.70,33.62,21.57,4.63,75.00,64.50,20.00,,5.97,7.59,0.00,24.00,55.00,,,16.13,11.84,0.00,0.00,45.96,21.63,69.15,30.06,96.74,27.30,80.30,39.10,48.72,18.52,23.98,4.35,8.57,45.74,7.58,39.59,4.63
COG,Congo,Sub-Saharan Africa,2017,Discoverer,33.34,39.79,33.27,47.24,19.77,57.22,24.06,36.40,17.17,34.13,63.72,28.43,60.53,52.78,23.71,4.00,75.00,65.80,39.74,,12.43,17.39,42.35,24.00,55.00,,,30.55,26.26,8.09,3.80,46.29,21.97,67.72,30.10,93.33,28.43,80.30,40.75,72.22,33.33,23.47,10.51,11.16,48.83,7.58,44.52,4.00
COG,Congo,Sub-Saharan Africa,2018,Emerging,37.55,48.55,33.80,53.88,22.48,71.18,32.00,36.40,25.78,37.34,42.77,29.46,61.37,70.80,23.93,16.70,86.10,76.40,58.50,,14.75,22.83,58.42,24.00,55.00,,,37.01,37.01,14.56,14.56,49.50,25.17,49.11,30.10,49.09,29.46,80.30,42.43,71.01,70.59,23.23,16.67,10.90,46.41,7.58,46.40,16.70
COG,Congo,Sub-Saharan Africa,2019,Emerging,37.74,53.86,28.56,54.85,24.06,77.72,38.72,36.40,15.26,36.79,38.68,30.25,62.23,72.07,26.15,15.71,86.00,84.10,67.20,,17.49,26.21,72.47,24.00,55.00,,,34.68,14.15,12.22,0.00,48.96,24.63,45.48,30.10,40.45,30.25,80.30,44.15,81.98,62.16,24.24,24.22,12.48,50.24,7.58,48.14,15.71
COG,Congo,Sub-Saharan Africa,2020,Discoverer,34.54,57.24,25.42,39.16,24.98,78.24,43.81,42.11,13.08,31.81,37.35,31.14,63.10,23.25,27.54,14.72,87.00,84.10,68.00,,21.93,27.54,81.95,33.52,55.00,,,32.71,9.38,10.22,0.00,43.99,19.63,44.30,30.10,37.65,31.14,80.30,45.91,29.82,16.67,24.69,31.76,14.38,52.27,7.00,46.98,14.72
COG,Congo,Sub-Saharan Africa,2021,Emerging,38.88,50.01,33.77,53.40,25.32,70.04,38.37,33.26,14.48,45.24,49.44,32.15,64.00,64.04,27.97,14.72,88.00,84.10,69.00,0.00,12.23,20.49,82.38,33.52,55.00,0.00,0.00,34.51,11.36,12.05,0.00,57.40,33.07,44.30,66.36,37.65,32.15,80.30,47.70,64.44,63.64,25.29,31.77,14.62,53.87,5.14,50.17,14.72
COG,Congo,Sub-Saharan Africa,2022,Discoverer,32.92,50.84,23.00,39.67,25.31,71.00,39.48,33.26,20.97,11.23,50.60,33.23,64.00,21.77,27.96,14.72,90.00,85.00,70.00,0.00,11.82,24.29,82.33,33.52,55.00,0.00,0.00,37.11,27.29,14.66,4.84,22.47,0.00,44.30,69.84,37.65,33.23,80.30,47.70,21.81,21.74,26.04,31.77,12.58,54.74,5.90,49.30,14.72
COG,Congo,Sub-Saharan Africa,2023,Discoverer,34.10,53.38,21.51,44.54,26.44,72.20,35.35,51.79,20.37,8.13,50.57,34.06,64.00,35.56,29.37,14.72,90.00,87.00,71.00,0.00,13.15,24.83,68.08,52.57,60.00,50.00,0.00,36.51,26.69,14.05,4.23,16.26,0.00,44.23,69.99,37.48,34.06,80.30,47.70,51.11,20.00,28.18,31.77,16.50,53.08,8.41,49.59,14.72
COG,Congo,Sub-Saharan Africa,2024,Emerging,35.36,56.76,19.53,50.75,27.81,73.30,42.69,51.79,13.62,8.36,53.67,35.61,64.00,52.64,27.86,27.60,91.00,87.00,73.00,2.00,18.99,29.69,79.40,52.57,60.00,50.00,0.00,30.18,16.58,7.72,0.00,16.73,0.00,46.99,69.99,44.04,35.61,80.30,47.70,56.71,48.57,29.51,27.60,17.38,45.68,9.47,46.90,27.60
COL,Colombia,Latin America & Caribbean,2014,Transitioner,58.38,41.32,58.32,71.87,67.06,69.32,12.57,42.81,43.57,62.76,78.97,51.71,78.73,85.19,69.12,58.80,100.00,82.10,41.21,,7.36,9.73,20.61,28.57,64.17,,,57.96,53.67,33.48,29.18,76.02,49.50,81.03,55.87,100.00,51.71,94.00,63.45,92.59,77.78,67.67,78.74,37.95,60.75,96.87,86.00,58.80
COL,Colombia,Latin America & Caribbean,2015,Transitioner,59.47,44.26,56.87,72.09,68.95,72.34,16.90,42.81,43.50,59.19,78.97,52.69,78.39,85.19,71.65,58.17,100.00,88.86,42.00,,10.05,17.69,22.96,28.57,64.17,,,57.47,53.18,33.83,29.54,72.00,46.39,81.03,55.87,100.00,52.69,94.00,62.77,92.59,77.78,68.71,78.86,44.33,65.37,96.87,87.09,58.17
COL,Colombia,Latin America & Caribbean,2016,Transitioner,61.71,50.47,55.37,73.18,70.91,81.60,23.17,42.81,41.09,57.84,78.97,55.44,79.04,85.06,74.26,57.53,100.00,95.00,59.00,,14.93,29.66,24.93,28.57,64.17,,,54.82,50.53,31.66,27.37,70.38,45.29,81.03,55.87,100.00,55.44,95.00,63.07,92.34,77.78,68.65,78.99,52.10,68.30,96.87,91.75,57.53
COL,Colombia,Latin America & Caribbean,2017,Advanced,65.31,58.02,55.42,77.87,72.68,84.00,39.64,42.81,42.56,58.66,74.66,57.78,79.45,96.38,76.62,56.90,100.00,95.00,65.00,,17.33,35.85,65.72,28.57,64.17,,,55.97,51.68,33.45,29.16,70.86,46.46,56.50,100.00,67.48,57.78,95.00,63.90,100.00,92.77,69.51,83.59,59.41,70.40,96.87,90.25,56.90
COL,Colombia,Latin America & Caribbean,2018,Advanced,68.21,59.58,64.71,76.78,73.13,85.06,42.49,42.81,49.07,75.39,74.66,59.86,79.35,91.15,77.29,56.50,100.00,95.00,67.64,,18.38,37.27,71.82,28.57,64.17,,,60.56,60.56,37.57,37.57,87.84,62.93,56.50,100.00,67.48,59.86,95.00,63.70,91.97,90.32,69.22,88.19,62.33,68.18,96.87,91.50,56.50
COL,Colombia,Latin America & Caribbean,2019,Advanced,67.87,66.27,55.26,77.83,74.43,86.40,46.44,65.67,45.42,55.39,74.66,61.61,78.98,92.90,78.01,60.11,100.00,95.00,71.00,,20.45,45.32,73.54,66.67,64.17,,,61.19,53.45,37.38,29.65,68.29,42.50,56.50,100.00,67.48,61.61,95.00,62.96,91.87,93.94,69.56,82.33,67.83,68.65,96.87,92.00,60.11
COL,Colombia,Latin America & Caribbean,2020,Advanced,67.99,66.56,53.60,78.97,75.87,87.90,45.66,65.67,43.46,53.21,74.66,63.31,79.12,94.48,78.90,63.72,100.00,95.00,74.76,,20.19,40.97,75.81,66.67,64.17,,,62.97,49.49,37.43,23.95,67.05,39.38,56.50,100.00,67.48,63.31,96.00,62.23,94.58,94.37,70.95,76.47,74.99,69.37,96.59,88.75,63.72
COL,Colombia,Latin America & Caribbean,2021,Advanced,67.58,58.07,58.34,80.07,76.90,79.60,39.27,52.58,44.38,64.14,74.66,65.71,78.66,95.83,80.19,63.72,100.00,95.00,79.00,0.00,11.71,31.64,74.47,66.67,64.17,0.00,0.00,62.99,52.23,36.52,25.76,78.48,49.81,56.50,100.00,67.48,65.71,96.00,61.33,97.29,94.37,72.00,75.33,79.56,69.38,96.60,91.50,63.72
COL,Colombia,Latin America & Caribbean,2022,Advanced,68.67,59.35,61.58,80.07,75.96,81.88,40.20,52.58,50.14,66.48,74.66,67.57,78.82,93.83,79.02,63.72,100.00,96.00,83.70,0.00,10.92,33.64,76.05,66.67,64.17,0.00,0.00,63.19,63.19,37.10,37.10,80.62,52.35,56.50,100.00,67.48,67.57,96.00,61.64,100.00,87.65,72.30,74.18,73.38,68.75,96.85,93.50,63.72
COL,Colombia,Latin America & Caribbean,2023,Advanced,71.10,63.73,64.19,82.69,75.55,82.80,43.48,66.08,61.44,61.71,74.66,69.26,78.82,100.00,78.51,63.72,100.00,97.00,85.00,0.00,13.19,38.65,78.61,66.67,69.17,80.00,0.00,74.21,74.21,48.67,48.67,75.54,47.87,56.50,100.00,67.48,69.26,96.00,61.64,100.00,100.00,72.20,74.18,69.62,66.89,100.00,93.50,63.72
COL,Colombia,Latin America & Caribbean,2024,Advanced,70.57,68.04,58.53,83.17,74.88,85.25,51.80,66.08,44.71,64.29,74.66,70.68,78.82,100.00,77.17,65.73,100.00,97.60,86.70,15.30,25.56,48.62,81.22,66.67,69.17,80.00,0.00,62.13,48.91,36.59,31.22,78.13,50.46,56.50,100.00,67.48,70.68,96.00,61.64,100.00,100.00,71.95,75.21,69.64,61.67,100.00,90.00,65.73
COM,Comoros,Middle East & North Africa,2014,Discoverer,19.14,14.91,25.86,35.48,9.82,32.17,1.02,8.19,23.11,3.40,76.26,27.39,50.15,28.89,11.55,2.90,90.85,35.00,0.00,,3.06,,0.00,11.43,3.33,,,33.49,33.49,12.73,12.73,6.81,0.00,100.00,28.79,100.00,27.39,58.80,41.50,39.02,18.76,7.61,1.57,4.43,23.70,6.44,29.53,2.90
COM,Comoros,Middle East & North Africa,2015,Discoverer,22.18,19.79,24.56,35.99,13.83,42.17,1.02,12.59,22.80,0.47,76.26,28.65,50.43,28.89,16.47,3.27,90.85,60.00,0.00,,3.06,,0.00,18.76,3.33,,,33.17,33.17,12.43,12.43,0.95,0.00,100.00,28.79,100.00,28.65,58.80,42.06,39.02,18.76,28.11,3.32,5.01,23.70,6.44,34.84,3.27
COM,Comoros,Middle East & North Africa,2016,Discoverer,25.99,29.36,29.00,35.01,15.31,62.17,3.27,15.92,30.21,4.16,76.26,24.92,51.22,28.89,18.23,3.63,90.85,60.00,50.00,,3.06,6.76,0.00,18.76,11.67,,,40.57,40.57,19.84,19.84,8.32,0.00,100.00,28.79,100.00,24.92,58.80,43.63,39.02,18.76,28.44,5.07,9.68,23.49,6.44,41.12,3.63
COM,Comoros,Middle East & North Africa,2017,Discoverer,28.17,32.34,29.17,36.33,18.39,69.77,3.11,15.92,30.62,4.18,76.26,26.14,52.02,30.83,21.98,4.00,90.85,79.00,50.00,,4.23,5.11,0.00,18.76,11.67,,,41.00,41.00,20.24,20.24,8.36,0.00,100.00,28.79,100.00,26.14,58.80,45.24,39.02,22.64,29.91,7.40,15.60,33.77,6.44,40.98,4.00
COM,Comoros,Middle East & North Africa,2018,Discoverer,29.06,40.31,25.99,37.37,18.23,80.57,6.04,28.35,23.01,3.83,76.26,27.25,52.84,32.01,22.41,1.50,90.85,86.00,70.00,,7.05,11.07,0.00,27.81,29.17,,,33.38,33.38,12.64,12.64,7.65,0.00,100.00,28.79,100.00,27.25,58.80,46.87,39.02,25.00,30.07,9.72,19.14,29.73,6.44,43.61,1.50
COM,Comoros,Middle East & North Africa,2019,Discoverer,29.97,46.01,22.86,39.97,19.19,85.37,15.47,28.35,14.85,4.15,76.26,28.10,53.67,38.15,23.34,2.61,90.85,86.00,82.00,,8.24,17.54,20.63,27.81,29.17,,,33.45,13.26,12.71,0.00,8.31,0.00,100.00,28.79,100.00,28.10,58.80,48.54,54.73,21.57,31.72,11.04,20.82,29.55,6.44,45.29,2.61
COM,Comoros,Middle East & North Africa,2020,Discoverer,29.36,43.32,23.15,40.01,18.52,86.97,7.16,28.35,15.14,4.60,76.26,29.00,54.52,36.50,22.22,3.72,90.85,90.00,82.00,,7.36,14.13,0.00,27.81,29.17,,,34.69,11.94,13.95,0.00,9.20,0.00,100.00,28.79,100.00,29.00,58.80,50.25,45.13,27.87,30.48,12.35,24.20,22.77,8.00,39.00,3.72
COM,Comoros,Middle East & North Africa,2021,Discoverer,30.26,42.28,23.28,39.93,21.32,78.00,5.55,44.31,14.62,5.46,76.26,29.97,55.39,34.43,25.72,3.72,92.00,90.00,82.00,0.00,4.75,11.89,0.00,51.62,54.17,15.00,0.00,33.99,11.24,13.23,0.00,10.91,0.00,100.00,28.79,100.00,29.97,58.80,51.98,35.53,33.33,30.38,7.81,25.87,35.79,8.23,48.91,3.72
COM,Comoros,Middle East & North Africa,2022,Discoverer,28.55,44.47,22.51,36.30,18.27,78.80,7.58,49.57,13.54,4.61,76.26,30.97,55.39,22.54,21.91,3.72,92.00,90.00,84.00,0.00,8.16,14.59,0.00,61.14,55.83,15.00,0.00,32.55,9.81,11.79,0.00,9.23,0.00,100.00,28.79,100.00,30.97,58.80,51.98,25.93,19.15,30.10,3.26,22.03,35.62,7.02,26.31,3.72
COM,Comoros,Middle East & North Africa,2023,Discoverer,31.09,48.17,23.04,40.26,20.91,79.00,16.63,49.57,14.17,5.29,76.26,31.70,55.39,33.68,25.20,3.72,94.00,90.00,84.00,0.00,9.31,20.96,19.63,61.14,55.83,15.00,0.00,33.39,10.65,12.64,0.00,10.59,0.00,100.00,28.79,100.00,31.70,58.80,51.98,43.72,23.64,31.25,3.26,27.43,35.45,7.66,45.20,3.72
COM,Comoros,Middle East & North Africa,2024,Discoverer,34.14,48.47,24.51,45.90,24.92,79.72,16.68,49.57,17.18,5.96,76.26,33.28,55.39,49.03,21.35,39.22,94.00,90.00,85.81,0.00,11.37,24.34,14.32,61.14,55.83,15.00,0.00,37.40,14.66,16.65,0.00,11.93,0.00,100.00,28.79,100.00,33.28,58.80,51.98,48.05,50.00,30.06,2.30,29.25,22.07,7.46,33.46,39.22
CPV,Cabo Verde,Sub-Saharan Africa,2014,Emerging,37.84,26.41,39.61,67.60,28.98,36.90,15.95,26.35,32.49,31.97,69.15,49.43,68.48,84.89,35.50,2.90,98.44,43.03,0.00,,4.45,3.92,39.47,24.38,29.31,,,41.67,41.67,23.30,23.30,41.91,22.02,84.78,22.67,100.00,49.43,87.00,49.96,81.57,88.20,35.86,16.54,20.40,50.94,28.13,67.80,2.90
CPV,Cabo Verde,Sub-Saharan Africa,2015,Emerging,40.78,29.57,37.73,70.13,35.34,42.54,18.22,26.35,32.87,26.87,69.15,51.89,68.06,90.45,43.21,3.87,98.44,57.14,0.00,,6.06,5.43,43.16,24.38,29.31,,,42.04,42.04,23.71,23.71,36.80,16.93,84.78,22.67,100.00,51.89,87.00,49.13,92.70,88.20,46.64,31.09,28.81,56.67,28.13,80.51,3.87
CPV,Cabo Verde,Sub-Saharan Africa,2016,Emerging,44.59,35.46,41.31,69.12,39.05,46.55,28.93,26.35,33.91,34.78,69.15,48.85,67.10,91.40,47.61,4.83,98.76,67.00,0.00,,7.23,7.99,71.58,24.38,29.31,,,43.08,43.08,24.74,24.74,44.72,24.85,84.78,22.67,100.00,48.85,87.00,47.20,94.60,88.20,46.26,45.65,37.39,61.90,28.13,83.08,4.83
CPV,Cabo Verde,Sub-Saharan Africa,2017,Emerging,45.52,38.07,41.98,64.88,41.40,49.75,32.25,26.35,34.91,35.45,69.15,50.69,66.84,77.11,50.31,5.80,98.76,75.00,0.00,,7.00,10.27,79.47,24.38,29.31,,,44.10,44.10,25.73,25.73,45.40,25.50,84.78,22.67,100.00,50.69,87.00,46.68,81.01,73.22,48.95,47.13,42.25,66.79,28.13,83.71,5.80
CPV,Cabo Verde,Sub-Saharan Africa,2018,Emerging,46.95,38.96,47.09,63.75,41.55,52.27,31.95,26.35,47.91,35.24,69.15,52.05,66.31,72.90,50.66,5.10,99.34,81.00,0.00,,7.03,9.33,79.47,24.38,29.31,,,57.09,57.09,38.72,38.72,45.19,25.28,84.78,22.67,100.00,52.05,87.00,45.63,72.58,73.22,49.77,48.61,45.29,68.06,28.13,75.50,5.10
CPV,Cabo Verde,Sub-Saharan Africa,2019,Transitioner,52.64,54.22,47.83,67.04,44.16,89.07,33.31,26.35,48.52,36.47,69.15,53.24,65.45,82.43,52.35,11.42,99.34,94.00,79.00,,9.76,14.65,75.53,24.38,29.31,,,57.71,57.71,39.34,39.34,46.42,26.52,84.78,22.67,100.00,53.24,87.00,43.90,84.56,80.31,50.13,49.31,45.98,70.14,28.13,85.43,11.42
CPV,Cabo Verde,Sub-Saharan Africa,2020,Transitioner,52.14,56.15,40.17,69.64,47.04,89.47,37.74,26.35,32.99,32.86,69.15,54.27,64.87,89.78,54.36,17.74,99.34,94.00,80.00,,13.08,19.83,80.30,24.38,29.31,,,53.84,30.51,35.48,12.14,42.81,22.91,84.78,22.67,100.00,54.27,87.00,42.74,87.41,92.16,51.01,50.00,50.74,72.19,31.86,82.00,17.74
CPV,Cabo Verde,Sub-Saharan Africa,2021,Transitioner,52.22,51.14,42.93,71.92,47.07,79.53,37.83,20.98,36.43,36.33,69.15,55.40,64.30,96.08,54.40,17.74,99.34,94.00,80.00,0.00,10.21,19.22,84.06,24.38,29.31,0.00,0.00,54.42,36.79,36.06,18.44,46.27,26.39,84.78,22.67,100.00,55.40,87.00,41.59,100.00,92.16,52.07,49.83,51.05,73.15,33.08,75.50,17.74
CPV,Cabo Verde,Sub-Saharan Africa,2022,Transitioner,55.27,51.83,54.51,70.01,47.19,79.53,39.56,20.98,38.59,63.11,69.15,56.64,64.30,89.08,54.55,17.74,99.34,94.00,80.00,0.00,12.14,26.37,80.16,24.38,29.31,0.00,0.00,56.58,38.96,38.21,20.59,73.06,53.16,84.78,22.67,100.00,56.64,87.00,41.59,83.22,94.94,52.12,49.65,47.85,73.77,33.24,81.91,17.74
CPV,Cabo Verde,Sub-Saharan Africa,2023,Transitioner,56.21,53.60,57.16,70.20,46.41,80.33,43.19,20.98,42.93,65.39,69.15,58.01,64.30,88.30,53.57,17.74,99.34,95.00,81.00,0.00,15.74,33.39,80.42,24.38,29.31,0.00,0.00,60.92,43.30,42.57,24.95,75.33,55.45,84.78,22.67,100.00,58.01,87.00,41.59,84.63,91.97,52.41,49.65,43.84,72.91,32.37,83.00,17.74
CPV,Cabo Verde,Sub-Saharan Africa,2024,Transitioner,60.05,55.73,57.95,73.80,54.55,81.61,47.24,20.98,43.94,66.36,69.15,59.63,64.30,97.47,55.30,51.54,99.40,96.17,83.00,0.00,21.31,42.00,78.40,24.38,29.31,0.00,0.00,61.94,44.32,43.57,25.95,76.32,56.41,84.78,22.67,100.00,59.63,87.00,41.59,94.93,100.00,52.76,68.92,42.98,70.23,33.84,84.50,51.54
CRI,Costa Rica,Latin America & Caribbean,2014,Transitioner,57.41,31.13,69.64,78.76,63.61,56.06,1.96,39.62,52.69,76.02,90.77,58.68,79.43,98.17,70.69,35.30,93.00,72.22,21.44,,2.40,3.48,0.00,23.81,63.33,,,74.44,53.31,52.07,30.94,88.13,63.90,88.60,92.48,91.23,58.68,97.90,60.96,96.34,100.00,58.97,61.42,49.28,75.86,96.50,84.25,35.30
CRI,Costa Rica,Latin America & Caribbean,2015,Transitioner,61.77,38.85,72.63,79.62,64.79,66.45,10.86,39.62,56.74,79.46,90.77,60.24,80.45,98.17,72.31,34.73,93.00,78.48,41.14,,3.27,4.70,24.59,23.81,63.33,,,78.34,57.21,56.27,35.15,91.41,67.50,88.60,92.48,91.23,60.24,97.90,63.00,96.34,100.00,61.89,62.59,50.81,78.52,96.50,85.06,34.73
CRI,Costa Rica,Latin America & Caribbean,2016,Advanced,65.01,45.41,71.39,82.07,67.15,78.43,15.27,39.62,54.83,78.27,90.77,65.55,80.65,100.00,75.40,34.17,93.40,85.28,64.10,,3.81,6.37,35.65,23.81,63.33,,,76.57,55.45,54.21,33.08,90.39,66.16,88.60,92.48,91.23,65.55,97.90,63.40,100.00,100.00,62.34,63.77,60.37,81.04,96.50,89.70,34.17
CRI,Costa Rica,Latin America & Caribbean,2017,Advanced,69.19,52.61,79.60,80.72,67.79,87.73,22.64,42.29,75.67,77.96,90.77,68.36,81.08,92.71,76.33,33.60,97.10,92.49,78.28,,5.10,8.56,54.26,23.81,70.00,,,97.18,76.06,75.27,54.15,89.82,66.09,88.60,92.48,91.23,68.36,97.90,64.26,92.83,92.59,62.67,65.56,63.78,82.81,96.50,86.25,33.60
CRI,Costa Rica,Latin America & Caribbean,2018,Advanced,69.77,57.85,74.71,82.78,66.22,93.06,30.43,42.29,76.43,66.52,87.65,70.69,81.93,95.72,77.25,22.10,97.30,95.00,89.00,,10.46,17.31,63.51,23.81,70.00,,,97.95,76.82,76.04,54.91,78.39,54.65,85.73,92.48,84.75,70.69,97.90,65.95,96.38,95.06,62.59,67.36,67.16,80.83,96.50,91.00,22.10
CRI,Costa Rica,Latin America & Caribbean,2019,Advanced,69.73,59.82,64.94,85.02,71.59,93.06,35.34,42.29,57.60,60.93,87.65,72.56,82.50,100.00,78.29,44.78,97.31,95.00,89.00,,14.11,23.52,68.41,23.81,70.00,,,80.76,56.35,58.84,34.44,72.80,49.06,85.73,92.48,84.75,72.56,97.90,67.09,100.00,100.00,62.87,67.80,71.91,81.02,96.50,90.50,44.78
CRI,Costa Rica,Latin America & Caribbean,2020,Advanced,72.10,62.56,65.34,86.36,76.57,93.14,42.11,42.29,57.56,61.96,87.65,74.47,84.60,100.00,78.85,67.45,97.70,95.00,89.00,,17.63,27.81,80.91,23.81,70.00,,,79.81,58.30,56.82,35.30,74.42,49.51,85.73,92.48,84.75,74.47,97.90,71.30,100.00,100.00,63.17,68.24,75.37,82.14,96.21,86.50,67.45
CRI,Costa Rica,Latin America & Caribbean,2021,Advanced,72.99,57.68,72.45,87.55,77.59,86.59,41.15,32.90,60.82,76.49,87.65,77.18,85.47,100.00,80.13,67.45,97.90,96.00,96.00,0.00,14.84,23.45,85.16,23.81,70.00,0.00,0.00,81.90,62.10,59.54,39.74,88.60,64.37,85.73,92.48,84.75,77.18,97.90,73.05,100.00,100.00,63.54,68.18,79.75,82.29,96.22,89.50,67.45
CRI,Costa Rica,Latin America & Caribbean,2022,Advanced,72.69,58.20,71.17,88.24,76.38,86.59,42.47,32.90,63.07,71.03,87.65,79.25,85.47,100.00,78.61,67.45,97.90,96.00,96.00,0.00,16.28,25.78,85.35,23.81,70.00,0.00,0.00,83.70,63.90,62.23,42.43,82.66,59.40,85.73,92.48,84.75,79.25,97.90,73.05,100.00,100.00,63.04,68.12,71.79,81.58,96.58,92.00,67.45
CRI,Costa Rica,Latin America & Caribbean,2023,Advanced,73.74,60.62,71.50,88.55,77.01,87.39,47.72,32.90,64.66,70.27,87.65,81.30,85.47,98.86,79.40,67.45,97.90,97.00,97.00,0.00,23.96,34.62,84.56,23.81,70.00,0.00,0.00,85.22,65.42,63.90,44.10,81.82,58.72,85.73,92.48,84.75,81.30,97.90,73.05,100.00,97.73,63.16,68.12,72.94,80.59,100.00,92.50,67.45
CRI,Costa Rica,Latin America & Caribbean,2024,Advanced,74.08,63.30,68.48,89.11,77.97,89.26,52.55,32.90,55.26,72.12,87.65,81.87,85.47,100.00,78.70,75.07,98.09,98.09,98.09,9.76,30.33,42.12,85.19,23.81,70.00,0.00,0.00,68.57,62.18,47.25,43.04,83.67,60.57,85.73,92.48,84.75,81.87,97.90,73.05,100.00,100.00,62.71,72.17,71.09,77.40,100.00,92.38,75.07
CYP,Cyprus,Europe & Central Asia,2014,Transitioner,60.18,35.84,77.88,73.46,63.96,55.07,16.41,36.21,64.08,90.57,80.11,61.13,79.43,79.82,72.60,29.40,99.98,87.69,0.00,,7.17,5.75,36.32,32.67,41.53,,,77.40,65.98,60.88,52.06,98.11,83.04,70.17,70.17,100.00,61.13,99.00,59.86,75.44,84.21,77.92,47.24,40.60,92.46,86.94,82.91,29.40
CYP,Cyprus,Europe & Central Asia,2015,Advanced,65.21,47.37,77.37,73.92,66.75,74.36,25.96,36.21,63.46,89.92,80.11,61.52,80.40,79.82,74.48,35.83,99.98,94.34,41.58,,9.40,9.49,58.98,32.67,41.53,,,75.31,66.70,58.45,53.37,97.14,82.70,70.17,70.17,100.00,61.52,99.00,61.80,75.44,84.21,79.22,50.43,41.93,95.23,86.94,87.74,35.83
CYP,Cyprus,Europe & Central Asia,2016,Advanced,72.46,59.93,79.13,79.37,73.24,87.18,30.47,64.36,64.45,93.31,80.11,78.24,81.67,78.22,80.99,42.27,99.98,99.00,68.97,,11.11,14.29,66.01,61.24,69.03,,,72.73,67.79,62.23,55.03,100.00,86.63,70.17,70.17,100.00,78.24,99.00,64.33,72.22,84.21,79.69,53.62,68.98,98.32,86.94,88.39,42.27
CYP,Cyprus,Europe & Central Asia,2017,Advanced,75.74,67.58,80.53,79.31,76.22,98.40,38.39,64.36,68.27,93.00,80.11,81.59,82.37,73.98,83.10,48.70,99.98,100.00,96.00,,14.90,19.37,80.89,61.24,69.03,,,79.31,68.95,67.99,56.82,99.56,86.43,70.17,70.17,100.00,81.59,99.00,65.75,62.59,85.37,80.79,66.05,71.68,100.00,86.94,86.10,48.70
CYP,Cyprus,Europe & Central Asia,2018,Advanced,78.36,69.13,79.44,85.02,80.76,98.80,41.85,64.36,64.86,93.68,80.11,84.40,84.02,86.64,84.65,65.20,99.98,100.00,97.00,,18.53,25.94,81.06,61.24,69.03,,,71.54,66.56,67.27,54.08,100.00,87.36,70.17,70.17,100.00,84.40,99.00,69.03,75.95,97.33,80.90,78.47,75.17,98.00,86.94,86.04,65.20
CYP,Cyprus,Europe & Central Asia,2019,Advanced,79.80,71.57,77.03,87.21,84.35,98.50,48.26,64.36,58.64,93.89,80.11,86.66,84.66,90.32,86.19,77.01,99.98,99.50,96.75,,26.15,35.47,83.16,61.24,69.03,,,72.59,56.80,60.47,44.68,100.00,87.77,70.17,70.17,100.00,86.66,99.00,70.31,83.16,97.47,81.19,82.77,79.75,98.53,86.94,86.28,77.01
CYP,Cyprus,Europe & Central Asia,2020,Leader,80.81,76.51,76.89,83.07,87.28,99.40,51.12,81.50,58.66,93.50,80.11,87.25,85.76,76.20,86.89,88.82,99.98,99.50,99.00,,34.29,34.99,84.08,89.81,69.03,,,72.62,56.82,60.50,44.70,100.00,86.99,70.17,70.17,100.00,87.25,99.00,72.51,69.07,83.33,81.25,87.06,79.22,100.00,87.60,85.72,88.82
CYP,Cyprus,Europe & Central Asia,2021,Leader,84.08,76.17,79.95,91.43,89.75,99.20,52.81,76.86,64.21,95.62,80.11,87.79,86.49,100.00,89.98,88.82,99.98,99.50,99.00,98.00,35.23,37.50,85.69,89.81,69.03,75.00,0.00,78.12,62.32,66.09,50.29,100.00,91.23,70.17,70.17,100.00,87.79,99.00,73.99,100.00,100.00,81.59,82.49,96.47,100.00,87.11,86.98,88.82
CYP,Cyprus,Europe & Central Asia,2022,Leader,84.38,80.03,80.37,89.94,87.65,99.68,61.96,76.86,64.40,96.47,80.11,88.26,86.55,95.00,87.36,88.82,100.00,100.00,99.21,100.00,53.17,45.79,86.93,89.81,69.03,75.00,0.00,78.31,62.52,66.28,50.48,100.00,92.94,70.17,70.17,100.00,88.26,99.00,74.09,90.00,100.00,81.50,77.92,87.59,100.00,84.10,89.29,88.82
CYP,Cyprus,Europe & Central Asia,2023,Leader,84.32,83.29,80.98,89.85,83.43,99.60,70.18,76.86,65.24,97.16,80.11,88.70,86.55,94.30,82.08,88.82,100.00,100.00,99.00,100.00,66.41,57.16,86.97,89.81,69.03,75.00,0.00,79.15,63.36,67.13,51.33,100.00,94.32,70.17,70.17,100.00,88.70,99.00,74.09,93.20,95.40,80.98,77.92,62.30,100.00,83.95,88.45,88.82
CYP,Cyprus,Europe & Central Asia,2024,Leader,86.68,87.08,81.71,91.44,86.79,99.63,79.64,76.86,66.49,97.72,80.11,88.85,86.55,98.91,83.98,98.01,100.00,100.00,99.07,100.00,80.53,69.67,88.73,89.81,69.03,75.00,0.00,80.40,64.60,68.37,52.58,100.00,95.44,70.17,70.17,100.00,88.85,99.00,74.09,100.00,97.83,81.97,82.17,65.07,100.00,87.96,87.60,98.01
CZE,Czechia,Europe & Central Asia,2014,Advanced,69.09,54.91,74.24,88.42,63.22,76.36,29.24,63.36,78.83,69.03,75.48,79.71,89.16,96.39,66.52,50.00,99.80,95.00,46.00,,13.98,18.88,54.87,61.71,65.83,,,87.62,79.62,78.03,70.04,74.22,63.83,63.22,63.22,100.00,79.71,100.00,78.32,100.00,92.77,79.26,37.01,28.52,88.96,86.48,61.77,50.00
CZE,Czechia,Europe & Central Asia,2015,Advanced,72.28,63.17,74.70,88.88,65.09,90.76,35.49,63.36,79.98,69.03,75.48,80.72,89.52,96.39,67.95,53.63,99.80,95.00,82.00,,15.91,23.26,67.29,61.71,65.83,,,88.73,80.74,79.22,71.23,74.17,63.88,63.22,63.22,100.00,80.72,100.00,79.04,100.00,92.77,80.00,42.42,30.40,91.04,86.48,61.21,53.63
CZE,Czechia,Europe & Central Asia,2016,Advanced,76.41,70.64,80.08,88.56,68.04,99.40,43.18,68.03,91.55,70.92,75.48,79.79,89.50,96.39,70.73,57.27,99.82,99.30,99.30,,20.17,32.35,77.02,61.71,77.50,,,100.00,92.25,90.97,82.98,75.94,65.90,63.22,63.22,100.00,79.79,100.00,79.00,100.00,92.77,80.42,47.83,37.04,92.47,86.48,66.70,57.27
CZE,Czechia,Europe & Central Asia,2017,Advanced,77.28,75.47,77.00,87.59,70.06,99.40,53.99,70.60,82.11,72.65,75.48,83.08,88.92,90.77,72.35,60.90,99.80,99.30,99.30,,29.51,46.89,85.57,66.00,77.50,,,90.67,82.68,81.55,73.56,77.58,67.71,63.22,63.22,100.00,83.08,100.00,77.84,100.00,81.54,80.58,56.55,40.82,93.89,86.48,63.37,60.90
CZE,Czechia,Europe & Central Asia,2018,Advanced,79.67,79.28,80.20,89.77,70.58,99.40,63.49,70.60,87.16,75.60,75.48,85.81,88.55,94.96,74.00,56.90,99.80,99.30,99.30,,42.76,62.05,85.66,66.00,77.50,,,91.72,91.72,82.60,82.60,80.54,70.67,63.22,63.22,100.00,85.81,100.00,77.09,92.91,97.01,80.74,65.28,45.56,92.46,86.48,64.23,56.90
CZE,Czechia,Europe & Central Asia,2019,Leader,81.01,85.25,74.71,91.51,73.88,99.64,78.18,70.60,66.11,82.93,75.48,87.97,86.63,99.93,75.94,65.64,99.80,99.60,99.60,,60.06,86.30,88.18,66.00,77.50,,,79.62,61.94,70.27,52.60,88.00,77.87,63.22,63.22,100.00,87.97,100.00,73.27,99.86,100.00,80.78,68.82,51.18,93.00,86.48,67.73,65.64
CZE,Czechia,Europe & Central Asia,2020,Leader,84.33,92.37,76.78,91.05,78.32,99.72,87.34,87.74,67.03,87.18,75.48,88.47,86.56,98.11,79.31,74.37,99.80,99.70,99.70,,72.97,99.16,89.88,94.57,77.50,,,79.39,64.33,69.73,54.67,92.41,81.94,63.22,63.22,100.00,88.47,100.00,73.13,100.00,96.22,81.12,72.35,66.45,93.26,85.89,67.33,74.37
CZE,Czechia,Europe & Central Asia,2021,Leader,83.21,84.32,77.89,91.88,79.46,94.81,73.22,85.54,75.29,81.70,75.48,88.96,86.69,100.00,80.73,74.37,99.80,99.70,99.70,50.71,49.35,80.74,89.57,94.57,77.50,100.00,0.00,89.49,70.82,79.75,61.08,86.98,76.42,63.22,63.22,100.00,88.96,100.00,73.37,100.00,100.00,81.48,69.64,72.82,93.48,85.28,71.53,74.37
CZE,Czechia,Europe & Central Asia,2022,Leader,83.80,86.59,78.53,91.14,79.57,96.89,76.83,85.54,82.84,75.74,75.48,89.34,87.40,96.68,80.88,74.37,99.80,99.70,99.70,71.50,53.96,86.77,89.76,94.57,77.50,100.00,0.00,100.00,74.98,90.99,65.40,80.93,70.55,63.22,63.22,100.00,89.34,100.00,74.81,96.67,96.70,81.73,66.93,74.51,92.50,84.96,74.45,74.37
CZE,Czechia,Europe & Central Asia,2023,Leader,85.54,89.77,82.46,91.26,79.25,98.36,83.29,85.54,79.03,89.38,75.48,89.74,87.40,96.63,80.46,74.37,99.80,99.60,99.60,87.00,63.85,95.05,90.96,94.57,77.50,100.00,0.00,94.17,73.48,84.58,63.89,94.57,84.19,63.22,63.22,100.00,89.74,100.00,74.81,93.27,100.00,81.80,66.93,73.60,92.06,85.08,72.63,74.37
CZE,Czechia,Europe & Central Asia,2024,Leader,86.53,93.28,79.48,91.31,82.80,98.66,91.78,85.54,71.64,89.33,75.48,89.88,87.40,96.63,81.51,87.93,99.80,99.60,99.60,90.00,84.05,100.00,91.28,94.57,77.50,100.00,0.00,83.23,71.73,73.65,57.96,94.52,84.13,63.22,63.22,100.00,89.88,100.00,74.81,93.27,100.00,81.79,70.06,73.83,89.62,89.28,76.01,87.93
DEU,Germany,Europe & Central Asia,2014,Advanced,75.91,60.61,84.90,86.36,74.72,89.80,27.81,67.81,85.13,87.05,80.11,71.86,89.48,97.75,75.75,70.60,99.00,95.00,80.00,,16.09,16.66,50.68,61.90,76.67,,,97.18,85.20,85.06,73.09,93.62,80.49,70.17,70.17,100.00,71.86,99.00,79.96,100.00,95.51,86.77,66.93,29.28,93.33,88.43,94.96,70.60
DEU,Germany,Europe & Central Asia,2015,Advanced,78.75,70.13,83.71,86.65,75.60,93.80,37.73,87.62,86.09,83.13,80.11,72.63,89.56,97.75,77.07,69.70,99.00,95.00,90.00,,23.65,26.32,63.21,90.48,83.33,,,98.27,86.30,85.88,73.91,89.84,76.42,70.17,70.17,100.00,72.63,99.00,80.13,100.00,95.51,86.79,75.49,29.20,95.14,88.43,96.10,69.70
DEU,Germany,Europe & Central Asia,2016,Leader,80.63,75.06,86.26,84.54,77.20,95.00,48.85,87.62,92.24,83.36,80.11,77.45,89.54,86.64,79.30,68.80,99.00,95.00,93.00,,31.97,40.62,73.95,90.48,83.33,,,100.00,93.92,93.50,81.53,90.07,76.64,70.17,70.17,100.00,77.45,99.00,80.08,77.78,95.51,86.94,84.06,33.95,96.57,88.43,97.12,68.80
DEU,Germany,Europe & Central Asia,2017,Leader,81.92,76.77,84.00,89.78,77.80,95.40,52.71,87.62,86.71,83.23,80.11,80.61,88.72,100.00,80.28,67.90,99.00,95.00,94.00,,33.53,45.17,79.41,90.48,83.33,,,98.85,86.88,86.55,74.58,89.90,76.57,70.17,70.17,100.00,80.61,99.00,78.45,100.00,100.00,87.03,88.56,36.25,97.62,88.43,95.56,67.90
DEU,Germany,Europe & Central Asia,2018,Leader,81.90,79.41,80.40,86.67,81.31,98.20,56.53,87.62,81.23,79.70,80.11,83.24,89.12,87.65,80.41,84.90,99.00,98.00,98.00,,37.70,50.80,81.09,90.48,83.33,,,87.47,87.47,74.99,74.99,86.47,72.94,70.17,70.17,100.00,83.24,99.00,79.24,88.64,86.67,86.99,93.06,36.13,96.27,88.43,95.44,84.90
DEU,Germany,Europe & Central Asia,2019,Leader,81.50,82.82,74.02,86.58,83.13,98.20,63.89,89.90,72.95,72.05,80.11,85.34,89.30,85.11,81.13,91.16,99.00,98.00,98.00,,45.65,64.13,81.90,90.48,89.03,,,88.00,70.29,75.60,57.89,78.76,65.34,70.17,70.17,100.00,85.34,99.00,79.60,88.89,81.33,87.10,83.30,44.34,96.77,88.43,94.72,91.16
DEU,Germany,Europe & Central Asia,2020,Leader,87.72,88.60,81.87,91.90,88.82,99.60,76.94,89.90,80.41,84.20,80.11,85.78,89.93,100.00,86.68,97.41,99.60,99.60,99.60,,66.52,78.31,85.98,90.48,89.03,,,100.00,73.18,88.02,60.42,91.12,77.29,70.17,70.17,100.00,85.78,99.00,80.86,100.00,100.00,87.34,73.53,76.00,97.64,88.22,94.84,97.41
DEU,Germany,Europe & Central Asia,2021,Leader,87.91,84.08,85.78,91.29,90.72,98.67,69.94,83.20,83.82,90.56,80.11,86.28,89.93,97.65,89.04,97.41,99.90,99.60,99.60,90.00,57.16,64.54,88.11,90.48,89.03,75.00,0.00,100.00,78.68,90.69,65.92,97.47,83.65,70.17,70.17,100.00,86.28,99.00,80.87,100.00,95.29,87.57,76.29,83.75,99.31,88.11,96.64,97.41
DEU,Germany,Europe & Central Asia,2022,Leader,87.05,86.81,87.82,82.83,90.94,99.14,76.27,83.20,85.49,94.00,80.11,86.71,90.34,71.44,89.32,97.41,99.83,99.60,99.60,94.80,70.43,70.57,87.82,90.48,89.03,75.00,0.00,100.00,82.10,90.50,69.34,100.00,87.99,70.17,70.17,100.00,86.71,99.00,81.68,69.07,73.81,87.65,79.05,82.78,98.90,88.71,98.08,97.41
DEU,Germany,Europe & Central Asia,2023,Leader,89.15,90.42,85.34,90.17,90.79,99.26,85.20,83.20,86.30,87.01,80.11,87.04,90.34,93.12,89.14,97.41,99.90,99.60,99.60,95.90,86.78,81.59,87.23,90.48,89.03,75.00,0.00,100.00,83.19,91.58,70.43,93.92,80.10,70.17,70.17,100.00,87.04,99.00,81.68,92.98,93.26,87.82,79.05,79.20,97.87,92.12,98.32,97.41
DEU,Germany,Europe & Central Asia,2024,Leader,89.81,93.16,82.90,92.54,91.05,99.80,91.49,83.20,79.64,87.56,80.11,87.27,90.34,100.00,89.35,97.85,100.00,100.00,100.00,98.00,97.05,88.53,88.91,90.48,89.03,75.00,0.00,91.43,80.69,78.66,67.76,94.47,80.64,70.17,70.17,100.00,87.27,99.00,81.68,100.00,100.00,87.70,92.38,77.32,94.75,91.94,97.71,97.85
DNK,Denmark,Europe & Central Asia,2014,Advanced,79.79,71.14,80.17,91.01,78.09,99.50,43.86,69.00,72.98,94.12,66.67,80.18,96.65,96.19,82.92,58.80,99.50,99.50,99.50,,26.68,39.32,65.56,61.71,79.93,,,74.51,82.09,63.86,71.45,99.89,88.36,50.00,50.00,100.00,80.18,99.00,94.30,96.60,95.79,87.32,66.14,52.96,99.24,93.12,97.73,58.80
DNK,Denmark,Europe & Central Asia,2015,Leader,82.54,76.42,84.27,91.00,79.18,99.50,57.06,69.00,87.00,90.35,66.67,80.03,96.77,96.19,84.03,59.77,99.50,99.50,99.50,,34.51,61.98,74.69,61.71,79.93,,,88.41,95.99,78.01,85.60,95.98,84.72,50.00,50.00,100.00,80.03,99.00,94.54,96.60,95.79,87.58,71.84,54.46,100.00,93.12,98.17,59.77
DNK,Denmark,Europe & Central Asia,2016,Leader,84.74,81.42,84.53,92.92,80.65,99.60,69.45,69.00,87.41,90.58,66.67,85.48,97.08,96.19,85.63,60.73,99.99,99.50,99.50,,45.64,78.66,84.04,61.71,79.93,,,88.90,96.48,78.34,85.92,96.30,84.87,50.00,50.00,100.00,85.48,99.00,95.15,96.60,95.79,87.75,77.54,59.42,100.00,93.12,98.20,60.73
DNK,Denmark,Europe & Central Asia,2017,Leader,84.69,84.81,77.79,94.80,82.26,99.60,77.93,69.00,70.88,90.25,66.67,88.20,96.19,100.00,87.41,61.70,100.00,99.50,99.50,,54.74,90.53,88.52,61.71,79.93,,,72.49,80.07,61.68,69.26,96.11,84.40,50.00,50.00,100.00,88.20,99.00,93.38,100.00,100.00,87.76,88.77,62.59,100.00,93.12,98.35,61.70
DNK,Denmark,Europe & Central Asia,2018,Leader,86.81,86.92,79.39,93.48,88.04,99.80,83.01,69.00,74.32,90.82,66.67,88.92,95.45,96.07,88.75,85.20,100.00,99.99,99.50,,61.16,99.98,87.90,61.71,79.93,,,72.89,86.31,62.33,75.75,96.54,85.10,50.00,50.00,100.00,88.92,99.00,91.89,96.63,95.51,87.74,100.00,64.00,100.00,93.12,97.76,85.20
DNK,Denmark,Europe & Central Asia,2019,Leader,88.69,93.18,78.94,94.08,89.40,100.00,84.96,95.97,79.16,84.86,66.67,89.29,95.09,97.85,89.53,88.90,100.00,100.00,100.00,,66.88,100.00,87.99,100.00,89.93,,,86.75,81.81,76.52,71.58,90.40,79.32,50.00,50.00,100.00,89.29,99.00,91.18,100.00,95.70,87.72,98.53,68.58,100.00,93.12,97.88,88.90
DNK,Denmark,Europe & Central Asia,2020,Leader,89.11,94.89,76.21,94.79,91.99,100.00,87.90,98.64,80.84,76.36,66.67,89.62,94.74,100.00,91.84,92.60,100.00,100.00,100.00,,74.60,100.00,89.09,100.00,96.60,,,86.86,85.14,76.55,74.83,81.94,70.77,50.00,50.00,100.00,89.62,99.00,90.48,100.00,100.00,87.99,97.06,80.39,100.00,93.12,98.37,92.60
DNK,Denmark,Europe & Central Asia,2021,Leader,89.93,92.11,81.56,94.25,92.36,99.50,81.09,99.38,87.36,83.20,66.67,89.95,94.81,97.98,92.30,92.60,100.00,100.00,100.00,95.00,68.79,83.26,91.21,100.00,100.00,97.50,95.00,94.23,91.05,83.67,80.49,88.92,77.48,50.00,50.00,100.00,89.95,99.00,90.62,100.00,95.96,88.20,97.52,82.15,100.00,93.12,98.53,92.60
DNK,Denmark,Europe & Central Asia,2022,Leader,92.68,98.66,85.17,94.81,92.61,99.68,97.28,99.38,91.87,87.73,66.67,90.17,95.27,99.00,92.61,92.60,100.00,100.00,100.00,96.83,100.00,100.00,91.84,100.00,100.00,97.50,95.00,100.00,94.64,89.19,83.66,93.67,81.78,50.00,50.00,100.00,90.17,99.00,91.55,100.00,98.00,88.57,97.97,82.86,100.00,93.21,98.88,92.60
DNK,Denmark,Europe & Central Asia,2023,Leader,92.76,98.82,85.83,95.22,91.66,99.80,97.55,99.38,91.63,89.62,66.67,90.38,95.27,100.00,91.43,92.60,100.00,100.00,100.00,98.00,100.00,100.00,92.66,100.00,100.00,97.50,95.00,99.89,94.35,88.91,83.37,95.57,83.67,50.00,50.00,100.00,90.38,99.00,91.55,100.00,100.00,87.98,97.97,77.78,99.78,93.48,98.25,92.60
DNK,Denmark,Europe & Central Asia,2024,Leader,92.55,98.83,84.36,94.23,93.39,99.90,97.49,99.38,86.93,90.63,66.67,90.45,95.27,96.97,91.74,100.00,100.00,100.00,100.00,99.00,100.00,100.00,92.48,100.00,100.00,97.50,95.00,95.51,88.88,84.53,78.81,96.58,84.69,50.00,50.00,100.00,90.45,99.00,91.55,100.00,93.94,87.76,99.92,77.06,97.53,96.84,99.13,100.00
DOM,Dominican Republic,Latin America & Caribbean,2014,Transitioner,51.28,44.65,46.46,68.26,48.83,83.08,10.16,36.76,45.47,63.11,15.14,50.06,74.29,80.44,58.09,11.80,97.41,99.00,60.00,,5.05,6.33,19.12,42.38,28.33,,,55.30,55.30,35.65,35.65,73.75,52.46,34.62,3.11,7.69,50.06,92.00,56.58,76.74,84.13,46.19,38.58,27.07,61.33,95.68,81.75,11.80
DOM,Dominican Republic,Latin America & Caribbean,2015,Transitioner,54.44,51.01,48.22,69.29,51.53,90.90,18.23,36.76,47.14,65.85,15.14,52.92,74.50,80.44,61.09,13.27,98.50,99.00,79.00,,8.33,10.20,36.17,42.38,28.33,,,57.03,57.03,37.25,37.25,76.56,55.13,34.62,3.11,7.69,52.92,92.00,57.01,76.74,84.13,49.22,44.65,32.48,64.62,95.68,82.28,13.27
DOM,Dominican Republic,Latin America & Caribbean,2016,Transitioner,57.60,56.20,48.35,73.54,55.08,90.96,31.16,36.76,48.21,65.09,15.14,50.64,77.91,92.06,65.17,14.73,98.80,99.00,79.00,,13.57,20.30,59.62,42.38,28.33,,,58.31,58.31,38.12,38.12,76.03,54.16,34.62,3.11,7.69,50.64,94.00,61.82,100.00,84.13,50.22,50.73,43.45,67.54,95.68,87.15,14.73
DOM,Dominican Republic,Latin America & Caribbean,2017,Transitioner,61.16,62.75,53.09,73.86,56.87,95.39,43.09,36.76,58.76,66.40,15.14,52.85,78.09,90.63,67.04,16.20,98.95,99.00,90.00,,21.13,34.87,73.29,42.38,28.33,,,67.51,67.51,50.01,50.01,75.88,56.92,34.62,3.11,7.69,52.85,94.00,62.19,81.27,100.00,49.65,58.35,47.64,69.57,95.68,86.97,16.20
DOM,Dominican Republic,Latin America & Caribbean,2018,Transitioner,63.19,65.47,50.98,75.27,63.47,97.10,48.18,36.76,51.53,68.36,15.14,54.70,78.60,92.50,68.59,43.00,99.52,99.00,94.00,,21.20,43.67,79.66,42.38,28.33,,,60.59,60.59,42.48,42.48,78.17,58.55,34.62,3.11,7.69,54.70,94.00,63.19,85.01,100.00,49.97,65.97,52.66,68.42,95.68,86.50,43.00
DOM,Dominican Republic,Latin America & Caribbean,2019,Transitioner,63.01,67.03,45.61,75.44,68.34,97.73,51.45,36.76,49.57,56.89,15.14,56.19,78.26,91.87,70.67,59.03,99.56,99.00,95.55,,26.28,48.69,79.39,42.38,28.33,,,61.98,54.67,44.48,37.16,66.37,47.41,34.62,3.11,7.69,56.19,94.00,62.52,83.74,100.00,50.14,71.22,57.93,69.49,95.68,89.00,59.03
DOM,Dominican Republic,Latin America & Caribbean,2020,Transitioner,64.78,68.33,47.22,75.06,72.73,98.53,53.91,36.76,47.48,62.99,15.14,57.70,77.93,89.56,72.14,75.05,99.50,99.00,97.58,,34.92,44.58,82.22,42.38,28.33,,,61.20,50.33,44.64,33.76,71.96,54.01,34.62,3.11,7.69,57.70,94.00,61.85,84.12,95.00,50.53,76.47,62.79,70.26,95.52,86.75,75.05
DOM,Dominican Republic,Latin America & Caribbean,2021,Advanced,65.03,62.30,52.19,75.30,73.03,89.50,48.79,34.94,50.74,72.16,15.14,59.87,77.59,88.45,72.52,75.05,99.53,99.00,98.37,6.00,24.74,36.61,85.02,42.38,28.33,35.00,0.00,64.92,52.24,49.24,36.56,80.65,63.67,34.62,3.11,7.69,59.87,94.00,61.18,84.50,92.41,51.05,69.15,67.47,70.27,95.48,87.50,75.05
DOM,Dominican Republic,Latin America & Caribbean,2022,Advanced,65.45,65.42,49.33,78.80,72.18,94.25,51.82,34.94,55.18,60.57,15.14,61.63,74.78,100.00,71.46,75.05,99.53,99.00,99.00,51.00,27.42,42.44,85.58,42.38,28.33,35.00,0.00,67.49,58.34,52.02,42.88,68.94,52.19,34.62,3.11,7.69,61.63,94.00,55.57,100.00,100.00,50.87,61.83,65.51,69.68,95.84,89.00,75.05
DOM,Dominican Republic,Latin America & Caribbean,2023,Advanced,68.52,71.69,53.72,79.35,72.11,94.55,67.21,34.94,55.25,61.57,34.95,63.28,74.78,100.00,71.38,75.05,99.53,99.15,99.00,53.36,54.58,60.62,86.44,42.38,28.33,35.00,0.00,65.09,61.65,48.86,45.42,70.36,52.78,40.63,42.34,21.88,63.28,94.00,55.57,100.00,100.00,50.95,61.83,63.08,68.70,100.00,86.50,75.05
DOM,Dominican Republic,Latin America & Caribbean,2024,Advanced,68.35,77.18,49.57,79.90,71.40,95.74,79.75,34.94,44.41,62.05,34.95,64.91,74.78,100.00,70.29,75.83,99.50,99.00,98.98,66.00,77.43,72.11,89.71,42.38,28.33,35.00,0.00,55.36,53.99,39.13,29.15,70.84,53.26,40.63,42.34,21.88,64.91,94.00,55.57,100.00,100.00,50.95,64.05,62.65,63.74,99.49,85.24,75.83
DZA,Algeria,Middle East & North Africa,2014,Emerging,36.92,24.77,48.95,63.61,24.09,46.40,4.02,22.98,42.01,51.05,58.62,53.56,72.26,65.00,25.71,17.60,98.00,67.00,0.00,,5.59,6.48,0.00,22.86,23.17,,,51.95,42.12,41.89,32.07,56.50,45.60,59.84,57.00,59.02,53.56,81.40,63.12,74.07,55.93,27.38,7.87,13.28,34.56,20.91,56.97,17.60
DZA,Algeria,Middle East & North Africa,2015,Emerging,40.94,31.70,46.43,64.23,29.73,53.56,14.21,22.98,41.14,45.62,58.62,55.10,72.58,65.00,30.62,26.13,98.00,84.90,0.00,,5.15,6.95,30.53,22.86,23.17,,,51.16,41.33,40.95,31.13,51.15,40.09,59.84,57.00,59.02,55.10,81.40,63.76,74.07,55.93,30.79,7.20,23.53,39.88,20.91,68.80,26.13
DZA,Algeria,Middle East & North Africa,2016,Emerging,45.41,38.51,46.35,66.96,35.57,61.00,21.78,26.98,38.10,48.47,58.62,62.98,72.90,65.00,35.79,34.67,99.19,84.90,18.00,,9.46,12.26,43.64,22.86,33.17,,,48.13,38.31,37.90,28.07,54.02,42.93,59.84,57.00,59.02,62.98,81.40,64.40,74.07,55.93,31.11,6.52,39.28,44.63,20.91,79.58,34.67
DZA,Algeria,Middle East & North Africa,2017,Transitioner,51.06,45.20,52.77,72.75,39.16,63.80,35.71,26.98,60.10,48.26,47.14,64.89,73.22,80.13,38.15,43.20,99.19,84.90,25.00,,12.84,23.80,70.50,22.86,33.17,,,70.07,60.25,59.95,50.13,53.74,42.78,46.83,50.16,44.44,64.89,81.40,65.04,82.06,78.19,31.39,14.03,45.75,47.30,20.91,76.82,43.20
DZA,Algeria,Middle East & North Africa,2018,Transitioner,50.76,49.70,49.63,74.52,36.11,74.29,36.46,26.98,62.85,46.89,28.66,66.05,73.54,83.97,38.59,26.20,99.19,88.14,48.00,,11.01,28.54,69.83,22.86,33.17,,,74.65,61.32,64.39,51.06,52.45,41.32,45.26,0.00,40.71,66.05,81.40,65.68,82.21,85.73,31.74,21.53,49.63,45.39,20.91,69.04,26.20
DZA,Algeria,Middle East & North Africa,2019,Emerging,49.10,54.57,39.69,70.45,38.09,84.88,38.05,26.98,42.78,42.12,28.66,66.91,73.86,70.57,40.10,30.08,99.19,95.40,67.20,,10.53,35.67,67.94,22.86,33.17,,,47.93,47.93,37.63,37.63,47.70,36.54,45.26,0.00,40.71,66.91,81.40,66.32,79.89,61.26,31.88,24.59,49.77,47.49,20.91,76.30,30.08
DZA,Algeria,Middle East & North Africa,2020,Transitioner,52.20,59.52,40.97,74.95,40.61,89.92,45.40,26.98,49.70,38.40,28.66,67.77,74.18,82.91,42.28,33.95,98.72,99.25,76.18,,14.90,43.47,77.82,22.86,33.17,,,59.10,50.94,48.45,40.29,44.17,32.63,45.26,0.00,40.71,67.77,81.40,66.96,81.68,84.13,32.25,27.65,55.86,52.04,20.51,73.79,33.95
DZA,Algeria,Middle East & North Africa,2021,Transitioner,51.35,55.25,43.95,68.43,41.83,81.55,45.87,21.38,56.89,38.65,28.66,68.92,74.50,61.86,43.81,33.95,98.97,99.25,79.89,0.00,13.44,41.52,82.67,22.86,33.17,0.00,0.00,62.34,62.34,51.44,51.44,44.56,32.75,45.26,0.00,40.71,68.92,81.40,67.60,100.00,23.72,32.57,32.54,58.47,53.37,20.55,75.61,33.95
DZA,Algeria,Middle East & North Africa,2022,Transitioner,55.15,56.84,47.97,77.77,43.62,81.55,49.85,21.38,61.71,43.88,28.66,69.97,74.82,88.52,46.04,33.95,98.97,99.25,79.89,0.00,15.58,50.00,83.98,22.86,33.17,0.00,0.00,66.77,66.77,56.66,56.66,49.36,38.41,45.26,0.00,40.71,69.97,81.40,68.24,92.83,84.21,32.44,37.43,52.92,54.67,35.15,72.61,33.95
DZA,Algeria,Middle East & North Africa,2023,Transitioner,54.94,60.40,48.70,72.01,43.03,82.75,57.56,21.38,62.59,44.83,28.66,71.07,75.14,69.82,45.30,33.95,98.49,99.25,83.00,0.00,25.79,62.07,84.81,22.86,33.17,0.00,0.00,67.48,67.48,57.70,57.70,50.13,39.53,45.26,0.00,40.71,71.07,81.40,68.88,96.42,43.23,32.92,37.43,53.82,52.47,32.43,72.28,33.95
DZA,Algeria,Middle East & North Africa,2024,Transitioner,57.81,63.48,49.35,73.23,48.69,87.55,60.45,21.38,63.11,45.93,28.66,71.91,75.14,72.64,44.36,66.02,98.53,99.25,95.00,0.00,31.50,63.37,86.47,22.86,33.17,0.00,0.00,78.04,57.88,68.26,48.25,51.23,40.63,45.26,0.00,40.71,71.91,81.40,68.88,100.00,45.27,32.98,33.20,54.39,47.22,34.66,71.88,66.02
ECU,Ecuador,Latin America & Caribbean,2014,Transitioner,50.93,31.70,53.67,71.61,55.21,57.96,2.77,37.05,48.12,46.96,78.21,51.18,79.34,84.31,60.18,35.30,95.38,81.75,15.45,,4.32,4.00,0.00,42.86,28.33,,,58.14,58.14,38.09,38.09,57.82,36.10,96.43,38.20,100.00,51.18,94.00,64.68,84.50,84.13,46.34,48.03,37.32,59.64,91.84,83.50,35.30
ECU,Ecuador,Latin America & Caribbean,2015,Transitioner,54.15,38.50,52.63,72.22,58.77,62.82,14.91,37.05,45.47,47.00,78.21,52.56,79.78,84.31,63.70,39.07,95.38,85.04,24.32,,15.92,20.88,7.93,42.86,28.33,,,55.77,55.77,35.16,35.16,58.16,35.83,96.43,38.20,100.00,52.56,94.00,65.55,84.50,84.13,48.17,55.54,42.90,65.31,91.84,84.99,39.07
ECU,Ecuador,Latin America & Caribbean,2016,Transitioner,59.31,47.31,57.69,71.98,62.97,69.18,30.58,37.05,61.04,46.53,73.33,51.60,80.21,84.13,68.00,42.83,95.38,88.33,36.92,,21.38,31.41,38.94,42.86,28.33,,,71.06,71.06,51.01,51.01,57.39,35.67,88.60,31.39,100.00,51.60,94.00,66.42,84.13,84.13,48.43,63.04,54.92,69.17,91.84,88.25,42.83
ECU,Ecuador,Latin America & Caribbean,2017,Transitioner,59.80,55.69,55.66,63.49,64.95,77.47,43.24,37.05,52.05,48.00,78.21,53.88,79.24,57.34,69.54,46.60,95.38,92.62,53.36,,23.27,38.25,68.21,42.86,28.33,,,62.08,62.08,42.02,42.02,58.86,37.14,96.43,38.20,100.00,53.88,93.00,65.49,62.96,51.72,48.35,67.98,59.32,70.58,91.84,87.25,46.60
ECU,Ecuador,Latin America & Caribbean,2018,Transitioner,62.20,63.64,54.62,67.16,64.11,85.49,54.08,39.05,40.70,56.74,78.21,55.91,78.94,66.62,70.96,36.70,95.38,95.00,71.04,,33.26,51.48,77.52,42.86,33.33,,,59.73,42.14,39.27,21.67,67.83,45.66,96.43,38.20,100.00,55.91,93.33,64.56,67.08,66.15,48.61,72.92,64.03,69.35,91.84,89.00,36.70
ECU,Ecuador,Latin America & Caribbean,2019,Transitioner,62.85,67.61,46.71,76.93,64.25,91.62,57.90,39.05,29.92,38.04,97.62,57.72,78.64,94.41,72.43,31.50,95.38,95.00,86.35,,30.46,61.70,81.53,42.86,33.33,,,50.86,29.73,30.11,8.99,49.27,26.80,96.43,96.43,100.00,57.72,93.67,63.62,91.77,97.06,48.40,77.05,66.51,71.01,91.84,91.75,31.50
ECU,Ecuador,Latin America & Caribbean,2020,Transitioner,62.98,67.95,47.24,75.13,65.25,92.30,58.04,39.05,37.65,51.40,58.10,59.39,77.92,88.09,74.99,26.30,95.50,95.00,88.00,,30.18,59.46,84.49,42.86,33.33,,,61.78,35.12,40.17,13.51,63.10,39.69,59.84,96.43,18.03,59.39,94.00,61.84,87.98,88.21,48.50,81.18,77.54,72.68,91.66,88.00,26.30
ECU,Ecuador,Latin America & Caribbean,2021,Transitioner,60.91,59.45,46.46,75.70,65.83,82.77,49.21,33.30,40.13,46.98,58.10,61.62,79.29,86.20,75.71,26.30,95.66,95.00,88.00,0.00,19.39,42.90,85.34,42.86,33.33,12.50,0.00,50.50,50.50,29.76,29.76,58.22,35.74,59.84,96.43,18.03,61.62,94.00,64.59,84.18,88.21,48.82,78.85,80.02,72.62,91.70,92.00,26.30
ECU,Ecuador,Latin America & Caribbean,2022,Advanced,66.34,59.69,65.77,76.31,64.67,83.55,49.01,33.30,55.03,60.57,97.62,63.45,79.29,86.20,74.26,26.30,95.53,96.00,89.00,0.00,19.50,43.59,83.94,42.86,33.33,12.50,0.00,65.26,65.26,44.80,44.80,71.66,49.49,96.43,96.43,100.00,63.45,94.00,64.59,80.39,92.00,48.97,76.51,72.98,72.56,92.05,93.00,26.30
ECU,Ecuador,Latin America & Caribbean,2023,Advanced,66.18,61.54,59.62,81.48,64.16,84.37,52.84,33.30,55.85,44.40,97.62,65.16,79.29,100.00,73.62,26.30,95.67,97.00,90.00,0.00,25.55,49.95,83.03,42.86,33.33,12.50,0.00,65.95,65.95,45.76,45.76,55.33,33.46,96.43,96.43,100.00,65.16,94.00,64.59,100.00,100.00,48.83,76.51,68.75,71.29,94.97,92.00,26.30
ECU,Ecuador,Latin America & Caribbean,2024,Advanced,67.24,64.48,52.61,78.44,76.82,87.10,57.44,33.30,38.36,44.34,97.62,66.72,79.29,89.32,74.25,87.11,96.72,97.58,90.49,21.99,31.70,56.55,84.06,42.86,33.33,12.50,0.00,52.09,45.15,31.90,24.31,55.28,33.41,96.43,96.43,100.00,66.72,94.00,64.59,88.89,89.74,48.74,88.51,72.24,66.03,94.50,90.95,87.11
EGY,Egypt,Middle East & North Africa,2014,Emerging,47.38,35.76,76.91,42.92,42.69,59.56,15.52,28.67,71.00,71.27,100.00,49.28,57.26,22.22,38.67,58.80,99.80,99.00,0.00,,4.92,5.32,36.32,33.33,21.67,,,87.36,66.23,75.77,54.64,77.54,64.99,100.00,100.00,100.00,49.28,71.00,43.51,44.44,0.00,34.35,59.06,22.85,55.60,16.33,69.33,58.80
EGY,Egypt,Middle East & North Africa,2015,Emerging,49.04,38.80,74.55,43.10,46.37,59.56,23.11,28.67,76.43,72.40,75.10,50.07,57.02,22.22,41.73,64.93,99.80,99.00,0.00,,7.75,7.63,53.95,33.33,21.67,,,92.79,71.66,81.20,60.07,78.68,66.13,84.78,83.98,56.52,50.07,71.00,43.03,44.44,0.00,36.79,53.08,30.99,59.78,16.33,76.43,64.93
EGY,Egypt,Middle East & North Africa,2016,Transitioner,52.25,43.97,74.23,45.82,49.83,59.56,31.18,38.38,81.20,76.06,56.65,60.73,57.53,19.20,44.52,71.07,99.80,99.00,0.00,,10.00,12.23,71.32,42.86,31.67,,,97.55,76.43,85.97,64.84,82.34,69.79,63.22,72.83,33.88,60.73,71.00,44.05,38.41,0.00,37.12,47.10,40.93,62.38,16.33,84.55,71.07
EGY,Egypt,Middle East & North Africa,2017,Transitioner,54.38,50.93,70.67,46.66,52.08,71.56,36.57,38.38,85.73,66.84,48.19,62.82,59.64,17.51,45.81,77.20,99.80,99.00,30.00,,13.46,19.53,76.73,42.86,31.67,,,100.00,81.71,91.17,70.04,73.16,60.52,59.84,50.30,34.43,62.82,74.20,45.07,23.91,11.11,37.22,50.29,45.32,64.62,16.33,80.78,77.20
EGY,Egypt,Middle East & North Africa,2018,Transitioner,57.38,56.01,61.95,58.35,53.54,80.55,40.29,38.38,90.24,39.36,50.54,64.24,60.08,50.73,45.88,84.20,99.80,99.00,52.47,,16.40,25.33,79.13,42.86,31.67,,,100.00,90.33,91.99,78.66,45.69,33.04,59.84,57.35,34.43,64.24,74.20,45.96,46.36,55.10,37.25,53.47,48.31,62.83,16.33,75.88,84.20
EGY,Egypt,Middle East & North Africa,2019,Transitioner,55.78,58.73,53.12,55.52,55.90,87.50,40.13,38.38,61.28,46.36,50.33,65.38,61.01,40.18,47.41,89.84,99.80,99.00,69.85,,16.11,27.17,77.11,42.86,31.67,,,79.16,55.07,67.49,43.40,52.68,40.04,59.84,56.73,34.43,65.38,74.20,47.81,40.74,39.62,37.30,55.27,51.75,63.87,16.33,80.35,89.84
EGY,Egypt,Middle East & North Africa,2020,Transitioner,59.04,62.62,60.74,54.25,58.86,93.53,41.18,43.71,71.79,58.40,43.29,66.52,61.83,34.40,49.71,95.48,99.83,99.00,84.91,,18.00,27.55,77.97,42.86,45.00,,,94.55,60.71,82.88,49.04,64.72,52.08,59.84,35.61,34.43,66.52,74.20,49.47,56.90,11.91,37.59,57.06,59.63,64.41,17.60,81.57,95.48
EGY,Egypt,Middle East & North Africa,2021,Transitioner,62.17,58.51,63.08,68.24,59.33,89.18,39.37,35.43,75.36,60.70,43.29,67.88,62.66,74.18,50.29,95.48,99.83,99.00,99.00,0.00,12.69,23.90,81.52,42.86,46.67,0.00,0.00,96.07,65.12,85.60,54.65,66.37,55.02,59.84,35.61,34.43,67.88,74.20,51.12,73.05,75.31,37.91,57.18,61.67,64.03,19.58,79.35,95.48
EGY,Egypt,Middle East & North Africa,2022,Advanced,65.48,63.41,67.57,73.38,58.45,89.18,50.89,36.93,80.64,66.63,43.29,68.99,66.61,84.55,49.19,95.48,99.80,99.00,99.00,0.00,22.42,45.15,85.12,42.86,51.67,0.00,0.00,100.00,70.99,91.07,60.51,72.30,60.95,59.84,35.61,34.43,68.99,82.10,51.12,92.86,76.24,37.26,57.30,54.14,63.87,22.20,79.70,95.48
EGY,Egypt,Middle East & North Africa,2023,Advanced,65.52,64.90,69.31,70.53,58.09,89.42,53.86,37.93,88.35,63.00,43.86,70.08,69.26,72.25,48.74,95.48,99.80,99.60,99.00,0.00,31.13,45.77,84.68,42.86,55.00,0.00,0.00,100.00,81.93,100.00,71.46,68.68,57.33,59.84,37.32,34.43,70.08,87.40,51.12,78.70,65.80,37.10,57.30,52.82,63.21,21.54,80.75,95.48
EGY,Egypt,Middle East & North Africa,2024,Advanced,65.85,65.43,63.85,75.00,60.03,89.39,55.23,37.93,82.06,55.38,44.36,70.83,69.26,84.90,50.03,100.00,99.87,99.50,99.00,0.00,34.32,45.51,85.88,42.86,55.00,0.00,0.00,97.86,76.73,87.38,66.26,61.05,49.70,59.84,38.81,34.43,70.83,87.40,51.12,91.34,78.46,36.79,70.02,57.80,59.00,22.56,78.00,100.00
ESP,Spain,Europe & Central Asia,2014,Advanced,75.21,58.99,82.99,87.90,74.35,87.80,27.18,65.00,71.79,97.93,75.48,75.57,89.22,98.92,78.23,58.80,99.80,99.60,70.00,,16.38,22.76,42.39,61.71,69.93,,,81.49,77.99,65.60,62.09,100.00,95.87,63.22,63.22,100.00,75.57,98.00,80.44,100.00,97.85,74.31,94.49,38.32,90.68,93.82,93.60,58.80
ESP,Spain,Europe & Central Asia,2015,Advanced,79.21,67.52,86.82,88.41,75.95,94.20,42.11,65.00,82.82,96.50,75.48,76.68,89.64,98.92,79.15,63.13,99.80,99.60,86.00,,26.57,38.22,61.53,61.71,69.93,,,92.46,88.96,76.67,73.17,100.00,93.00,63.22,63.22,100.00,76.68,98.00,81.28,100.00,97.85,74.88,92.90,40.90,93.36,93.82,92.71,63.13
ESP,Spain,Europe & Central Asia,2016,Leader,81.73,74.61,87.20,87.63,78.28,98.20,54.82,67.00,83.52,96.73,75.48,81.02,90.05,91.83,80.99,67.47,99.80,99.60,96.00,,36.76,55.97,71.74,61.71,74.93,,,93.06,89.55,77.48,73.98,100.00,93.46,63.22,63.22,100.00,81.02,98.00,82.10,85.82,97.85,75.23,91.30,47.28,95.04,93.82,95.80,67.47
ESP,Spain,Europe & Central Asia,2017,Leader,83.00,78.57,86.55,87.78,79.52,99.00,63.92,67.00,81.85,96.78,75.48,83.59,90.17,89.59,81.45,71.80,99.80,99.60,98.00,,45.44,69.11,77.23,61.71,74.93,,,91.07,87.56,76.14,72.63,100.00,93.55,63.22,63.22,100.00,83.59,98.00,82.34,93.13,86.05,75.43,92.53,49.26,96.36,93.82,92.20,71.80
ESP,Spain,Europe & Central Asia,2018,Leader,83.26,79.98,81.37,88.73,83.21,99.80,66.64,67.00,84.18,81.51,75.48,85.13,90.31,90.74,81.61,89.60,99.80,99.80,99.80,,47.91,73.65,78.36,61.71,74.93,,,91.65,91.65,76.71,76.71,89.60,73.42,63.22,63.22,100.00,85.13,98.00,82.62,96.53,84.95,75.62,93.75,51.11,94.05,93.82,93.20,89.60
ESP,Spain,Europe & Central Asia,2019,Leader,82.56,80.85,74.55,90.31,85.36,99.80,68.81,67.00,70.61,78.02,75.48,85.86,90.70,94.38,83.19,94.06,99.80,99.80,99.80,,49.52,77.63,79.29,61.71,74.93,,,88.62,67.44,73.79,52.61,86.05,69.99,63.22,63.22,100.00,85.86,98.50,82.89,100.00,88.76,75.62,91.29,60.31,94.04,93.82,93.00,94.06
ESP,Spain,Europe & Central Asia,2020,Leader,83.79,79.47,76.11,91.78,88.80,99.80,65.37,67.00,66.57,85.96,75.48,86.60,90.88,97.85,86.37,98.52,99.80,99.80,99.80,,48.11,67.09,80.92,61.71,74.93,,,78.89,69.50,63.64,54.25,94.22,77.70,63.22,63.22,100.00,86.60,99.00,82.76,100.00,95.70,76.06,88.82,77.05,94.46,93.55,92.62,98.52
ESP,Spain,Europe & Central Asia,2021,Leader,85.25,79.75,79.51,92.79,89.77,97.82,60.61,81.87,71.95,89.09,75.48,87.11,91.27,100.00,87.59,98.52,99.80,99.80,99.80,80.00,42.14,57.09,82.60,90.29,74.93,95.00,0.00,81.98,76.55,67.35,61.93,97.01,81.17,63.22,63.22,100.00,87.11,100.00,82.55,100.00,100.00,76.29,87.21,83.84,94.32,93.48,92.80,98.52
ESP,Spain,Europe & Central Asia,2022,Leader,86.46,82.55,80.77,93.40,89.74,98.32,65.61,84.87,75.16,89.03,75.48,87.75,92.45,100.00,87.55,98.52,99.80,99.80,99.80,85.00,52.30,62.34,82.18,90.29,74.93,95.00,60.00,82.27,82.27,68.05,68.05,96.73,81.33,63.22,63.22,100.00,87.75,100.00,84.89,100.00,100.00,76.27,85.59,84.24,93.00,93.64,95.60,98.52
ESP,Spain,Europe & Central Asia,2023,Leader,87.13,88.07,79.54,91.36,90.06,98.52,79.23,84.87,74.74,86.37,75.48,88.18,92.45,93.44,87.95,98.52,99.80,99.80,99.80,87.00,76.97,76.33,84.38,90.29,74.93,95.00,60.00,81.84,81.84,67.63,67.63,94.07,78.67,63.22,63.22,100.00,88.18,100.00,84.89,93.20,93.68,76.51,85.59,82.94,92.30,97.39,95.60,98.52
ESP,Spain,Europe & Central Asia,2024,Leader,89.22,92.73,80.98,93.63,90.14,98.92,90.48,84.87,77.27,87.45,75.48,88.43,92.45,100.00,87.73,99.74,99.80,99.80,99.80,91.00,100.00,86.77,84.67,90.29,74.93,95.00,60.00,87.07,79.08,72.86,70.06,95.15,79.75,63.22,63.22,100.00,88.43,100.00,84.89,100.00,100.00,76.53,90.54,82.85,89.30,97.19,95.05,99.74
EST,Estonia,Europe & Central Asia,2014,Advanced,72.54,65.42,69.90,86.63,69.91,99.20,32.79,63.14,72.46,63.39,77.78,72.46,87.42,100.00,69.74,70.60,99.99,99.00,99.00,,15.83,19.65,62.88,61.14,66.13,,,79.14,79.78,65.14,65.77,70.98,55.80,66.67,66.67,100.00,72.46,99.00,75.84,100.00,100.00,73.39,77.17,30.43,89.69,82.59,68.00,70.60
EST,Estonia,Europe & Central Asia,2015,Advanced,74.84,70.45,70.03,87.18,72.94,99.20,45.36,63.14,73.26,62.94,77.78,74.91,86.64,100.00,72.36,75.27,100.00,99.00,99.00,,25.18,35.91,75.00,61.14,66.13,,,79.60,80.24,66.28,66.92,70.15,55.72,66.67,66.67,100.00,74.91,99.00,74.28,100.00,100.00,75.34,83.15,33.45,92.57,82.59,72.57,75.27
EST,Estonia,Europe & Central Asia,2016,Advanced,77.68,73.71,71.42,90.74,76.23,99.20,53.51,63.14,74.53,65.14,77.78,86.09,86.12,100.00,75.30,79.93,100.00,99.00,99.00,,31.21,45.55,83.78,61.14,66.13,,,80.64,81.28,67.78,68.42,72.10,58.17,66.67,66.67,100.00,86.09,99.00,73.25,100.00,100.00,77.18,89.13,41.01,94.68,82.59,72.94,79.93
EST,Estonia,Europe & Central Asia,2017,Advanced,78.73,77.78,72.49,87.41,77.96,99.20,60.36,69.81,75.27,67.06,77.78,88.63,85.54,88.06,76.30,84.60,100.00,99.00,99.00,,38.39,54.08,88.60,61.14,82.80,,,81.19,81.82,68.71,69.35,73.82,60.30,66.67,66.67,100.00,88.63,99.00,72.09,100.00,76.12,76.57,89.71,45.46,96.06,82.59,71.99,84.60
EST,Estonia,Europe & Central Asia,2018,Leader,80.56,79.39,75.47,88.13,79.75,99.20,64.37,69.81,76.36,73.43,77.78,89.24,85.07,90.08,77.07,90.50,100.00,99.00,99.00,,43.84,60.17,89.11,61.14,82.80,,,80.25,84.96,67.77,72.47,80.20,66.67,66.67,66.67,100.00,89.24,99.00,71.13,96.60,83.56,76.88,90.28,48.32,95.56,82.59,73.71,90.50
EST,Estonia,Europe & Central Asia,2019,Leader,81.58,82.41,73.03,89.65,82.09,99.20,71.93,69.81,73.45,70.24,77.78,89.59,84.85,94.52,78.86,94.99,100.00,99.00,99.00,,55.85,70.48,89.46,61.14,82.80,,,88.07,71.23,75.67,58.84,76.95,63.53,66.67,66.67,100.00,89.59,99.00,70.71,100.00,89.04,77.45,94.85,54.33,95.65,82.59,73.72,94.99
EST,Estonia,Europe & Central Asia,2020,Leader,85.75,84.56,80.81,91.59,86.39,99.20,77.30,69.81,73.94,89.21,77.78,89.95,84.81,100.00,83.12,99.48,100.00,99.00,99.00,,67.89,74.17,89.83,61.14,82.80,,,87.61,72.58,75.31,60.27,95.87,82.54,66.67,66.67,100.00,89.95,99.00,70.62,100.00,100.00,78.18,99.41,70.03,96.82,83.62,74.43,99.48
EST,Estonia,Europe & Central Asia,2021,Leader,83.99,74.62,83.17,91.75,87.38,91.70,67.15,55.41,76.09,92.93,77.78,90.31,84.93,100.00,84.36,99.48,100.00,99.00,99.00,25.00,51.05,60.76,89.65,61.14,82.80,0.00,0.00,88.00,77.14,75.05,64.19,99.95,85.92,66.67,66.67,100.00,90.31,99.00,70.86,100.00,100.00,78.97,99.71,75.07,98.34,83.32,72.45,99.48
EST,Estonia,Europe & Central Asia,2022,Leader,86.64,83.76,83.31,92.02,87.75,96.20,71.05,84.32,75.98,93.41,77.78,90.54,85.51,100.00,84.82,99.48,100.00,99.00,99.00,70.00,59.27,63.66,90.22,89.71,82.80,97.50,0.00,86.03,79.17,72.79,65.93,100.00,86.82,66.67,66.67,100.00,90.54,99.00,72.02,100.00,100.00,79.48,100.00,78.04,98.99,83.64,67.91,99.48
EST,Estonia,Europe & Central Asia,2023,Leader,88.26,90.31,83.67,92.11,87.19,96.90,84.71,88.32,76.46,93.82,77.78,90.83,85.51,100.00,84.11,99.48,100.00,99.00,99.00,77.00,86.31,76.15,91.67,89.71,82.80,97.50,80.00,89.74,76.41,76.51,63.18,100.00,87.64,66.67,66.67,100.00,90.83,99.00,72.02,100.00,100.00,79.84,100.00,75.00,98.82,82.98,67.84,99.48
EST,Estonia,Europe & Central Asia,2024,Leader,89.78,94.24,87.17,92.17,85.81,98.18,93.26,88.32,84.88,94.17,77.78,91.01,85.51,100.00,83.50,95.04,100.00,98.98,98.98,90.00,100.00,87.40,92.38,89.71,82.80,97.50,80.00,98.15,88.21,84.92,68.23,100.00,88.34,66.67,66.67,100.00,91.01,99.00,72.02,100.00,100.00,80.50,99.54,72.80,96.73,84.46,66.53,95.04
ETH,Ethiopia,Sub-Saharan Africa,2014,Discoverer,18.35,25.50,14.20,21.16,14.80,43.19,11.09,18.95,0.00,3.35,64.27,23.96,33.95,5.56,17.77,2.90,90.00,62.97,0.00,,3.47,4.28,25.53,23.81,11.67,,,0.00,0.00,0.00,0.00,6.70,0.00,84.78,8.04,100.00,23.96,47.49,20.42,0.00,11.11,0.00,45.67,1.88,9.23,39.17,31.49,2.90
ETH,Ethiopia,Sub-Saharan Africa,2015,Discoverer,21.35,31.21,16.66,21.90,18.26,45.80,22.75,18.95,5.70,3.80,64.27,25.50,34.63,5.56,20.12,10.83,90.00,68.16,1.33,,6.09,7.46,54.71,23.81,11.67,,,11.41,11.41,0.00,0.00,7.60,0.00,84.78,8.04,100.00,25.50,47.49,21.78,0.00,11.11,0.02,49.28,2.98,20.91,39.17,25.77,10.83
ETH,Ethiopia,Sub-Saharan Africa,2016,Discoverer,23.96,31.69,20.43,23.62,21.53,49.29,20.47,18.95,9.73,9.21,64.27,29.98,35.33,5.56,22.22,18.77,95.00,73.78,1.95,,6.90,7.38,47.13,23.81,11.67,,,16.69,16.69,2.77,2.77,16.75,1.67,84.78,8.04,100.00,29.98,47.49,23.17,0.00,11.11,0.00,52.90,2.81,27.38,39.17,30.57,18.77
ETH,Ethiopia,Sub-Saharan Africa,2017,Discoverer,25.08,32.68,21.40,23.24,24.36,52.59,19.63,18.95,12.16,9.21,64.27,31.52,38.19,0.00,23.77,26.70,97.00,79.86,3.12,,7.67,8.06,43.16,23.81,11.67,,,19.12,19.12,5.20,5.20,16.75,1.67,84.78,8.04,100.00,31.52,51.80,24.59,0.00,0.00,1.50,58.04,3.28,30.58,39.17,30.63,26.70
ETH,Ethiopia,Sub-Saharan Africa,2018,Discoverer,27.23,34.92,22.02,28.62,24.97,54.70,23.12,18.95,15.41,7.49,64.27,31.69,38.92,15.25,24.26,27.80,97.00,85.00,3.26,,7.21,7.46,54.70,23.81,11.67,,,22.37,22.37,8.45,8.45,14.99,0.00,84.78,8.04,100.00,31.69,51.80,26.04,0.50,30.00,1.39,63.19,4.97,30.75,39.17,26.89,27.80
ETH,Ethiopia,Sub-Saharan Africa,2019,Discoverer,26.57,34.92,21.32,26.57,25.20,54.82,23.02,18.95,14.84,6.32,64.27,34.04,39.67,6.00,24.56,27.77,97.00,85.00,3.54,,7.20,9.30,52.55,23.81,11.67,,,35.37,0.91,23.07,0.00,12.64,0.00,84.78,8.04,100.00,34.04,51.80,27.53,0.00,12.00,1.41,49.83,5.19,33.51,39.17,37.23,27.77
ETH,Ethiopia,Sub-Saharan Africa,2020,Discoverer,28.69,37.30,29.01,25.23,24.83,57.96,25.82,18.95,18.67,21.73,64.27,35.25,40.43,0.00,24.10,27.74,97.00,92.00,4.40,,8.43,11.70,57.32,23.81,11.67,,,39.14,8.69,26.84,0.00,28.39,15.07,84.78,8.04,100.00,35.25,51.80,29.05,0.00,0.00,1.24,36.47,5.43,37.05,44.34,28.39,27.74
ETH,Ethiopia,Sub-Saharan Africa,2021,Discoverer,30.38,37.20,34.35,25.93,25.71,49.08,31.84,24.17,28.85,24.89,64.27,36.57,41.21,0.01,25.21,27.74,97.00,92.00,6.44,0.00,7.81,17.97,69.75,33.33,25.00,0.00,0.00,49.10,20.90,36.80,8.60,31.55,18.23,84.78,8.04,100.00,36.57,51.80,30.61,0.01,0.00,0.53,36.89,5.01,38.49,43.43,40.26,27.74
ETH,Ethiopia,Sub-Saharan Africa,2022,Discoverer,33.30,42.76,40.51,28.21,25.17,55.50,39.31,24.17,39.57,29.57,64.27,38.22,41.21,5.20,24.52,27.74,99.00,94.00,20.00,0.00,10.37,29.39,78.18,33.33,25.00,0.00,0.00,59.82,31.62,47.52,19.32,36.23,22.91,84.78,8.04,100.00,38.22,51.80,30.61,10.41,0.00,0.00,37.30,5.12,39.47,47.03,24.67,27.74
ETH,Ethiopia,Sub-Saharan Africa,2023,Emerging,37.29,52.52,45.30,31.19,26.06,62.56,47.02,43.44,47.74,33.38,64.27,39.82,41.21,12.54,25.63,27.74,99.19,98.35,33.00,1.00,19.90,41.30,79.88,52.38,45.00,25.00,0.00,69.37,38.42,57.07,26.12,40.04,26.72,84.78,8.04,100.00,39.82,51.80,30.61,5.77,19.31,2.43,37.30,5.47,39.87,47.38,28.77,27.74
ETH,Ethiopia,Sub-Saharan Africa,2024,Emerging,40.49,55.89,40.93,33.22,35.37,64.34,53.68,43.44,39.62,30.56,64.27,41.17,41.21,17.30,25.08,76.51,99.19,98.80,36.00,5.00,28.26,53.11,79.67,52.38,45.00,25.00,0.00,54.52,36.78,42.22,24.97,37.22,23.90,84.78,8.04,100.00,41.17,51.80,30.61,19.88,14.72,3.93,34.20,6.29,36.11,47.09,29.80,76.51
FIN,Finland,Europe & Central Asia,2014,Advanced,79.59,69.33,89.52,89.31,72.38,99.20,40.00,68.27,98.58,90.83,68.82,74.54,97.68,95.70,75.03,61.80,99.99,99.00,99.00,,26.05,32.44,61.50,61.33,78.67,,,100.00,100.00,100.00,94.30,96.37,85.29,53.23,53.23,100.00,74.54,100.00,95.35,100.00,91.40,77.14,77.17,36.56,91.34,88.46,86.14,61.80
FIN,Finland,Europe & Central Asia,2015,Leader,81.15,73.94,87.98,89.51,74.47,99.60,51.11,68.27,98.63,86.90,68.82,75.39,97.43,95.70,76.62,65.90,99.99,99.50,99.50,,32.49,44.17,76.68,61.33,78.67,,,100.00,100.00,100.00,94.52,92.49,81.32,53.23,53.23,100.00,75.39,100.00,94.86,100.00,91.40,78.03,85.68,36.45,93.43,88.46,87.73,65.90
FIN,Finland,Europe & Central Asia,2016,Leader,84.32,80.70,87.15,93.05,77.25,99.68,59.38,85.41,96.36,87.10,68.82,85.83,97.62,95.70,79.06,70.00,99.99,99.60,99.60,,36.21,58.01,83.91,89.90,78.67,,,100.00,97.87,100.00,87.56,92.68,81.51,53.23,53.23,100.00,85.83,100.00,95.25,100.00,91.40,78.62,94.20,41.81,94.72,88.46,89.19,70.00
FIN,Finland,Europe & Central Asia,2017,Leader,85.83,83.86,87.50,93.30,79.27,99.76,67.19,85.41,97.34,86.99,68.82,88.68,97.62,93.59,80.56,74.10,99.99,99.70,99.70,,43.41,70.76,87.40,89.90,78.67,,,100.00,99.83,100.00,89.52,92.58,81.41,53.23,53.23,100.00,88.68,100.00,95.25,100.00,87.18,79.06,95.37,47.17,95.98,88.46,88.86,74.10
FIN,Finland,Europe & Central Asia,2018,Leader,86.42,85.55,83.58,95.38,81.79,100.00,70.81,86.12,89.19,85.36,68.82,89.53,97.84,98.77,80.84,85.60,100.00,100.00,100.00,,50.13,74.10,88.21,91.10,78.67,,,100.00,88.08,91.01,77.68,90.98,79.73,53.23,53.23,100.00,89.53,100.00,95.69,100.00,97.53,79.43,96.53,48.93,95.02,88.46,88.20,85.60
FIN,Finland,Europe & Central Asia,2019,Leader,87.85,88.30,83.10,96.06,84.50,100.00,77.70,86.12,85.29,88.04,68.82,90.06,98.11,100.00,82.96,90.69,100.00,100.00,100.00,,60.74,83.00,89.35,91.10,78.67,,,92.74,88.40,82.18,77.84,93.76,82.33,53.23,53.23,100.00,90.06,100.00,96.21,100.00,100.00,79.70,96.80,57.67,95.79,88.46,89.52,90.69
FIN,Finland,Europe & Central Asia,2020,Leader,89.93,91.26,84.33,95.75,88.76,100.00,85.08,86.12,83.09,93.32,68.82,90.56,96.70,100.00,87.01,95.78,100.00,100.00,100.00,,80.05,84.90,90.30,91.10,78.67,,,88.21,88.21,77.98,77.98,98.86,87.78,53.23,53.23,100.00,90.56,100.00,93.40,100.00,100.00,80.12,97.06,77.23,96.62,87.95,89.19,95.78
FIN,Finland,Europe & Central Asia,2021,Leader,90.15,88.01,86.91,95.92,90.01,97.23,78.90,87.77,85.37,97.49,68.82,91.05,96.72,100.00,88.57,95.78,100.00,100.00,100.00,72.34,69.68,74.96,92.07,91.10,78.67,97.50,80.00,90.60,90.60,80.13,80.13,100.00,94.98,53.23,53.23,100.00,91.05,100.00,93.44,100.00,100.00,80.49,97.70,81.99,97.65,87.90,91.91,95.78
FIN,Finland,Europe & Central Asia,2022,Leader,91.94,93.89,87.81,96.24,90.04,98.30,92.53,87.77,85.12,100.00,68.82,91.38,97.34,100.00,88.60,95.78,100.00,100.00,100.00,83.00,98.32,86.86,92.41,91.10,78.67,97.50,80.00,90.40,90.40,79.84,79.84,100.00,100.00,53.23,53.23,100.00,91.38,100.00,94.68,100.00,100.00,80.56,98.33,82.18,97.18,87.14,93.57,95.78
FIN,Finland,Europe & Central Asia,2023,Leader,91.39,96.33,85.38,94.98,89.29,99.40,97.54,87.77,79.04,100.00,68.82,91.68,97.34,95.92,87.67,95.78,100.00,100.00,100.00,94.00,100.00,100.00,92.63,91.10,78.67,97.50,80.00,84.32,84.32,73.76,73.76,100.00,100.00,53.23,53.23,100.00,91.68,100.00,94.68,100.00,91.84,80.60,98.33,77.92,96.59,86.97,94.23,95.78
FIN,Finland,Europe & Central Asia,2024,Leader,92.85,96.56,90.59,95.32,89.13,99.85,97.66,87.77,92.07,100.00,68.82,91.82,97.34,96.81,86.41,100.00,100.00,100.00,100.00,98.50,100.00,100.00,92.99,91.10,78.67,97.50,80.00,100.00,91.45,93.64,83.20,100.00,100.00,53.23,53.23,100.00,91.82,100.00,94.68,100.00,93.62,80.64,90.97,76.87,93.72,88.62,93.40,100.00
FJI,Fiji,East Asia & Pacific,2014,Emerging,47.83,49.99,45.40,75.02,30.74,80.49,22.76,43.43,27.21,48.15,76.26,57.28,75.94,91.84,36.95,5.90,88.00,96.00,61.22,,22.39,30.47,15.43,52.38,30.00,,,33.27,33.27,21.15,21.15,54.72,41.59,100.00,28.79,100.00,57.28,99.10,52.78,92.85,90.84,44.73,39.37,30.56,44.47,28.25,34.09,5.90
FJI,Fiji,East Asia & Pacific,2015,Transitioner,52.24,57.72,48.43,77.59,34.32,82.00,40.59,43.43,37.74,45.21,76.26,62.09,76.24,94.43,40.07,11.33,88.00,96.00,65.00,,27.07,38.35,56.35,52.38,30.00,,,43.80,43.80,31.67,31.67,51.78,38.64,100.00,28.79,100.00,62.09,99.10,53.38,98.02,90.84,52.64,40.34,34.87,45.29,28.25,38.31,11.33
FJI,Fiji,East Asia & Pacific,2016,Transitioner,55.00,64.84,53.81,70.43,37.25,90.83,49.55,43.43,39.81,56.57,76.26,49.95,76.54,84.80,42.37,16.77,88.00,96.00,87.08,,28.53,49.87,70.25,52.38,30.00,,,45.87,45.87,33.76,33.76,63.13,50.01,100.00,28.79,100.00,49.95,99.10,53.98,78.76,90.84,52.50,41.30,42.45,47.40,28.25,41.19,16.77
FJI,Fiji,East Asia & Pacific,2017,Transitioner,57.75,69.74,53.67,71.24,41.72,96.00,56.65,43.43,40.82,55.21,76.26,52.08,76.54,85.10,46.61,22.20,96.00,96.00,96.00,,30.57,60.25,79.12,52.38,30.00,,,46.89,46.89,34.76,34.76,61.78,48.64,100.00,28.79,100.00,52.08,99.10,53.98,82.31,87.89,52.75,43.57,51.14,59.77,28.25,38.67,22.20
FJI,Fiji,East Asia & Pacific,2018,Transitioner,57.87,68.51,52.49,72.97,42.75,96.00,53.55,43.43,41.50,51.61,76.26,53.89,77.14,87.88,48.59,19.40,96.00,96.00,96.00,,24.26,57.94,78.45,52.38,30.00,,,47.56,47.56,35.44,35.44,58.17,45.05,100.00,28.79,100.00,53.89,99.10,55.18,87.87,87.89,51.75,45.83,57.69,63.35,28.25,37.99,19.40
FJI,Fiji,East Asia & Pacific,2019,Transitioner,58.22,70.08,50.05,73.18,44.76,96.40,57.09,43.43,38.03,48.95,76.26,55.27,77.44,86.83,49.88,24.24,98.00,96.00,96.00,,26.53,66.67,78.07,52.38,30.00,,,44.10,44.10,31.97,31.97,55.52,42.38,100.00,28.79,100.00,55.27,99.10,55.78,85.77,87.89,52.23,48.21,60.45,64.14,28.25,40.49,24.24
FJI,Fiji,East Asia & Pacific,2020,Transitioner,59.10,71.20,47.39,76.49,47.27,96.40,59.89,43.43,35.58,44.77,76.26,56.68,77.74,95.05,51.82,29.08,98.00,96.00,96.00,,32.63,64.16,82.89,52.38,30.00,,,41.64,41.64,29.51,29.51,51.34,38.21,100.00,28.79,100.00,56.68,99.10,56.38,97.94,92.16,52.60,50.59,65.66,65.81,28.25,42.94,29.08
FJI,Fiji,East Asia & Pacific,2021,Transitioner,56.97,61.87,47.17,75.57,47.76,86.60,50.47,35.19,35.84,43.96,76.26,58.74,78.04,89.92,52.43,29.08,98.00,96.00,96.00,0.00,19.58,44.83,87.00,52.38,30.00,0.00,0.00,41.90,41.90,29.79,29.79,50.52,37.40,100.00,28.79,100.00,58.74,99.10,56.98,87.69,92.16,53.32,49.36,69.58,65.57,28.25,41.48,29.08
FJI,Fiji,East Asia & Pacific,2022,Transitioner,58.17,63.25,51.46,76.90,45.73,87.00,53.53,35.19,38.48,52.05,76.26,60.39,78.34,91.97,49.89,29.08,98.00,97.00,96.00,0.00,21.54,51.93,87.13,52.38,30.00,0.00,0.00,44.54,44.54,32.42,32.42,58.61,45.48,100.00,28.79,100.00,60.39,99.10,57.58,87.44,96.50,53.26,48.13,58.46,65.88,28.25,39.12,29.08
FJI,Fiji,East Asia & Pacific,2023,Transitioner,58.55,64.39,51.68,77.39,45.63,87.04,56.33,35.19,37.25,53.82,76.26,61.97,78.34,91.86,49.76,29.08,98.00,97.10,96.00,0.00,24.97,56.05,87.98,52.38,30.00,0.00,0.00,43.30,43.30,31.19,31.19,60.38,47.26,100.00,28.79,100.00,61.97,99.10,57.58,92.55,91.16,53.23,48.13,57.62,67.30,26.93,39.35,29.08
FJI,Fiji,East Asia & Pacific,2024,Transitioner,60.66,66.70,51.81,76.63,51.13,87.00,62.17,35.19,35.85,55.54,76.26,63.57,78.34,87.98,50.45,53.83,98.00,97.00,96.00,0.00,34.15,64.26,88.08,52.38,30.00,0.00,0.00,45.03,38.49,32.91,26.96,62.11,48.98,100.00,28.79,100.00,63.57,99.10,57.58,91.27,84.68,51.46,53.43,58.61,62.70,31.13,43.28,53.83
FRA,France,Europe & Central Asia,2014,Advanced,72.55,58.77,80.25,78.37,74.94,89.12,26.61,62.40,76.10,85.62,77.78,73.23,83.85,78.03,78.98,58.80,99.00,99.30,74.00,,19.23,24.37,36.22,56.95,70.57,,,82.44,82.44,69.77,69.77,92.49,78.76,66.67,66.67,100.00,73.23,99.00,68.70,69.70,86.36,77.55,100.00,37.68,90.71,91.19,95.52,58.80
FRA,France,Europe & Central Asia,2015,Advanced,75.99,69.49,79.04,79.03,76.82,91.52,42.43,79.54,76.41,82.29,77.78,75.28,83.78,78.03,79.40,66.50,99.00,99.30,80.00,,28.27,36.81,62.23,85.52,70.57,,,82.74,82.74,70.08,70.08,89.16,75.43,66.67,66.67,100.00,75.28,99.00,68.57,69.70,86.36,77.68,97.10,39.12,92.99,91.19,94.98,66.50
FRA,France,Europe & Central Asia,2016,Advanced,77.96,73.89,79.17,79.37,79.56,94.68,50.28,79.54,76.71,82.31,77.78,79.83,84.03,74.24,80.90,74.20,99.00,99.60,87.60,,34.19,43.83,72.83,85.52,70.57,,,82.96,82.96,70.47,70.47,89.07,75.55,66.67,66.67,100.00,79.83,99.00,69.06,62.12,86.36,78.03,94.20,45.27,94.58,91.19,96.64,74.20
FRA,France,Europe & Central Asia,2017,Advanced,79.46,76.94,79.31,79.81,81.86,98.12,54.45,79.54,77.29,82.08,77.78,81.80,84.41,73.23,81.85,81.90,99.00,99.90,95.90,,37.35,46.61,79.38,85.52,70.57,,,83.44,83.44,71.14,71.14,88.75,75.42,66.67,66.67,100.00,81.80,99.00,69.81,65.91,80.56,78.31,96.06,48.28,96.00,91.19,94.88,81.90
FRA,France,Europe & Central Asia,2018,Leader,81.70,78.94,80.13,83.62,84.22,99.36,58.23,79.54,67.44,94.00,77.78,83.21,84.81,82.84,82.33,91.80,99.00,99.90,99.00,,45.91,50.08,78.69,85.52,70.57,,,70.91,76.46,58.43,63.97,100.00,88.00,66.67,66.67,100.00,83.21,99.00,70.62,85.19,80.49,78.63,97.92,51.29,94.30,91.19,94.56,91.80
FRA,France,Europe & Central Asia,2019,Leader,84.29,81.40,82.85,87.49,85.55,99.36,64.36,79.54,71.39,96.86,77.78,83.97,85.17,93.33,83.27,94.70,99.00,99.90,99.00,,57.94,56.72,78.43,85.52,70.57,,,77.63,77.63,65.15,65.15,100.00,93.71,66.67,66.67,100.00,83.97,99.00,71.33,100.00,86.67,78.91,93.08,58.50,94.55,91.19,93.28,94.70
FRA,France,Europe & Central Asia,2020,Leader,84.04,82.46,81.40,83.57,88.91,99.54,66.85,79.54,70.51,94.10,77.78,84.72,85.25,80.74,86.73,97.60,99.30,99.90,99.30,,64.08,54.76,81.69,85.52,70.57,,,76.62,76.62,64.41,64.41,100.00,88.20,66.67,66.67,100.00,84.72,99.00,71.50,81.48,80.00,79.16,88.24,73.89,94.87,94.58,94.08,97.60
FRA,France,Europe & Central Asia,2021,Leader,85.26,78.16,83.34,90.28,89.86,97.81,59.81,75.56,72.93,96.54,77.78,85.36,85.48,100.00,87.93,97.60,99.70,99.90,99.70,80.00,50.94,44.66,83.83,85.52,70.57,77.50,0.00,79.22,79.22,66.64,66.64,100.00,93.08,66.67,66.67,100.00,85.36,99.00,71.96,100.00,100.00,79.89,87.96,78.44,95.20,94.52,95.20,97.60
FRA,France,Europe & Central Asia,2022,Leader,85.93,82.30,83.49,88.75,89.39,98.66,69.32,75.56,72.20,97.64,77.78,85.86,85.66,94.74,87.34,97.60,99.80,99.90,99.80,88.00,73.14,50.59,84.23,85.52,70.57,77.50,0.00,78.44,78.44,65.96,65.96,100.00,95.28,66.67,66.67,100.00,85.86,99.00,72.33,100.00,89.47,79.96,87.68,78.36,93.78,92.83,95.84,97.60
FRA,France,Europe & Central Asia,2023,Leader,88.53,87.66,87.23,90.26,89.02,99.38,82.00,75.56,80.84,98.35,77.78,86.28,85.66,98.82,86.87,97.60,99.90,99.90,99.90,94.70,100.00,60.31,85.68,85.52,70.57,77.50,0.00,94.42,79.75,81.93,67.26,100.00,96.70,66.67,66.67,100.00,86.28,99.00,72.33,100.00,97.65,80.07,87.68,75.98,93.10,93.31,96.16,97.60
FRA,France,Europe & Central Asia,2024,Leader,89.83,88.93,91.24,90.72,88.45,99.46,85.08,75.56,90.53,98.67,77.78,86.49,85.66,100.00,85.82,98.98,99.90,99.90,99.90,95.50,100.00,68.74,86.51,85.52,70.57,77.50,0.00,100.00,94.44,88.92,78.76,100.00,97.34,66.67,66.67,100.00,86.49,99.00,72.33,100.00,100.00,80.12,84.40,76.07,89.93,92.75,96.04,98.98
GAB,Gabon,Sub-Saharan Africa,2014,Emerging,38.89,19.70,49.54,67.16,34.92,30.44,1.38,34.86,46.69,44.68,64.97,46.18,65.11,90.20,42.92,2.90,92.21,20.00,10.00,,4.14,,0.00,38.10,30.00,,,61.69,48.36,45.01,31.68,53.71,35.64,73.73,21.17,100.00,46.18,84.70,45.52,100.00,80.39,79.51,9.45,11.01,68.94,25.25,50.33,2.90
GAB,Gabon,Sub-Saharan Africa,2015,Emerging,47.31,42.63,46.71,67.30,37.38,86.51,2.63,34.86,44.98,37.31,68.99,46.42,65.27,90.20,45.08,6.57,93.23,85.73,83.93,,4.14,3.75,0.00,38.10,30.00,,,59.98,46.65,43.30,29.97,46.34,28.27,73.73,33.26,100.00,46.42,84.70,45.84,100.00,80.39,79.37,12.33,14.58,74.89,25.25,50.33,6.57
GAB,Gabon,Sub-Saharan Africa,2016,Transitioner,51.20,50.72,48.60,69.47,40.14,90.94,18.44,34.86,44.04,43.09,68.75,52.79,65.43,90.20,47.61,10.23,94.55,92.14,87.93,,10.20,19.34,25.78,38.10,30.00,,,59.05,45.72,42.36,29.03,52.12,34.05,73.73,32.51,100.00,52.79,84.70,46.17,100.00,80.39,79.11,15.22,23.66,77.28,25.25,50.33,10.23
GAB,Gabon,Sub-Saharan Africa,2017,Transitioner,54.52,54.50,58.41,63.77,43.54,91.10,27.71,34.86,68.55,43.10,68.76,54.54,65.60,71.18,50.94,13.90,95.24,92.21,87.93,,12.24,20.82,50.05,38.10,30.00,,,83.56,70.23,66.87,53.54,52.13,34.06,73.73,32.56,100.00,54.54,84.70,46.50,72.55,69.81,84.66,19.07,28.62,81.49,25.25,50.33,13.90
GAB,Gabon,Sub-Saharan Africa,2018,Transitioner,56.67,57.38,55.65,67.84,47.60,91.57,34.46,34.86,61.60,43.12,68.81,55.78,65.76,81.98,51.54,31.80,96.17,92.21,88.62,,12.00,22.45,68.93,38.10,30.00,,,76.61,63.28,59.92,46.59,52.16,34.08,73.73,32.71,100.00,55.78,84.70,46.83,85.02,78.95,84.43,22.92,30.67,80.76,25.25,50.33,31.80
GAB,Gabon,Sub-Saharan Africa,2019,Transitioner,54.92,57.29,48.47,70.24,46.63,92.97,32.84,34.86,42.98,43.79,68.82,56.86,66.62,87.24,52.89,21.58,96.69,93.45,90.63,,13.77,25.83,58.91,38.10,30.00,,,63.37,39.28,46.69,22.60,52.82,34.75,73.73,32.74,100.00,56.86,86.09,47.16,92.34,82.14,84.20,27.64,32.32,83.71,25.25,50.33,21.58
GAB,Gabon,Sub-Saharan Africa,2020,Transitioner,54.32,58.58,48.60,66.06,46.28,93.02,36.01,34.86,44.77,42.34,68.78,57.82,67.48,72.89,55.01,11.36,96.69,93.56,90.65,,16.05,24.77,67.21,38.10,30.00,,,66.48,39.74,49.80,23.05,51.38,33.30,73.73,32.60,100.00,57.82,87.47,47.49,87.48,58.30,83.99,32.35,36.14,86.85,26.71,50.33,11.36
GAB,Gabon,Sub-Saharan Africa,2021,Transitioner,53.96,53.98,51.21,65.91,46.53,83.35,37.58,28.05,47.39,46.23,68.78,58.93,68.34,70.46,55.32,11.36,96.69,93.56,90.65,0.00,11.37,19.86,81.49,38.10,30.00,0.00,0.00,64.55,46.93,47.86,30.24,55.27,37.20,73.73,32.60,100.00,58.93,88.86,47.82,82.63,58.30,83.79,34.07,33.93,88.91,27.17,51.55,11.36
GAB,Gabon,Sub-Saharan Africa,2022,Transitioner,54.96,55.86,53.69,66.93,45.47,85.58,40.04,28.05,50.38,49.46,68.78,60.23,68.34,72.22,54.00,11.36,96.69,95.78,94.00,0.00,13.42,25.58,81.13,38.10,30.00,0.00,0.00,67.53,49.91,50.85,33.22,58.50,40.43,73.73,32.60,100.00,60.23,88.86,47.82,77.78,66.67,83.59,35.78,28.09,89.46,24.88,52.16,11.36
GAB,Gabon,Sub-Saharan Africa,2023,Transitioner,53.70,58.02,52.71,68.85,39.48,86.94,44.08,28.05,49.20,48.19,68.77,61.40,68.34,76.80,46.51,11.36,96.69,96.69,96.49,0.00,17.88,31.61,82.75,38.10,30.00,0.00,0.00,66.35,48.73,49.67,32.05,57.23,39.16,73.73,32.58,100.00,61.40,88.86,47.82,85.19,68.42,44.67,35.78,30.31,87.65,25.82,52.46,11.36
GAB,Gabon,Sub-Saharan Africa,2024,Transitioner,54.98,57.60,51.94,70.81,43.13,87.17,41.62,30.43,46.99,48.47,68.77,62.11,68.34,81.97,43.96,39.85,99.00,96.69,96.49,0.00,16.94,30.90,77.01,42.86,30.00,0.00,0.00,60.08,52.54,43.39,31.95,57.51,39.43,73.73,32.58,100.00,62.11,88.86,47.82,96.30,67.65,43.84,31.88,31.03,79.39,24.33,50.49,39.85
GBR,United Kingdom,Europe & Central Asia,2014,Advanced,79.38,63.12,87.65,87.51,81.99,92.74,29.64,70.83,84.93,95.31,77.78,76.52,91.46,94.57,84.83,70.60,99.70,98.00,84.00,,16.16,27.86,44.91,61.71,84.50,,,97.25,85.94,83.92,72.61,100.00,90.63,66.67,66.67,100.00,76.52,99.00,83.91,89.13,100.00,86.00,89.76,49.23,95.50,98.56,100.00,70.60
GBR,United Kingdom,Europe & Central Asia,2015,Leader,82.29,71.85,87.53,87.34,83.50,97.54,46.67,70.83,85.27,94.67,77.78,76.57,90.89,94.57,86.08,73.17,99.70,99.00,95.00,,26.80,46.76,66.44,61.71,84.50,,,97.63,86.33,84.20,72.90,100.00,89.34,66.67,66.67,100.00,76.57,99.00,82.77,89.13,100.00,86.03,94.88,50.43,97.97,98.56,100.00,73.17
GBR,United Kingdom,Europe & Central Asia,2016,Leader,84.71,78.00,86.02,89.62,85.61,99.12,60.48,70.83,82.47,93.69,77.78,78.65,90.22,100.00,88.07,75.73,99.60,99.00,99.00,,38.67,64.12,78.63,61.71,84.50,,,94.79,83.49,81.46,70.16,100.00,87.39,66.67,66.67,100.00,78.65,99.00,81.44,100.00,100.00,86.15,100.00,56.18,99.48,98.56,100.00,75.73
GBR,United Kingdom,Europe & Central Asia,2017,Leader,85.48,79.67,85.65,90.53,86.43,99.12,64.65,70.83,83.20,92.04,77.78,81.18,90.40,100.00,88.47,78.30,99.60,99.00,99.00,,42.20,70.47,81.28,61.71,84.50,,,95.47,84.16,82.23,70.93,99.21,84.87,66.67,66.67,100.00,81.18,99.00,81.79,100.00,100.00,86.93,98.96,57.36,100.00,98.56,100.00,78.30
GBR,United Kingdom,Europe & Central Asia,2018,Leader,86.54,80.03,87.66,89.56,89.28,99.35,63.97,73.50,87.91,92.35,77.78,82.84,90.57,95.26,88.32,93.10,99.80,99.48,99.00,,42.64,67.55,81.73,61.71,91.17,,,100.00,82.67,100.00,68.95,99.78,84.92,66.67,66.67,100.00,82.84,99.00,82.15,92.91,97.62,86.91,97.92,58.55,98.63,98.56,100.00,93.10
GBR,United Kingdom,Europe & Central Asia,2019,Leader,86.69,81.59,83.09,91.39,91.16,99.37,67.86,73.50,72.71,96.13,77.78,84.50,89.67,100.00,89.86,96.32,99.90,99.48,99.00,,49.55,72.02,82.00,61.71,91.17,,,83.28,75.48,69.95,62.15,100.00,92.27,66.67,66.67,100.00,84.50,99.00,80.35,100.00,100.00,87.49,96.90,66.03,98.80,98.56,100.00,96.32
GBR,United Kingdom,Europe & Central Asia,2020,Leader,87.76,81.73,84.50,91.79,93.56,99.37,68.20,73.50,72.77,99.60,77.78,85.59,89.77,100.00,92.07,99.54,99.90,99.48,99.00,,57.27,64.55,82.77,61.71,91.17,,,82.03,76.74,68.80,63.51,100.00,99.19,66.67,66.67,100.00,85.59,99.00,80.55,100.00,100.00,86.53,95.88,76.93,99.35,99.59,100.00,99.54
GBR,United Kingdom,Europe & Central Asia,2021,Leader,88.20,80.68,86.78,91.57,94.40,94.32,61.43,91.88,79.36,98.71,77.78,86.19,89.73,98.78,93.11,99.54,99.90,99.74,99.58,46.00,49.86,51.03,83.42,99.81,91.17,97.50,0.00,89.47,82.39,76.33,69.25,100.00,97.42,66.67,66.67,100.00,86.19,99.00,80.47,100.00,97.56,86.60,92.24,83.50,100.00,99.36,100.00,99.54
GBR,United Kingdom,Europe & Central Asia,2022,Leader,89.61,84.55,87.69,92.65,93.86,95.73,69.70,91.88,83.75,96.58,77.78,86.60,91.34,100.00,92.44,99.54,99.90,99.74,99.60,60.00,70.93,54.40,83.77,99.81,91.17,97.50,0.00,95.23,85.41,82.10,72.27,100.00,93.16,66.67,66.67,100.00,86.60,99.00,83.68,100.00,100.00,86.73,88.59,83.17,98.71,99.26,100.00,99.54
GBR,United Kingdom,Europe & Central Asia,2023,Leader,90.01,87.15,87.05,92.51,93.54,97.03,74.90,91.88,82.54,96.20,77.78,87.35,91.34,98.84,92.04,99.54,99.90,99.74,99.60,73.00,81.43,58.74,84.54,99.81,91.17,97.50,0.00,91.25,86.96,78.12,73.82,100.00,92.40,66.67,66.67,100.00,87.35,99.00,83.68,100.00,97.67,86.56,88.59,81.16,98.20,100.00,100.00,99.54
GBR,United Kingdom,Europe & Central Asia,2024,Leader,90.66,91.13,85.46,93.02,93.27,97.98,83.91,91.88,77.87,96.90,77.78,87.71,91.34,100.00,91.58,100.00,99.90,99.74,99.60,82.50,100.00,66.76,84.96,99.81,91.17,97.50,0.00,87.52,81.86,74.38,67.72,100.00,93.80,66.67,66.67,100.00,87.71,99.00,83.68,100.00,100.00,86.22,95.35,79.20,95.05,99.77,100.00,100.00
GEO,Georgia,Europe & Central Asia,2014,Transitioner,53.66,37.65,52.77,80.19,52.05,62.51,14.58,34.05,58.65,37.91,70.72,60.25,82.20,98.13,52.57,50.00,99.00,87.79,18.99,,6.01,6.82,30.92,32.86,35.83,,,66.54,66.54,50.76,50.76,46.46,29.36,63.22,73.73,75.21,60.25,100.00,64.40,96.25,100.00,51.61,59.84,25.45,74.61,62.67,37.15,50.00
GEO,Georgia,Europe & Central Asia,2015,Transitioner,60.42,47.69,61.58,80.56,56.35,75.80,23.54,39.76,81.65,36.95,70.72,60.40,83.15,98.13,55.28,60.63,99.00,90.00,50.00,,10.06,13.85,46.70,42.38,35.83,,,89.32,89.32,73.97,73.97,45.26,28.63,63.22,73.73,75.21,60.40,99.67,66.64,96.25,100.00,51.90,61.81,34.47,77.85,62.67,37.15,60.63
GEO,Georgia,Europe & Central Asia,2016,Transitioner,63.53,55.73,57.21,83.29,61.35,84.14,33.21,43.95,69.47,38.19,70.72,69.95,83.79,96.12,58.87,71.27,99.00,90.00,70.84,,14.53,24.43,60.66,47.14,39.17,,,77.04,77.04,61.90,61.90,46.40,29.99,63.22,73.73,75.21,69.95,99.33,68.24,92.25,100.00,52.06,63.77,47.73,81.42,62.67,37.15,71.27
GEO,Georgia,Europe & Central Asia,2017,Advanced,66.27,61.59,63.35,75.84,65.16,89.99,42.02,43.95,84.46,38.56,70.72,72.76,84.20,70.57,60.97,81.90,99.93,90.00,85.00,,19.06,30.49,76.50,47.14,39.17,,,92.46,92.46,76.45,76.45,47.23,29.89,63.22,73.73,75.21,72.76,99.00,69.39,81.88,59.26,51.83,66.60,55.67,82.82,62.67,37.15,81.90
GEO,Georgia,Europe & Central Asia,2018,Advanced,69.50,65.21,62.33,85.07,67.48,90.33,50.72,43.95,80.37,40.10,70.72,75.14,85.39,94.68,62.93,85.70,99.98,90.00,85.83,,28.21,46.17,77.79,47.14,39.17,,,88.04,88.04,72.69,72.69,48.42,31.78,63.22,73.73,75.21,75.14,99.65,71.13,89.36,100.00,55.36,69.44,63.63,79.67,62.67,37.15,85.70
GEO,Georgia,Europe & Central Asia,2019,Advanced,68.32,67.86,55.21,86.15,67.49,97.60,49.98,44.13,62.62,40.05,70.72,77.10,86.11,95.24,63.52,83.38,99.98,98.00,96.00,,27.90,45.44,76.61,47.43,39.17,,,78.46,61.61,63.63,46.78,48.09,32.02,63.22,73.73,75.21,77.10,99.74,72.47,100.00,90.48,55.87,64.13,68.00,80.43,62.67,37.15,83.38
GEO,Georgia,Europe & Central Asia,2020,Advanced,68.50,68.13,54.06,86.36,69.22,98.40,49.86,44.13,61.36,38.43,70.72,77.65,87.30,94.12,66.26,81.06,99.98,99.00,97.00,,27.18,41.70,80.70,47.43,39.17,,,79.10,57.94,64.79,43.62,46.19,30.68,63.22,73.73,75.21,77.65,99.83,74.78,94.74,93.51,57.80,58.82,79.11,82.16,64.23,37.15,81.06
GEO,Georgia,Europe & Central Asia,2021,Advanced,68.18,61.00,58.29,85.77,70.85,88.80,45.97,35.47,67.87,42.51,70.72,78.25,87.10,91.96,68.29,81.06,99.98,99.00,98.00,0.00,19.33,32.98,85.59,47.43,39.17,0.00,0.00,83.42,66.53,69.20,52.31,50.21,34.81,63.22,73.73,75.21,78.25,99.91,74.28,89.47,94.44,58.98,59.97,86.27,82.88,65.69,35.35,81.06
GEO,Georgia,Europe & Central Asia,2022,Advanced,69.87,61.38,63.00,87.82,70.19,89.20,46.51,35.47,73.59,48.55,70.72,78.72,88.21,96.53,67.47,81.06,99.98,99.00,99.00,0.00,19.71,35.41,84.42,47.43,39.17,0.00,0.00,89.05,72.16,75.03,58.14,56.15,40.96,63.22,73.73,75.21,78.72,100.00,76.42,93.06,100.00,59.28,61.11,81.63,82.62,70.34,25.88,81.06
GEO,Georgia,Europe & Central Asia,2023,Advanced,71.41,65.30,64.78,88.39,69.53,89.34,53.81,40.22,74.13,52.47,70.72,79.06,88.49,97.62,66.65,81.06,99.98,99.00,99.00,1.37,28.55,48.72,84.15,52.19,40.83,12.50,0.00,89.74,72.85,75.42,58.53,60.22,44.71,63.22,73.73,75.21,79.06,99.56,77.43,100.00,95.24,59.95,61.11,75.46,81.82,72.52,25.92,81.06
GEO,Georgia,Europe & Central Asia,2024,Advanced,73.28,72.21,62.89,89.43,71.01,90.74,65.84,47.86,67.23,54.64,70.72,79.80,88.49,100.00,65.74,92.08,99.90,99.00,99.00,15.53,45.16,65.51,86.86,61.72,44.17,25.00,0.00,79.77,68.90,65.45,54.82,62.39,46.88,63.22,73.73,75.21,79.80,99.56,77.43,100.00,100.00,60.18,56.52,78.61,78.65,75.25,15.52,92.08
GHA,Ghana,Sub-Saharan Africa,2014,Emerging,35.36,31.03,42.65,39.11,30.21,52.64,2.79,44.29,49.08,39.06,36.96,42.28,51.47,23.58,30.42,29.40,91.00,85.00,1.10,,3.55,4.81,0.00,37.14,55.00,,,63.49,54.45,43.71,34.67,49.77,28.34,54.86,4.61,51.42,42.28,64.49,38.44,47.15,0.00,30.58,31.50,7.71,38.29,26.25,67.00,29.40
GHA,Ghana,Sub-Saharan Africa,2015,Emerging,36.75,35.20,41.42,39.17,31.96,52.84,10.15,50.00,51.13,34.70,35.43,43.68,50.25,23.58,32.33,30.47,91.00,85.00,1.61,,5.69,6.86,17.90,46.67,55.00,,,65.54,56.51,45.76,36.72,45.41,23.98,54.86,0.00,51.42,43.68,64.49,36.01,47.15,0.00,29.52,38.21,8.22,45.06,26.25,67.00,30.47
GHA,Ghana,Sub-Saharan Africa,2016,Emerging,40.79,42.31,45.75,41.51,34.46,64.56,16.22,50.00,52.18,43.72,36.96,49.45,51.82,23.25,35.20,31.53,96.79,85.00,28.00,,8.30,8.35,32.01,46.67,55.00,,,66.59,57.55,46.80,37.77,54.43,33.00,54.86,4.61,51.42,49.45,64.49,39.14,46.50,0.00,29.75,44.93,13.38,50.63,26.25,67.00,31.53
GHA,Ghana,Sub-Saharan Africa,2017,Emerging,46.27,48.00,47.63,54.53,36.77,66.56,28.43,50.00,56.63,43.96,36.96,51.22,51.55,60.82,37.81,32.60,96.79,85.00,33.00,,10.97,12.21,62.12,46.67,55.00,,,71.04,62.00,51.25,42.22,54.67,33.24,54.86,4.61,51.42,51.22,64.49,38.61,91.06,30.59,30.96,57.18,16.04,53.69,26.25,67.00,32.60
GHA,Ghana,Sub-Saharan Africa,2018,Emerging,49.61,51.59,53.52,55.05,39.84,74.06,29.93,50.00,68.28,47.03,36.96,52.54,58.42,54.19,38.88,43.70,96.79,88.45,48.30,,8.82,13.34,67.62,46.67,55.00,,,78.17,78.17,58.39,58.39,57.75,36.32,54.86,4.61,51.42,52.54,79.00,37.84,52.38,56.00,31.13,69.44,17.31,51.49,26.25,67.00,43.70
GHA,Ghana,Sub-Saharan Africa,2019,Emerging,49.48,54.73,40.97,60.13,44.47,78.80,33.01,50.00,44.37,44.94,26.24,53.70,57.90,68.79,39.29,65.20,98.00,90.00,58.00,,10.29,19.14,69.61,46.67,55.00,,,63.07,45.45,43.29,25.67,55.66,34.23,45.26,4.61,28.85,53.70,78.16,37.64,81.06,56.52,31.06,66.49,18.54,53.86,26.25,67.00,65.20
GHA,Ghana,Sub-Saharan Africa,2020,Transitioner,50.49,57.33,39.92,56.33,50.41,84.88,33.43,50.00,46.10,40.57,26.24,54.77,58.63,55.58,41.34,86.69,99.00,91.00,71.70,,11.55,17.90,70.86,46.67,55.00,,,64.47,47.52,44.69,27.74,51.29,29.86,45.26,4.61,28.85,54.77,77.32,39.94,86.70,24.47,31.22,63.53,24.77,56.83,28.59,67.00,86.69
GHA,Ghana,Sub-Saharan Africa,2021,Transitioner,51.57,55.19,44.72,57.22,50.07,84.94,33.11,39.83,49.59,43.36,37.68,56.01,58.69,56.95,40.92,86.69,99.00,97.00,90.60,0.00,7.11,16.52,75.71,46.67,55.00,0.00,0.00,67.14,51.81,47.36,32.03,54.08,32.65,53.23,0.14,59.68,56.01,76.49,40.89,92.34,21.57,31.38,58.57,25.85,57.51,27.07,67.00,86.69
GHA,Ghana,Sub-Saharan Africa,2022,Transitioner,52.44,58.02,44.37,59.75,49.17,89.37,35.77,39.83,55.73,37.34,35.71,57.38,59.23,62.64,39.79,86.69,99.30,99.30,99.30,0.00,7.10,20.95,79.27,46.67,55.00,0.00,0.00,72.29,58.96,52.51,39.18,48.05,26.62,46.83,0.00,60.32,57.38,76.49,41.97,76.98,48.29,31.44,53.61,19.53,57.52,30.18,67.00,86.69
GHA,Ghana,Sub-Saharan Africa,2023,Transitioner,55.41,60.11,47.42,66.85,49.47,89.41,40.94,39.83,63.74,36.96,35.71,58.62,59.23,82.69,40.16,86.69,99.30,99.40,99.30,0.00,10.89,30.50,81.44,46.67,55.00,0.00,0.00,80.29,66.96,60.51,47.18,47.67,26.24,46.83,0.00,60.32,58.62,76.49,41.97,100.00,65.38,31.33,53.61,21.00,55.47,32.71,67.00,86.69
GHA,Ghana,Sub-Saharan Africa,2024,Transitioner,54.75,62.74,40.05,68.69,52.06,90.16,46.77,39.83,45.11,37.15,35.71,59.61,59.23,87.24,40.26,99.27,99.55,99.50,99.30,6.88,18.85,39.68,81.77,46.67,55.00,0.00,0.00,61.95,46.91,42.17,29.41,47.86,26.43,46.83,0.00,60.32,59.61,76.49,41.97,88.76,85.71,31.35,60.84,22.42,49.53,34.05,67.00,99.27
GIN,Guinea,Sub-Saharan Africa,2014,Discoverer,20.00,15.23,45.91,30.20,7.58,27.69,3.31,14.16,57.72,27.58,58.95,27.07,27.67,35.88,8.75,2.90,79.00,29.73,0.00,,5.12,4.80,0.00,11.43,18.27,,,79.12,48.17,67.27,36.32,34.00,21.17,73.73,3.11,100.00,27.07,32.00,23.33,71.75,0.00,7.87,0.00,4.53,4.16,11.68,31.02,2.90
GIN,Guinea,Sub-Saharan Africa,2015,Discoverer,23.96,17.85,45.33,31.15,13.09,34.00,3.53,14.16,58.52,25.32,58.95,28.11,29.46,35.88,15.13,4.93,79.00,45.51,0.00,,4.64,5.94,0.00,11.43,18.27,,,79.92,48.97,68.08,37.12,31.74,18.90,73.73,3.11,100.00,28.11,34.00,24.93,71.75,0.00,15.53,4.35,5.52,19.25,11.68,42.96,4.93
GIN,Guinea,Sub-Saharan Africa,2016,Discoverer,26.04,20.57,45.94,33.35,14.60,40.27,4.08,14.16,58.74,31.20,49.80,34.38,31.06,34.62,16.51,6.97,79.00,61.18,0.00,,5.30,6.93,0.00,11.43,18.27,,,80.14,49.19,68.29,37.34,37.62,24.78,56.50,33.54,59.35,34.38,36.00,26.12,69.23,0.00,14.65,8.70,9.10,19.91,11.68,45.69,6.97
GIN,Guinea,Sub-Saharan Africa,2017,Discoverer,26.76,21.24,48.82,32.28,15.32,40.52,5.50,14.16,63.45,33.66,49.87,35.65,32.66,28.53,16.90,9.00,79.00,61.79,0.00,,6.43,10.07,0.00,11.43,18.27,,,84.85,53.90,73.00,42.05,40.08,27.25,56.50,33.74,59.35,35.65,38.00,27.33,48.72,8.33,10.86,19.97,12.10,22.62,11.68,34.52,9.00
GIN,Guinea,Sub-Saharan Africa,2018,Discoverer,29.55,22.53,50.55,36.74,18.21,41.76,7.48,14.16,65.50,35.95,49.86,36.61,34.28,39.31,17.99,19.10,82.70,63.06,0.00,,6.13,9.47,6.84,11.43,18.27,,,86.90,55.94,75.05,44.10,42.37,29.53,56.50,33.74,59.35,36.61,40.00,28.57,62.50,16.13,9.69,31.25,14.16,18.52,11.68,40.55,19.10
GIN,Guinea,Sub-Saharan Africa,2019,Discoverer,29.37,33.85,36.72,29.77,20.13,61.96,15.57,14.16,28.42,38.44,49.86,37.49,34.91,16.89,20.21,19.82,91.00,75.00,34.40,,10.49,15.23,21.00,11.43,18.27,,,44.91,23.79,33.06,11.94,44.86,32.02,56.50,33.74,59.35,37.49,40.00,29.82,20.45,13.33,10.50,26.51,15.29,23.87,11.68,52.86,19.82
GIN,Guinea,Sub-Saharan Africa,2020,Discoverer,31.91,43.39,37.59,35.07,18.13,80.00,21.39,14.16,29.56,39.47,49.87,38.28,35.55,31.39,17.54,20.53,92.00,85.00,69.00,,11.18,14.38,38.61,11.43,18.27,,,46.16,24.82,34.31,12.97,45.89,33.05,56.50,33.76,59.35,38.28,40.00,31.11,43.18,19.60,11.48,21.76,14.92,23.09,13.22,28.17,20.53
GIN,Guinea,Sub-Saharan Africa,2021,Discoverer,32.91,43.54,33.60,44.21,18.14,76.40,26.84,11.19,26.39,32.57,50.09,39.17,36.21,57.24,17.54,20.53,92.00,92.00,76.00,0.00,7.06,12.71,60.76,11.43,18.27,0.00,0.00,36.83,27.79,24.98,15.94,38.98,26.15,56.50,34.43,59.35,39.17,40.00,32.41,65.91,48.57,11.59,32.99,17.46,17.81,13.34,21.99,20.53
GIN,Guinea,Sub-Saharan Africa,2022,Discoverer,32.57,42.35,34.34,37.71,20.51,76.53,23.75,11.19,27.28,33.53,50.09,40.16,36.21,36.77,20.50,20.53,93.00,92.04,76.03,0.00,7.23,14.35,49.67,11.43,18.27,0.00,0.00,37.72,28.68,25.87,16.83,39.95,27.11,56.50,34.43,59.35,40.16,40.00,32.41,59.26,14.29,12.33,44.21,13.90,20.08,14.43,39.31,20.53
GIN,Guinea,Sub-Saharan Africa,2023,Emerging,37.28,46.12,44.70,43.16,21.71,78.10,31.60,11.19,29.37,57.58,49.61,41.26,36.21,52.01,22.01,20.53,93.00,94.00,78.00,0.00,9.37,20.95,64.50,11.43,18.27,0.00,0.00,39.82,30.78,27.97,18.93,64.00,51.16,56.50,32.99,59.35,41.26,40.00,32.41,54.02,50.00,11.82,44.21,18.11,21.83,13.57,45.23,20.53
GIN,Guinea,Sub-Saharan Africa,2024,Emerging,40.18,46.32,43.75,46.03,27.95,78.54,31.66,11.19,24.92,59.65,49.61,42.85,36.21,59.03,20.80,56.55,93.00,94.58,78.53,0.00,10.95,25.75,58.28,11.43,18.27,0.00,0.00,35.89,27.42,24.04,12.34,66.07,53.23,56.50,32.98,59.35,42.85,40.00,32.41,70.70,47.37,12.31,48.08,20.75,13.74,15.59,35.15,56.55
GMB,Gambia,Sub-Saharan Africa,2014,Discoverer,22.31,21.67,22.17,30.79,16.75,42.12,1.32,21.43,2.04,11.90,82.95,30.65,33.64,28.07,18.73,8.80,94.00,58.31,0.00,,1.95,2.02,0.00,24.38,17.02,,,8.17,0.00,0.00,0.00,21.93,1.87,84.78,64.08,100.00,30.65,51.00,16.29,56.14,0.00,25.65,20.47,5.94,33.01,17.32,3.00,8.80
GMB,Gambia,Sub-Saharan Africa,2015,Discoverer,22.69,21.62,21.13,31.12,18.64,42.12,1.20,21.43,2.27,9.08,82.95,31.11,34.19,28.07,20.70,10.40,94.00,58.31,0.00,,1.72,1.88,0.00,24.38,17.02,,,9.09,0.00,0.00,0.00,18.17,0.00,84.78,64.08,100.00,31.11,51.00,17.39,56.14,0.00,27.64,20.02,6.56,40.46,17.32,3.00,10.40
GMB,Gambia,Sub-Saharan Africa,2016,Discoverer,24.12,27.07,20.62,31.18,19.44,42.52,14.44,21.43,2.43,7.65,82.95,30.36,35.10,28.07,21.30,12.00,96.00,58.31,0.00,,6.95,5.05,31.32,24.38,17.02,,,9.72,0.00,0.00,0.00,15.30,0.00,84.78,64.08,100.00,30.36,51.72,18.49,56.14,0.00,28.33,19.57,9.36,40.20,17.32,3.00,12.00
GMB,Gambia,Sub-Saharan Africa,2017,Discoverer,32.95,33.18,38.63,43.75,21.03,45.53,26.70,21.43,35.23,19.85,82.95,31.87,36.01,63.36,22.88,13.60,96.00,58.62,7.20,,9.24,8.60,62.27,24.38,17.02,,,54.82,29.97,40.50,15.65,28.38,11.33,84.78,64.08,100.00,31.87,52.44,19.59,56.14,70.59,28.41,23.32,12.85,42.68,17.32,3.00,13.60
GMB,Gambia,Sub-Saharan Africa,2018,Emerging,37.18,36.01,40.55,52.84,24.77,51.02,28.28,21.43,37.65,22.25,82.95,33.37,36.92,88.24,23.96,28.00,96.00,64.63,14.93,,9.57,9.49,65.77,24.38,17.02,,,58.03,33.17,42.13,17.27,30.84,13.65,84.78,64.08,100.00,33.37,53.16,20.69,76.47,100.00,26.92,27.08,13.73,46.81,17.32,3.00,28.00
GMB,Gambia,Sub-Saharan Africa,2019,Discoverer,33.04,41.36,26.84,43.69,24.56,58.88,33.79,21.43,8.54,17.08,82.95,34.76,37.22,59.10,23.19,30.06,98.00,67.25,30.96,,12.48,15.23,73.66,24.38,17.02,,,23.90,2.26,8.00,0.00,26.71,7.44,84.78,64.08,100.00,34.76,52.65,21.79,53.49,64.71,26.91,15.01,14.31,48.38,17.32,3.00,30.06
GMB,Gambia,Sub-Saharan Africa,2020,Discoverer,31.71,44.99,26.32,34.31,24.90,69.25,32.51,21.43,8.72,15.60,82.95,36.46,37.52,28.94,23.10,32.12,98.00,69.98,54.15,,10.95,12.13,74.44,24.38,17.02,,,24.14,2.49,8.24,0.00,25.20,5.99,84.78,64.08,100.00,36.46,52.15,22.89,57.88,0.00,26.99,2.94,16.30,49.49,19.75,3.00,32.12
GMB,Gambia,Sub-Saharan Africa,2021,Discoverer,32.02,41.63,27.32,35.55,25.99,62.13,33.30,17.29,9.91,16.91,82.95,37.70,37.81,31.14,24.46,32.12,98.00,72.83,58.00,0.00,7.47,8.36,84.07,24.38,17.02,0.00,0.00,25.73,4.08,9.83,0.00,26.49,7.33,84.78,64.08,100.00,37.70,51.64,23.99,62.27,0.00,27.95,8.75,16.99,51.05,20.45,3.00,32.12
GMB,Gambia,Sub-Saharan Africa,2022,Discoverer,33.67,42.56,24.53,47.08,26.16,64.11,33.64,17.29,10.11,9.73,82.95,39.54,37.81,63.89,24.67,32.12,98.00,75.78,60.00,0.00,8.68,8.68,83.55,24.38,17.02,0.00,0.00,25.99,4.35,10.09,0.00,19.34,0.13,84.78,64.08,100.00,39.54,51.64,23.99,66.67,61.11,27.28,14.55,13.15,52.70,21.45,3.00,32.12
GMB,Gambia,Sub-Saharan Africa,2023,Emerging,36.59,44.97,26.73,54.80,27.21,66.84,36.94,17.29,13.01,12.35,82.95,41.12,37.81,85.46,25.99,32.12,98.00,78.86,62.00,7.00,9.48,14.10,87.23,24.38,17.02,0.00,0.00,29.86,8.22,13.96,0.00,21.77,2.93,84.78,64.08,100.00,41.12,51.64,23.99,86.30,84.62,28.46,14.55,14.27,50.87,27.55,3.00,32.12
GMB,Gambia,Sub-Saharan Africa,2024,Emerging,42.08,47.25,34.38,60.19,32.07,70.13,39.33,17.29,26.22,18.26,82.95,42.77,37.81,100.00,24.65,61.73,98.00,82.20,63.63,20.00,14.46,16.92,86.62,24.38,17.02,0.00,0.00,39.82,28.82,23.92,12.33,30.19,6.33,84.78,64.08,100.00,42.77,51.64,23.99,100.00,100.00,27.75,9.55,15.48,47.61,26.13,3.00,61.73
GNB,Guinea-Bissau,Sub-Saharan Africa,2014,Discoverer,15.36,16.25,23.59,21.06,6.89,16.60,12.19,23.70,0.00,25.28,67.38,25.44,37.73,0.02,7.88,2.90,83.00,0.00,0.00,,5.53,,31.02,19.05,30.67,,,0.00,0.00,0.00,0.00,32.81,17.74,70.17,31.97,100.00,25.44,45.60,29.87,0.03,0.00,0.00,0.79,1.93,14.68,12.15,20.53,2.90
GNB,Guinea-Bissau,Sub-Saharan Africa,2015,Discoverer,18.97,20.63,22.82,24.48,11.23,25.48,14.24,23.70,0.00,23.35,67.38,25.84,39.01,8.60,13.27,3.07,83.00,12.21,10.00,,5.53,6.16,31.02,19.05,30.67,,,0.00,0.00,0.00,0.00,30.88,15.82,70.17,31.97,100.00,25.84,47.46,30.56,17.21,0.00,23.70,5.83,2.65,14.68,12.15,20.53,3.07
GNB,Guinea-Bissau,Sub-Saharan Africa,2016,Discoverer,22.00,27.67,26.29,27.12,11.88,28.88,28.45,23.70,0.70,31.34,67.38,35.02,40.28,6.06,14.04,3.23,83.00,18.20,12.50,,13.00,25.01,47.34,19.05,30.67,,,2.81,0.00,0.00,0.00,38.88,23.81,70.17,31.97,100.00,35.02,49.31,31.24,12.12,0.00,23.49,10.87,4.20,14.68,12.15,20.53,3.23
GNB,Guinea-Bissau,Sub-Saharan Africa,2017,Discoverer,24.53,32.27,33.27,27.82,12.12,38.60,30.22,23.70,15.96,33.52,67.38,36.34,41.55,5.57,14.30,3.40,83.00,39.00,16.00,,13.79,23.29,53.58,19.05,30.67,,,26.35,19.49,12.44,5.57,41.06,25.98,70.17,31.97,100.00,36.34,51.17,31.93,11.14,0.00,24.02,9.26,5.78,14.68,12.15,20.53,3.40
GNB,Guinea-Bissau,Sub-Saharan Africa,2018,Discoverer,27.16,44.51,32.60,30.01,12.50,65.10,34.33,23.70,15.74,32.05,67.38,37.36,42.82,9.85,14.25,5.50,90.50,69.00,48.50,,17.73,33.85,51.40,19.05,30.67,,,26.14,19.27,12.22,5.35,39.59,24.52,70.17,31.97,100.00,37.36,53.03,32.62,19.70,0.00,23.52,7.64,7.19,14.46,12.15,20.20,5.50
GNB,Guinea-Bissau,Sub-Saharan Africa,2019,Discoverer,28.21,54.57,28.19,29.76,13.83,79.28,45.31,23.70,5.23,31.55,67.38,38.30,44.09,6.88,15.37,7.68,91.80,90.30,62.00,,26.55,35.59,73.77,19.05,30.67,,,16.24,2.36,2.33,0.00,39.09,24.02,70.17,31.97,100.00,38.30,54.88,33.31,13.77,0.00,23.96,7.06,12.47,14.24,12.15,21.04,7.68
GNB,Guinea-Bissau,Sub-Saharan Africa,2020,Discoverer,31.92,54.88,33.08,35.28,16.21,80.71,44.64,23.70,16.41,32.59,67.38,39.14,45.95,20.75,17.80,9.85,97.09,90.30,62.93,,20.47,29.14,84.30,19.05,30.67,,,37.45,4.25,23.94,0.00,39.91,25.27,70.17,31.97,100.00,39.14,57.90,33.99,35.56,5.94,24.23,6.47,13.67,24.49,13.07,20.66,9.85
GNB,Guinea-Bissau,Sub-Saharan Africa,2021,Discoverer,32.63,50.06,35.18,36.98,17.40,72.16,43.63,18.72,18.38,35.88,67.38,40.08,47.81,23.04,19.29,9.85,100.00,92.40,63.00,0.00,15.77,34.21,80.91,19.05,30.67,0.00,0.00,33.95,16.33,20.43,2.81,43.20,28.55,70.17,31.97,100.00,40.08,60.92,34.70,40.13,5.94,24.99,6.36,13.75,30.88,13.81,19.66,9.85
GNB,Guinea-Bissau,Sub-Saharan Africa,2022,Discoverer,33.88,48.70,39.55,38.31,17.86,72.40,39.98,18.72,20.17,45.00,67.38,41.14,49.32,24.46,19.86,9.85,100.00,92.00,64.00,0.00,12.63,31.58,75.75,19.05,30.67,0.00,0.00,35.74,18.12,22.22,4.60,52.33,37.68,70.17,31.97,100.00,41.14,63.93,34.70,38.72,10.20,24.57,6.24,11.06,32.14,19.16,18.55,9.85
GNB,Guinea-Bissau,Sub-Saharan Africa,2023,Discoverer,34.81,48.19,39.33,41.38,18.73,69.60,30.98,39.77,18.45,46.17,67.38,42.31,49.32,32.50,20.95,9.85,100.00,85.00,64.00,0.00,12.09,36.94,43.92,57.14,37.33,0.00,0.00,30.13,20.30,16.60,6.78,53.50,38.85,70.17,31.97,100.00,42.31,63.93,34.70,48.06,16.94,24.66,6.24,13.83,31.94,21.66,19.07,9.85
GNB,Guinea-Bissau,Sub-Saharan Africa,2024,Discoverer,34.52,48.93,37.52,41.81,18.50,70.40,32.04,39.77,12.58,47.52,67.38,43.98,49.32,32.12,21.52,6.43,100.00,85.00,66.00,0.00,12.09,32.70,51.34,57.14,37.33,0.00,0.00,25.76,11.69,12.23,0.65,54.84,40.19,70.17,31.97,100.00,43.98,63.93,34.70,41.83,22.41,24.24,12.70,19.90,23.67,23.11,20.61,6.43
GNQ,Equatorial Guinea,Sub-Saharan Africa,2014,Discoverer,29.30,14.75,50.81,31.42,31.28,14.00,1.39,42.99,44.80,51.42,61.59,12.86,59.58,21.83,39.11,0.00,70.00,0.00,0.00,,4.17,,0.00,51.52,30.20,,,54.23,51.82,37.78,35.37,60.33,42.51,84.78,0.00,100.00,12.86,88.00,31.17,43.66,0.00,64.35,3.15,2.42,42.58,58.96,51.28,0.00
GNQ,Equatorial Guinea,Sub-Saharan Africa,2015,Discoverer,27.85,14.75,41.42,31.70,31.05,14.00,1.39,42.99,34.39,38.36,61.59,13.48,60.62,21.01,38.82,0.00,70.00,0.00,0.00,,4.17,,0.00,51.52,30.20,,,43.82,41.41,27.37,24.96,47.27,29.45,84.78,0.00,100.00,13.48,88.00,33.25,42.02,0.00,64.27,5.56,2.55,38.71,58.96,53.63,0.00
GNQ,Equatorial Guinea,Sub-Saharan Africa,2016,Discoverer,29.00,16.51,40.98,37.49,27.87,18.38,1.39,42.99,30.58,41.07,61.59,29.70,61.66,21.12,34.84,0.00,70.00,10.95,0.00,,4.17,,0.00,51.52,30.20,,,40.00,37.60,23.56,21.15,49.98,32.16,84.78,0.00,100.00,29.70,88.00,35.33,42.23,0.00,63.91,7.97,5.33,17.43,58.96,49.15,0.00
GNQ,Equatorial Guinea,Sub-Saharan Africa,2017,Discoverer,34.62,19.51,41.36,46.63,38.16,24.00,3.28,42.99,31.43,41.18,61.59,30.97,62.70,46.21,47.69,0.00,70.00,25.00,0.00,,4.17,5.67,0.00,51.52,30.20,,,40.86,38.46,24.40,22.00,50.09,32.26,84.78,0.00,100.00,30.97,88.00,37.41,71.02,21.41,82.33,6.42,4.20,59.06,58.96,61.43,0.00
GNQ,Equatorial Guinea,Sub-Saharan Africa,2018,Discoverer,34.31,21.08,41.31,40.39,39.40,27.34,3.86,42.99,32.42,40.06,61.59,32.10,63.74,25.32,48.48,3.10,70.00,33.35,0.00,,5.32,6.27,0.00,51.52,30.20,,,41.85,39.45,25.40,22.99,48.97,31.14,84.78,0.00,100.00,32.10,88.00,39.49,50.63,0.00,81.98,4.86,4.06,62.29,58.96,65.36,3.10
GNQ,Equatorial Guinea,Sub-Saharan Africa,2019,Emerging,37.19,29.10,32.66,50.25,40.07,30.22,21.04,42.99,13.92,36.94,61.59,33.03,64.79,52.93,49.52,2.28,70.00,40.54,0.00,,9.38,10.07,43.68,51.52,30.20,,,32.93,6.26,16.47,0.00,45.85,28.02,84.78,0.00,100.00,33.03,88.00,41.57,66.33,39.53,81.68,5.67,6.14,63.94,58.96,68.09,2.28
GNQ,Equatorial Guinea,Sub-Saharan Africa,2020,Emerging,36.28,32.40,22.86,57.95,40.34,34.51,25.01,42.99,11.32,34.16,23.33,33.93,65.83,74.09,50.06,1.46,70.00,49.27,2.00,,10.02,8.29,56.72,51.52,30.20,,,29.47,2.81,13.02,0.00,43.07,25.25,50.00,0.00,20.00,33.93,88.00,43.65,90.01,58.17,81.43,6.47,7.81,66.21,58.96,65.31,1.46
GNQ,Equatorial Guinea,Sub-Saharan Africa,2021,Emerging,35.95,31.71,22.83,57.00,40.50,32.13,29.74,34.82,6.36,39.04,23.33,34.84,66.87,69.28,50.26,1.46,70.00,59.89,2.93,0.00,6.82,8.47,73.91,51.52,30.20,0.00,0.00,20.94,0.00,4.49,0.00,47.95,30.13,50.00,0.00,20.00,34.84,88.00,45.73,73.32,65.23,81.19,12.46,7.32,65.20,58.96,64.86,1.46
GNQ,Equatorial Guinea,Sub-Saharan Africa,2022,Emerging,38.74,35.16,26.19,61.03,40.07,35.41,35.07,34.82,7.17,46.63,23.33,35.87,66.87,80.36,49.73,1.46,70.00,66.74,4.29,0.00,8.18,11.72,85.30,51.52,30.20,0.00,0.00,22.56,0.00,6.11,0.00,55.54,37.72,50.00,0.00,20.00,35.87,88.00,45.73,84.47,76.25,80.95,18.45,5.91,63.63,59.62,58.62,1.46
GNQ,Equatorial Guinea,Sub-Saharan Africa,2023,Emerging,38.22,36.30,24.53,55.81,42.93,39.91,33.43,34.82,5.86,43.80,23.33,36.60,66.87,63.97,53.30,1.46,85.00,72.24,6.28,0.00,9.12,15.31,75.87,51.52,30.20,0.00,0.00,19.94,0.00,3.49,0.00,52.71,34.88,50.00,0.00,20.00,36.60,88.00,45.73,78.95,48.99,93.52,18.45,10.38,58.41,62.49,64.97,1.46
GNQ,Equatorial Guinea,Sub-Saharan Africa,2024,Emerging,42.14,38.52,36.57,57.61,38.86,41.77,37.11,34.82,47.89,43.53,0.00,38.09,66.87,67.87,42.21,25.44,85.00,74.23,8.95,0.00,12.37,18.45,80.49,51.52,30.20,0.00,0.00,64.01,48.88,41.57,37.12,52.44,34.61,,0.00,,38.09,88.00,45.73,77.01,58.72,52.25,19.32,8.29,51.16,59.54,60.32,25.44
GRC,Greece,Europe & Central Asia,2014,Transitioner,64.65,58.00,64.20,81.11,57.84,86.38,25.54,66.14,66.22,79.62,29.33,77.18,90.41,75.72,67.15,20.60,99.90,96.00,70.00,,13.51,13.53,49.60,61.90,72.50,,,74.01,74.01,58.44,58.44,88.05,71.18,20.37,56.50,11.11,77.18,97.90,82.93,74.64,76.81,70.63,60.63,31.38,85.93,82.99,69.00,20.60
GRC,Greece,Europe & Central Asia,2015,Advanced,67.23,63.22,64.82,81.96,60.84,90.38,34.61,66.14,71.66,75.72,29.33,78.54,91.60,75.72,68.66,29.57,99.90,96.00,80.00,,19.85,20.95,63.02,61.90,72.50,,,79.56,79.56,63.77,63.77,84.27,67.17,20.37,56.50,11.11,78.54,97.90,85.31,74.64,76.81,71.14,59.30,35.26,88.30,82.99,71.90,29.57
GRC,Greece,Europe & Central Asia,2016,Advanced,69.35,69.02,64.73,80.83,64.04,95.58,43.89,66.14,72.14,75.92,27.55,79.17,92.65,70.68,70.42,38.53,99.90,96.00,93.00,,25.94,31.28,74.46,61.90,72.50,,,79.56,79.56,64.73,64.73,83.95,67.89,17.65,53.23,11.76,79.17,97.90,87.39,64.54,76.81,71.33,57.97,41.04,90.27,82.99,74.96,38.53
GRC,Greece,Europe & Central Asia,2017,Advanced,72.06,73.62,66.14,81.94,67.58,98.78,52.19,66.14,75.66,75.92,27.55,82.55,93.69,69.59,72.60,47.50,99.90,99.00,98.00,,32.51,40.88,83.18,61.90,72.50,,,82.87,82.87,68.45,68.45,83.73,68.11,17.65,53.23,11.76,82.55,97.90,89.48,71.33,67.86,71.75,69.96,45.02,91.46,82.99,73.65,47.50
GRC,Greece,Europe & Central Asia,2018,Advanced,76.19,76.19,70.13,90.14,69.96,99.18,58.23,66.14,83.52,79.10,25.41,85.38,95.03,90.01,74.28,52.70,99.90,99.00,99.00,,40.38,49.01,85.31,61.90,72.50,,,93.08,87.68,79.36,73.96,86.53,71.67,17.65,46.83,11.76,85.38,97.90,92.16,89.25,90.77,72.24,81.94,49.04,89.33,82.99,73.63,52.70
GRC,Greece,Europe & Central Asia,2019,Advanced,75.36,79.24,60.45,89.77,75.00,99.18,65.85,66.14,59.14,79.27,25.41,87.62,96.17,85.51,75.41,73.34,99.90,99.00,99.00,,48.77,62.22,86.57,61.90,72.50,,,73.68,58.32,59.97,44.60,86.70,71.84,17.65,46.83,11.76,87.62,97.90,94.45,85.51,85.51,72.36,76.27,56.69,89.46,82.99,74.85,73.34
GRC,Greece,Europe & Central Asia,2020,Advanced,77.31,84.79,58.69,88.91,80.72,99.18,70.66,84.29,57.04,76.99,25.41,88.16,97.79,80.77,77.41,93.98,99.90,99.00,99.00,,52.98,70.15,88.86,90.48,75.00,,,67.89,60.29,53.78,46.18,84.63,69.34,17.65,46.83,11.76,88.16,97.90,97.68,89.16,72.39,72.96,70.59,68.08,89.67,82.30,77.48,93.98
GRC,Greece,Europe & Central Asia,2021,Advanced,78.22,82.71,61.27,91.03,81.16,95.19,69.20,84.78,63.28,77.20,25.41,88.68,97.83,86.59,77.96,93.98,99.90,99.00,99.00,60.00,50.35,66.89,90.36,90.48,75.00,97.50,48.27,73.04,67.24,59.32,53.52,84.63,69.77,17.65,46.83,11.76,88.68,97.90,97.75,92.81,80.37,73.41,74.06,68.78,89.90,81.80,77.74,93.98
GRC,Greece,Europe & Central Asia,2022,Advanced,79.94,87.40,62.38,92.18,81.26,97.19,78.92,84.78,68.01,75.23,25.41,89.13,98.95,88.47,78.08,93.98,99.90,99.00,99.00,80.00,68.38,77.30,91.08,90.48,75.00,97.50,48.27,76.39,73.26,62.76,59.64,82.60,67.85,17.65,46.83,11.76,89.13,97.90,100.00,96.45,80.49,73.79,77.53,70.61,88.66,78.13,80.92,93.98
GRC,Greece,Europe & Central Asia,2023,Leader,81.43,90.54,65.59,91.23,81.16,98.19,85.76,84.78,76.92,74.36,25.41,89.58,98.95,85.15,77.95,93.98,99.90,99.00,99.00,90.00,82.88,83.52,90.88,90.48,75.00,97.50,48.27,90.39,77.06,76.77,63.44,81.74,66.98,17.65,46.83,11.76,89.58,97.90,100.00,96.45,73.85,74.37,77.53,70.05,88.26,77.73,81.19,93.98
GRC,Greece,Europe & Central Asia,2024,Leader,81.42,93.99,62.71,90.54,82.36,99.09,93.51,84.78,68.56,75.51,25.41,89.75,98.95,82.93,78.66,97.19,99.90,99.00,99.00,99.00,100.00,89.71,90.81,90.48,75.00,97.50,48.27,77.32,74.58,63.70,58.62,82.89,68.13,17.65,46.83,11.76,89.75,97.90,100.00,96.45,69.40,74.57,81.45,70.17,85.35,81.92,81.07,97.19
GTM,Guatemala,Latin America & Caribbean,2014,Emerging,43.04,29.95,54.68,47.69,43.95,55.56,2.85,32.90,37.29,50.60,97.62,34.72,58.88,49.45,49.79,20.60,100.00,78.91,10.00,,4.13,4.43,0.00,34.29,30.83,,,48.02,48.02,26.56,26.56,62.23,38.97,96.43,96.43,100.00,34.72,81.00,36.76,77.17,21.74,46.90,14.96,21.44,52.94,78.30,83.75,20.60
GTM,Guatemala,Latin America & Caribbean,2015,Emerging,46.37,36.04,56.01,47.86,47.86,62.46,11.18,32.90,37.64,53.58,97.62,35.31,58.82,49.45,55.44,17.53,100.00,85.41,20.74,,8.53,11.82,13.19,34.29,30.83,,,48.37,48.37,26.91,26.91,65.21,41.95,96.43,96.43,100.00,35.31,80.20,37.44,77.17,21.74,50.49,40.81,26.63,59.22,78.30,84.30,17.53
GTM,Guatemala,Latin America & Caribbean,2016,Transitioner,50.06,49.64,53.77,45.77,51.42,73.12,34.54,32.90,32.77,52.85,97.62,42.34,59.11,35.87,60.65,14.47,100.00,92.45,40.35,,15.61,24.93,63.07,34.29,30.83,,,43.51,43.51,22.04,22.04,64.48,41.22,96.43,96.43,100.00,42.34,80.46,37.75,50.00,21.74,50.79,66.67,34.68,62.29,78.30,87.75,14.47
GTM,Guatemala,Latin America & Caribbean,2017,Transitioner,55.70,56.74,54.19,60.42,51.82,83.77,41.63,32.90,33.37,53.30,97.62,44.71,59.09,77.47,61.92,11.40,100.00,95.00,64.43,,18.22,31.22,75.44,34.29,30.83,,,44.11,44.11,22.64,22.64,64.92,41.67,96.43,96.43,100.00,44.71,80.73,37.44,81.04,73.89,51.03,65.62,40.68,63.79,78.30,86.00,11.40
GTM,Guatemala,Latin America & Caribbean,2018,Transitioner,55.19,58.05,52.50,55.10,55.26,89.33,39.35,32.90,28.57,53.87,97.62,47.55,59.06,58.69,62.80,25.10,100.00,95.00,78.32,,16.09,29.42,72.54,34.29,30.83,,,39.30,39.30,17.84,17.84,65.50,42.25,96.43,96.43,100.00,47.55,81.00,37.13,57.39,59.98,51.42,64.58,43.59,63.80,78.30,89.25,25.10
GTM,Guatemala,Latin America & Caribbean,2019,Transitioner,56.08,60.80,51.00,58.81,54.21,92.54,43.01,32.90,25.75,52.95,97.62,50.09,59.16,67.19,62.99,19.12,100.00,95.00,86.35,,16.57,35.13,77.34,34.29,30.83,,,40.48,32.49,19.02,11.02,64.58,41.32,96.43,96.43,100.00,50.09,81.51,36.82,64.62,69.75,51.46,57.88,45.41,65.59,78.30,90.50,19.12
GTM,Guatemala,Latin America & Caribbean,2020,Transitioner,57.56,62.80,51.63,62.96,53.77,93.20,47.34,32.90,27.44,52.84,97.62,54.23,59.26,75.40,63.93,13.13,100.00,95.00,88.00,,21.08,42.51,78.43,34.29,30.83,,,40.38,35.96,18.91,14.49,64.47,41.21,96.43,96.43,100.00,54.23,82.02,36.51,74.68,76.12,51.93,51.18,52.81,67.37,77.81,88.25,13.13
GTM,Guatemala,Latin America & Caribbean,2021,Transitioner,55.79,56.45,51.62,61.40,54.16,83.20,44.74,26.39,31.45,48.79,97.62,57.87,59.42,66.92,64.41,13.13,100.00,95.00,88.00,0.00,14.84,34.65,84.72,34.29,30.83,0.00,0.00,42.19,42.19,20.72,20.72,60.42,37.16,96.43,96.43,100.00,57.87,82.52,36.33,61.46,72.38,51.91,52.64,53.44,67.21,78.18,90.00,13.13
GTM,Guatemala,Latin America & Caribbean,2022,Transitioner,58.05,59.65,55.90,63.56,53.56,85.90,50.02,26.39,33.71,57.24,97.62,60.04,59.68,70.96,63.67,13.13,100.00,95.00,89.00,23.00,16.79,47.04,86.25,34.29,30.83,0.00,0.00,43.87,43.87,23.54,23.54,68.25,46.23,96.43,96.43,100.00,60.04,83.03,36.33,70.85,71.06,51.84,54.09,47.89,66.46,78.88,92.50,13.13
GTM,Guatemala,Latin America & Caribbean,2023,Transitioner,60.37,69.88,51.32,68.61,53.99,88.00,63.22,46.98,35.32,44.16,97.62,61.47,59.68,84.69,64.20,13.13,100.00,95.00,90.00,40.00,35.89,66.40,87.37,62.86,51.83,0.00,0.00,45.48,45.48,25.16,25.16,55.17,33.15,96.43,96.43,100.00,61.47,83.03,36.33,79.18,90.20,51.65,54.09,49.99,63.94,83.64,89.50,13.13
GTM,Guatemala,Latin America & Caribbean,2024,Transitioner,62.61,75.03,50.45,67.56,60.07,89.36,74.72,46.98,31.88,45.44,97.62,63.17,59.68,79.83,65.09,39.98,100.00,95.00,90.02,53.50,56.74,80.14,87.29,62.86,51.83,0.00,0.00,44.50,37.12,24.17,21.71,56.45,34.43,96.43,96.43,100.00,63.17,83.03,36.33,77.70,81.97,51.25,65.38,55.68,57.48,83.84,89.05,39.98
GUY,Guyana,Latin America & Caribbean,2014,Emerging,41.28,20.05,62.80,69.20,33.34,19.42,24.04,13.31,61.81,59.49,71.39,41.57,66.04,100.00,38.72,11.80,97.10,0.00,0.00,,9.76,,62.37,8.88,19.94,,,81.05,62.65,60.98,42.58,70.36,48.62,81.03,33.14,100.00,41.57,85.60,46.49,100.00,100.00,43.60,24.41,20.45,52.94,14.42,100.00,11.80
GUY,Guyana,Latin America & Caribbean,2015,Emerging,42.50,20.05,64.06,69.28,36.69,19.42,24.04,13.31,62.45,62.00,71.39,43.92,66.40,97.52,41.65,16.83,97.10,0.00,0.00,,9.76,,62.37,8.88,19.94,,,81.67,63.27,61.63,43.23,72.86,51.15,81.03,33.14,100.00,43.92,85.61,47.19,95.04,100.00,48.80,26.34,27.74,54.11,14.42,100.00,16.83
GUY,Guyana,Latin America & Caribbean,2016,Emerging,46.70,24.88,63.72,74.65,40.20,27.42,28.12,13.31,62.52,61.08,71.39,57.16,66.79,100.00,44.78,21.87,97.10,20.00,0.00,,9.76,12.23,62.37,8.88,19.94,,,81.81,63.42,61.62,43.23,72.01,50.14,81.03,33.14,100.00,57.16,85.61,47.97,100.00,100.00,49.82,28.26,39.41,56.11,14.42,100.00,21.87
GUY,Guyana,Latin America & Caribbean,2017,Emerging,49.70,30.92,60.75,75.37,43.10,37.52,33.11,13.31,52.59,61.20,76.15,58.91,67.19,100.00,47.15,26.90,97.10,30.25,15.00,,7.63,14.87,76.84,8.88,19.94,,,71.92,53.52,51.65,33.25,72.18,50.22,88.60,39.86,100.00,58.91,85.62,48.75,100.00,100.00,48.42,35.66,46.49,58.61,14.42,100.00,26.90
GUY,Guyana,Latin America & Caribbean,2018,Transitioner,50.82,33.54,63.88,76.39,40.76,42.39,34.82,13.31,60.72,60.91,76.15,61.60,67.58,100.00,47.65,13.20,97.30,39.65,17.68,,8.47,14.40,81.58,8.88,19.94,,,80.26,61.87,59.57,41.18,72.12,49.70,88.60,39.86,100.00,61.60,85.63,49.53,100.00,100.00,48.12,43.06,50.50,53.68,14.42,100.00,13.20
GUY,Guyana,Latin America & Caribbean,2019,Transitioner,50.56,36.77,53.21,77.31,43.22,48.25,37.02,13.31,32.26,62.69,76.15,63.95,67.97,100.00,48.86,20.66,97.30,51.98,20.00,,11.82,19.44,79.79,8.88,19.94,,,56.01,29.19,35.33,8.51,73.89,51.50,88.60,39.86,100.00,63.95,85.63,50.32,100.00,100.00,48.74,44.77,53.38,55.35,14.42,100.00,20.66
GUY,Guyana,Latin America & Caribbean,2020,Transitioner,52.43,41.55,49.34,77.83,47.34,54.63,42.59,13.31,23.80,61.48,76.15,65.13,68.37,100.00,52.15,28.11,97.30,64.95,22.97,,16.42,25.02,86.34,8.88,19.94,,,41.52,31.49,16.11,6.09,75.24,47.72,88.60,39.86,100.00,65.13,85.64,51.10,100.00,100.00,49.11,46.47,61.99,58.96,17.43,100.00,28.11
GUY,Guyana,Latin America & Caribbean,2021,Transitioner,54.63,37.91,61.22,78.80,48.70,49.14,40.41,10.43,32.69,71.29,98.15,67.63,68.76,100.00,53.85,28.11,97.30,70.30,28.23,0.00,12.18,22.08,86.98,8.88,19.94,0.00,0.00,48.87,38.84,26.54,16.51,83.38,59.19,100.00,94.44,100.00,67.63,85.64,51.88,100.00,100.00,50.09,45.78,65.35,63.18,17.73,100.00,28.11
GUY,Guyana,Latin America & Caribbean,2022,Transitioner,58.24,43.09,71.59,79.41,46.97,64.76,37.75,10.43,45.14,84.77,98.15,69.46,68.76,100.00,51.69,28.11,98.00,98.00,39.39,0.00,10.02,18.67,84.57,8.88,19.94,0.00,0.00,60.43,50.41,39.86,29.84,95.91,73.62,100.00,94.44,100.00,69.46,85.64,51.88,100.00,100.00,50.17,45.09,56.18,63.92,15.65,100.00,28.11
GUY,Guyana,Latin America & Caribbean,2023,Transitioner,62.10,52.59,73.47,79.57,48.39,86.40,39.86,10.43,46.98,87.61,98.15,71.20,68.76,98.75,53.46,28.11,98.00,98.50,93.00,0.00,11.24,22.29,86.05,8.88,19.94,0.00,0.00,62.27,52.25,41.71,31.68,98.75,76.48,100.00,94.44,100.00,71.20,85.64,51.88,100.00,97.50,50.32,45.09,59.93,65.04,19.44,100.00,28.11
GUY,Guyana,Latin America & Caribbean,2024,Transitioner,63.92,51.80,78.15,78.89,52.26,86.60,37.70,10.43,54.17,92.14,98.15,72.16,68.76,95.75,53.48,47.38,98.00,99.00,93.00,0.00,9.43,18.91,84.76,8.88,19.94,0.00,0.00,69.46,59.43,48.90,38.88,100.00,84.27,100.00,94.44,100.00,72.16,85.64,51.88,100.00,91.50,50.20,34.55,63.86,63.66,22.43,100.00,47.38
HKG,Hong Kong,East Asia & Pacific,2014,Advanced,76.10,63.77,88.38,86.30,68.98,97.60,37.88,47.88,93.14,77.80,100.00,74.69,86.56,97.65,75.20,44.10,100.00,99.00,95.00,,18.41,34.39,60.83,26.95,79.27,,,100.00,100.00,88.54,84.02,86.57,69.03,100.00,100.00,100.00,74.69,97.00,76.11,100.00,95.29,80.69,60.63,56.94,100.00,58.03,100.00,44.10
HKG,Hong Kong,East Asia & Pacific,2015,Advanced,77.59,67.71,86.82,86.60,71.21,97.60,47.73,47.88,89.77,77.27,100.00,75.30,86.86,97.65,76.47,50.20,100.00,99.00,95.00,,24.27,46.25,72.66,26.95,79.27,,,99.84,95.31,84.23,79.70,85.72,68.81,100.00,100.00,100.00,75.30,97.00,76.73,100.00,95.29,81.97,68.72,57.97,100.00,58.03,100.00,50.20
HKG,Hong Kong,East Asia & Pacific,2016,Advanced,79.85,70.13,88.24,88.30,74.39,97.60,53.78,47.88,91.53,79.07,100.00,80.51,86.73,97.65,78.92,56.30,100.00,99.00,95.00,,27.20,51.68,82.47,26.95,79.27,,,100.00,97.53,86.56,82.03,87.47,70.68,100.00,100.00,100.00,80.51,97.00,76.47,100.00,95.29,82.36,76.81,65.78,100.00,58.03,100.00,56.30
HKG,Hong Kong,East Asia & Pacific,2017,Leader,80.71,73.30,88.57,85.40,76.54,97.60,61.70,47.88,92.38,79.05,100.00,83.98,86.67,85.55,80.07,62.40,100.00,99.00,95.00,,39.96,58.85,86.29,26.95,79.27,,,100.00,98.69,87.68,83.15,87.47,70.63,100.00,100.00,100.00,83.98,97.00,76.35,82.46,88.64,82.00,81.46,69.60,100.00,58.03,100.00,62.40
HKG,Hong Kong,East Asia & Pacific,2018,Leader,84.16,76.71,89.35,89.87,81.44,98.00,64.24,59.05,93.17,80.19,100.00,86.63,87.37,95.61,81.10,82.80,100.00,99.00,96.00,,41.08,64.36,87.29,42.86,83.33,,,100.00,99.74,88.74,84.22,88.60,71.78,100.00,100.00,100.00,86.63,97.00,77.73,91.23,100.00,82.28,86.11,72.11,100.00,58.03,100.00,82.80
HKG,Hong Kong,East Asia & Pacific,2019,Leader,84.96,78.17,86.85,92.12,83.29,98.81,67.10,59.05,87.04,80.10,100.00,88.63,87.73,100.00,82.19,87.67,100.00,99.00,98.03,,46.07,68.05,87.17,42.86,83.33,,,100.00,88.10,87.61,72.44,88.58,71.62,100.00,100.00,100.00,88.63,97.00,78.46,100.00,100.00,82.36,88.35,76.39,100.00,58.03,100.00,87.67
HKG,Hong Kong,East Asia & Pacific,2020,Leader,87.95,83.51,91.82,89.72,86.98,99.20,80.05,59.05,86.92,92.63,100.00,90.70,89.15,89.30,85.60,92.53,100.00,99.00,99.00,,70.27,79.31,90.59,42.86,83.33,,,100.00,88.09,86.96,72.62,100.00,85.25,100.00,100.00,100.00,90.70,97.00,81.30,89.58,89.01,82.77,90.59,84.35,100.00,65.57,100.00,92.53
HKG,Hong Kong,East Asia & Pacific,2021,Leader,87.52,80.17,92.22,91.83,86.39,99.10,69.62,63.43,89.11,91.44,100.00,91.36,90.81,93.34,84.86,92.53,100.00,99.00,99.00,99.00,54.53,62.43,91.89,42.86,83.33,100.00,40.00,100.00,90.22,91.48,74.74,99.82,83.05,100.00,100.00,100.00,91.36,97.00,84.61,93.13,93.55,83.05,89.68,87.56,100.00,58.84,100.00,92.53
HKG,Hong Kong,East Asia & Pacific,2022,Leader,89.03,87.88,90.98,91.28,86.08,99.15,80.50,80.10,89.91,87.53,100.00,91.74,90.67,91.42,84.47,92.53,100.00,99.10,99.00,99.10,71.30,77.32,92.88,76.19,83.33,100.00,40.00,100.00,90.30,94.52,74.82,95.91,79.15,100.00,100.00,100.00,91.74,97.00,84.34,93.27,89.58,82.69,88.76,88.32,100.00,56.96,100.00,92.53
HKG,Hong Kong,East Asia & Pacific,2023,Leader,90.59,91.85,93.53,93.33,83.99,99.25,90.33,80.10,95.19,88.63,100.00,92.12,91.08,96.77,81.85,92.53,100.00,99.30,99.00,99.30,89.94,88.67,92.40,76.19,83.33,100.00,40.00,100.00,100.00,95.56,85.20,97.01,80.25,100.00,100.00,100.00,92.12,97.00,85.17,100.00,93.55,83.26,88.76,84.20,100.00,47.41,100.00,92.53
HKG,Hong Kong,East Asia & Pacific,2024,Leader,91.21,94.08,93.16,93.26,84.67,99.28,95.88,80.10,92.91,89.99,100.00,92.51,91.08,96.19,82.91,91.73,100.00,99.36,99.00,99.36,100.00,97.53,90.10,76.19,83.33,100.00,40.00,100.00,97.81,93.61,80.21,98.37,81.61,100.00,100.00,100.00,92.51,97.00,85.17,96.63,95.74,82.54,92.58,79.49,100.00,56.22,100.00,91.73
HND,Honduras,Latin America & Caribbean,2014,Emerging,37.98,25.62,33.54,59.66,40.58,42.90,1.73,38.86,7.56,34.86,82.85,34.00,58.63,86.36,50.73,0.00,86.14,54.19,10.00,,2.74,2.45,0.00,38.10,40.00,,,9.19,21.06,0.00,0.00,47.93,21.78,84.78,63.77,100.00,34.00,87.00,30.25,100.00,72.73,28.26,40.16,19.11,49.01,96.32,81.75,0.00
HND,Honduras,Latin America & Caribbean,2015,Emerging,42.55,35.96,35.47,59.66,43.08,48.43,22.04,38.86,9.51,37.75,82.84,34.79,57.83,86.36,53.45,1.60,86.14,60.00,18.00,,9.78,15.23,41.11,38.10,40.00,,,12.70,24.57,0.00,0.76,50.65,24.86,84.78,63.75,100.00,34.79,88.00,27.67,100.00,72.73,35.83,35.66,22.39,52.88,96.32,84.01,1.60
HND,Honduras,Latin America & Caribbean,2016,Emerging,44.39,40.24,34.15,62.65,45.09,48.43,32.73,38.86,8.14,35.82,82.85,48.61,59.14,80.19,55.56,3.20,86.14,60.00,18.00,,16.34,31.51,50.35,38.10,40.00,,,10.34,22.21,0.00,0.00,49.37,22.28,84.78,63.77,100.00,48.61,89.00,29.27,87.65,72.73,36.07,31.16,29.34,56.89,96.32,87.19,3.20
HND,Honduras,Latin America & Caribbean,2017,Emerging,49.12,50.56,41.32,58.40,47.70,66.43,40.55,38.86,25.53,36.35,82.86,50.96,58.56,65.69,58.43,4.80,86.14,74.00,49.00,,17.97,31.98,71.69,38.10,40.00,,,31.67,43.54,7.53,19.40,49.42,23.27,84.78,63.78,100.00,50.96,88.00,29.11,64.71,66.67,36.37,41.27,35.02,61.55,96.32,84.50,4.80
HND,Honduras,Latin America & Caribbean,2018,Transitioner,50.58,55.29,37.24,65.09,48.84,74.65,44.15,38.86,14.52,33.71,89.77,52.99,57.78,84.49,59.96,4.40,86.14,81.00,62.56,,21.59,36.72,74.13,38.10,40.00,,,32.45,17.31,8.31,0.00,46.78,20.63,84.78,84.52,100.00,52.99,87.00,28.56,87.50,81.48,36.29,51.39,36.45,61.40,96.32,87.25,4.40
HND,Honduras,Latin America & Caribbean,2019,Transitioner,50.36,57.47,36.26,62.27,49.56,77.63,46.63,38.86,13.20,32.56,89.77,54.69,58.89,73.25,61.12,3.30,86.14,81.00,70.00,,24.67,42.75,72.46,38.10,40.00,,,29.76,17.08,5.96,0.00,45.46,19.67,84.78,84.54,100.00,54.69,89.00,28.78,78.07,68.42,35.93,48.93,40.57,63.07,96.32,90.50,3.30
HND,Honduras,Latin America & Caribbean,2020,Emerging,49.82,58.75,31.27,66.76,50.22,80.84,46.59,38.86,10.34,22.93,89.80,56.40,59.89,83.98,62.23,2.20,88.21,84.00,74.00,,23.28,39.21,77.29,38.10,40.00,,,22.67,18.68,0.00,0.00,35.82,10.03,84.78,84.61,100.00,56.40,89.00,30.77,67.96,100.00,35.83,46.47,46.82,65.60,96.04,87.25,2.20
HND,Honduras,Latin America & Caribbean,2021,Emerging,49.56,52.42,38.10,60.49,49.95,73.62,41.92,31.05,13.81,36.56,89.76,58.67,59.89,62.93,61.88,2.20,88.17,86.00,76.00,0.00,15.73,29.10,80.93,38.10,40.00,0.00,0.00,25.71,25.71,1.90,1.90,49.46,23.67,84.78,84.51,100.00,58.67,89.00,30.77,57.85,68.00,36.21,35.32,49.00,65.54,96.26,89.50,2.20
HND,Honduras,Latin America & Caribbean,2022,Transitioner,53.40,55.73,41.36,73.47,47.99,76.90,46.91,31.05,16.25,42.29,89.75,60.52,59.89,100.00,59.44,2.20,89.03,90.00,80.00,0.00,20.23,39.55,80.95,38.10,40.00,0.00,0.00,27.75,27.75,4.75,4.75,54.74,29.83,84.78,84.46,100.00,60.52,89.00,30.77,100.00,100.00,35.90,24.17,41.76,65.03,96.93,91.00,2.20
HND,Honduras,Latin America & Caribbean,2023,Transitioner,53.26,59.04,41.78,67.68,48.21,79.70,52.36,31.05,19.17,49.88,70.83,62.22,59.89,80.94,59.72,2.20,89.03,92.00,85.00,0.00,28.35,47.69,81.05,38.10,40.00,0.00,0.00,30.67,30.67,7.67,7.67,62.33,37.42,84.78,27.70,100.00,62.22,89.00,30.77,70.83,91.04,35.97,24.17,42.57,62.95,100.00,90.00,2.20
HND,Honduras,Latin America & Caribbean,2024,Transitioner,56.42,61.22,40.97,74.54,54.19,81.70,55.82,31.05,15.90,51.12,70.83,63.72,59.89,100.00,60.71,28.08,91.00,93.92,87.59,0.00,35.64,55.13,76.69,38.10,40.00,0.00,0.00,28.58,24.01,5.59,5.41,63.57,38.66,84.78,27.70,100.00,63.72,89.00,30.77,100.00,100.00,36.14,45.87,42.22,57.99,100.00,88.57,28.08
HRV,Croatia,Europe & Central Asia,2014,Transitioner,63.76,49.08,68.96,79.65,61.31,77.32,18.96,52.86,78.72,60.34,66.67,80.37,83.24,75.34,66.34,41.20,100.00,98.00,45.30,,11.35,12.42,33.12,59.81,42.43,,,93.58,77.28,80.15,63.86,67.61,53.07,50.00,50.00,100.00,80.37,99.00,67.47,69.35,81.33,67.49,46.46,33.73,83.01,84.68,79.15,41.20
HRV,Croatia,Europe & Central Asia,2015,Advanced,65.79,56.77,68.72,74.04,64.86,85.20,30.29,52.86,78.58,59.88,66.67,63.30,83.49,75.34,69.29,47.13,100.00,98.00,65.00,,15.73,18.37,56.76,59.81,42.43,,,93.20,76.91,80.26,63.96,66.89,52.86,50.00,50.00,100.00,63.30,99.00,67.99,69.35,81.33,68.52,60.55,35.38,85.57,84.68,84.08,47.13
HRV,Croatia,Europe & Central Asia,2016,Advanced,70.41,65.96,69.72,78.94,67.69,98.36,40.12,52.86,79.29,61.68,66.67,79.10,83.35,74.36,71.35,53.07,100.00,99.00,96.90,,20.90,27.83,71.62,59.81,42.43,,,93.87,77.57,81.01,64.72,68.65,54.72,50.00,50.00,100.00,79.10,99.00,67.69,67.39,81.33,69.18,74.64,38.02,86.78,84.68,81.51,53.07
HRV,Croatia,Europe & Central Asia,2017,Advanced,71.99,69.45,70.66,78.82,69.44,98.80,48.39,52.86,80.42,62.88,66.67,82.52,83.33,70.60,72.05,59.00,100.00,99.00,98.00,,26.96,36.70,81.51,59.81,42.43,,,94.90,78.61,82.24,65.94,69.75,56.02,50.00,50.00,100.00,82.52,99.00,67.67,74.07,67.12,69.40,71.35,40.70,88.23,84.68,83.15,59.00
HRV,Croatia,Europe & Central Asia,2018,Advanced,74.99,71.10,75.11,79.59,74.38,99.20,52.13,52.86,86.25,68.20,66.67,85.36,83.65,69.75,71.98,84.00,100.00,99.00,99.00,,31.96,43.10,81.33,59.81,42.43,,,100.00,82.65,91.75,70.62,74.72,61.68,50.00,50.00,100.00,85.36,99.00,68.31,64.16,75.34,69.77,68.06,43.42,86.63,84.68,82.71,84.00
HRV,Croatia,Europe & Central Asia,2019,Advanced,75.03,76.00,63.93,84.89,76.82,99.52,59.04,62.86,66.70,59.79,66.67,87.61,83.84,83.23,73.96,88.27,100.00,99.40,99.40,,41.45,52.27,83.40,59.81,67.43,,,74.37,70.80,62.61,59.04,66.16,53.42,50.00,50.00,100.00,87.61,99.00,68.68,89.25,77.22,70.11,71.68,49.77,87.34,84.68,84.13,88.27
HRV,Croatia,Europe & Central Asia,2020,Advanced,77.14,77.90,66.46,84.61,80.84,99.60,63.72,62.86,74.33,58.48,66.67,88.14,83.85,81.85,77.92,92.53,100.00,99.50,99.50,,50.94,54.92,85.30,59.81,67.43,,,90.57,70.21,78.45,58.09,65.04,51.92,50.00,50.00,100.00,88.14,99.00,68.71,86.92,76.78,70.76,75.29,66.87,87.73,84.11,84.98,92.53
HRV,Croatia,Europe & Central Asia,2021,Advanced,79.15,77.31,73.15,84.98,81.67,94.40,59.82,78.09,78.69,70.85,66.67,88.57,83.93,82.44,78.96,92.53,100.00,99.50,99.50,48.00,41.77,49.94,87.75,88.38,67.43,80.00,33.33,94.89,74.16,83.22,62.48,77.18,64.53,50.00,50.00,100.00,88.57,99.00,68.87,84.60,80.28,71.25,78.19,69.97,88.22,83.56,85.41,92.53
HRV,Croatia,Europe & Central Asia,2022,Leader,83.43,88.01,79.38,84.57,82.00,99.30,81.68,78.09,79.78,85.34,66.67,88.92,84.23,80.55,79.37,92.53,100.00,99.50,99.50,97.03,78.44,76.64,89.97,88.38,67.43,80.00,33.33,96.40,75.28,84.28,63.16,91.91,78.78,50.00,50.00,100.00,88.92,99.00,69.47,82.27,78.82,71.42,81.08,70.07,87.26,83.21,88.71,92.53
HRV,Croatia,Europe & Central Asia,2023,Leader,85.94,93.58,82.05,87.04,81.61,99.35,95.55,78.09,83.85,87.95,66.67,89.30,84.23,87.57,78.88,92.53,100.00,99.50,99.50,97.49,100.00,96.44,90.20,88.38,67.43,80.00,33.33,100.00,79.61,88.30,67.49,94.51,81.38,50.00,50.00,100.00,89.30,99.00,69.47,93.13,82.02,71.76,81.08,68.24,86.68,83.15,88.09,92.53
HRV,Croatia,Europe & Central Asia,2024,Leader,87.03,94.30,83.73,89.34,81.33,99.68,97.03,78.09,86.12,89.88,66.67,89.41,84.23,94.38,79.60,88.28,100.00,99.90,99.80,98.00,100.00,100.00,91.08,88.38,67.43,80.00,33.33,98.67,86.43,86.56,72.81,96.44,83.31,50.00,50.00,100.00,89.41,99.00,69.47,100.00,88.76,72.00,87.35,67.41,83.82,87.37,87.41,88.28
HTI,Haiti,Latin America & Caribbean,2014,Discoverer,32.97,19.13,38.01,63.18,25.71,31.56,5.74,21.03,6.22,38.81,100.00,47.01,48.41,94.12,30.66,5.90,63.32,47.25,0.00,,4.68,4.91,7.63,28.38,10.00,,,12.45,12.45,0.00,0.00,49.44,28.18,100.00,100.00,100.00,47.01,61.70,35.11,100.00,88.24,17.39,11.02,7.06,45.88,61.38,32.19,5.90
HTI,Haiti,Latin America & Caribbean,2015,Emerging,35.71,25.55,38.76,57.66,28.47,35.86,17.50,21.03,6.98,39.91,100.00,30.00,48.85,94.12,34.28,5.27,63.32,58.00,0.00,,5.65,5.27,41.58,28.38,10.00,,,13.97,13.97,0.00,0.00,50.52,29.29,100.00,100.00,100.00,30.00,61.70,36.00,100.00,88.24,26.27,13.85,8.55,47.31,61.38,41.88,5.27
HTI,Haiti,Latin America & Caribbean,2016,Emerging,35.61,28.94,32.71,59.04,28.76,37.21,24.63,21.03,2.77,36.66,84.68,40.47,49.29,87.36,34.79,4.63,70.05,58.00,0.00,,7.56,6.86,59.47,28.38,10.00,,,5.54,5.54,0.00,0.00,47.36,25.96,100.00,54.04,100.00,40.47,61.70,36.88,86.49,88.24,26.76,16.67,12.98,45.94,61.38,37.11,4.63
HTI,Haiti,Latin America & Caribbean,2017,Emerging,37.93,30.69,33.11,65.06,31.32,37.90,28.30,21.03,3.53,36.90,84.68,42.29,52.89,100.00,38.15,4.00,70.05,58.00,1.73,,8.35,8.58,67.96,28.38,10.00,,,7.06,7.06,0.00,0.00,47.64,26.16,100.00,54.04,100.00,42.29,68.01,37.76,100.00,100.00,26.80,30.55,16.46,48.19,61.38,45.25,4.00
HTI,Haiti,Latin America & Caribbean,2018,Emerging,41.45,34.16,48.17,55.01,32.62,45.84,29.04,21.03,39.96,38.12,84.68,43.85,53.33,67.86,39.63,4.60,70.05,76.00,3.58,,8.27,9.32,69.53,28.38,10.00,,,50.09,50.09,29.83,29.83,49.09,27.15,100.00,54.04,100.00,43.85,68.01,38.65,82.22,53.49,26.65,44.44,18.04,47.30,61.38,45.12,4.60
HTI,Haiti,Latin America & Caribbean,2019,Emerging,40.77,35.43,44.25,55.55,31.74,46.81,31.24,21.03,32.45,35.83,84.68,45.14,53.37,68.13,38.30,5.50,70.05,76.00,6.00,,9.00,12.07,72.66,28.38,10.00,,,51.37,33.75,31.15,13.53,46.78,24.88,100.00,54.04,100.00,45.14,68.01,38.73,82.22,54.05,26.09,31.63,17.65,49.00,61.38,43.16,5.50
HTI,Haiti,Latin America & Caribbean,2020,Emerging,41.32,38.99,40.76,56.93,32.21,49.38,37.59,21.03,26.35,25.55,100.00,46.45,53.41,70.94,38.66,6.40,70.00,76.00,12.44,,13.47,22.53,76.76,28.38,10.00,,,51.03,26.62,26.07,1.67,39.07,12.04,100.00,100.00,100.00,46.45,68.01,38.80,82.22,59.66,26.77,18.82,20.05,49.27,63.52,48.58,6.40
HTI,Haiti,Latin America & Caribbean,2021,Emerging,41.52,38.30,42.65,57.55,31.62,47.72,39.45,17.19,31.03,25.59,100.00,48.25,53.44,70.94,37.93,6.40,70.00,76.00,25.80,0.00,11.06,25.29,81.98,28.38,10.00,0.00,0.00,55.30,28.64,33.41,6.75,37.45,13.74,100.00,100.00,100.00,48.25,68.01,38.88,82.22,59.66,27.24,13.74,21.04,48.94,61.69,47.75,6.40
HTI,Haiti,Latin America & Caribbean,2022,Emerging,43.07,41.60,46.59,59.74,29.72,56.23,39.17,17.19,35.75,30.71,100.00,49.74,53.44,76.05,35.54,6.40,70.00,76.00,47.08,0.00,10.27,26.86,80.37,28.38,10.00,0.00,0.00,59.14,32.48,39.02,12.36,41.61,19.82,100.00,100.00,100.00,49.74,68.01,38.88,82.22,69.87,26.97,8.65,17.59,49.69,62.41,33.48,6.40
HTI,Haiti,Latin America & Caribbean,2023,Emerging,45.76,46.74,50.37,60.34,30.86,63.40,44.85,17.19,40.29,35.63,100.00,51.09,53.44,76.48,36.98,6.40,70.00,76.00,65.00,0.00,12.91,38.02,83.62,28.38,10.00,0.00,0.00,63.68,37.02,43.56,16.90,46.53,24.73,100.00,100.00,100.00,51.09,68.01,38.88,82.22,70.74,26.71,8.65,21.66,47.67,63.40,42.26,6.40
HTI,Haiti,Latin America & Caribbean,2024,Emerging,47.58,48.74,48.01,62.01,35.31,63.40,49.85,17.19,28.62,41.42,100.00,52.97,53.44,79.62,38.06,24.28,70.00,76.00,65.00,0.00,16.41,49.33,83.82,28.38,10.00,0.00,0.00,42.44,37.95,22.32,11.76,52.31,30.52,100.00,100.00,100.00,52.97,68.01,38.88,82.22,77.02,26.82,13.79,22.20,42.86,64.01,55.10,24.28
HUN,Hungary,Europe & Central Asia,2014,Advanced,70.95,61.82,71.06,85.52,67.46,89.12,32.92,65.03,97.03,56.49,48.28,77.26,85.17,94.13,67.42,67.60,99.00,95.00,78.30,,15.51,19.87,63.39,61.71,70.00,,,100.00,100.00,100.00,88.14,63.30,49.67,31.68,43.70,69.47,77.26,99.10,71.24,96.25,92.00,74.41,55.91,34.50,86.33,86.40,55.04,67.60
HUN,Hungary,Europe & Central Asia,2015,Advanced,73.25,69.16,71.41,85.66,68.05,97.64,42.74,65.03,91.50,56.50,61.05,78.52,84.33,94.13,69.34,62.87,99.00,97.30,97.30,,24.30,31.68,72.25,61.71,70.00,,,100.00,92.63,93.03,80.33,63.16,49.84,42.50,43.70,96.95,78.52,99.10,69.56,96.25,92.00,74.78,59.47,38.66,88.36,86.40,57.58,62.87
HUN,Hungary,Europe & Central Asia,2016,Advanced,75.39,75.08,73.69,84.84,68.80,98.20,56.99,65.03,94.88,58.11,62.47,80.56,83.41,90.57,71.46,58.13,99.00,98.00,98.00,,37.18,52.85,80.94,61.71,70.00,,,100.00,97.08,97.57,84.87,64.72,51.50,43.70,43.70,100.00,80.56,99.10,67.71,89.13,92.00,75.15,63.04,43.87,89.32,86.40,62.12,58.13
HUN,Hungary,Europe & Central Asia,2017,Advanced,76.29,78.82,73.84,84.14,69.16,99.00,65.53,65.03,88.69,59.67,72.48,83.83,82.83,85.78,73.10,53.40,99.00,99.00,99.00,,47.90,63.41,85.28,61.71,70.00,,,100.00,88.88,89.28,76.58,66.33,53.00,73.73,43.70,100.00,83.83,99.10,66.55,85.35,86.21,75.46,68.33,49.07,90.63,86.40,59.55,53.40
HUN,Hungary,Europe & Central Asia,2018,Leader,81.69,80.42,84.18,87.21,75.43,99.20,69.35,65.03,89.59,80.24,81.23,86.59,83.16,91.87,73.99,81.20,99.20,99.20,99.20,,51.95,69.57,86.52,61.71,70.00,,,100.00,87.93,94.26,76.17,86.61,73.87,100.00,43.70,100.00,86.59,99.10,67.22,92.83,90.91,75.71,73.61,54.23,88.50,86.40,56.60,81.20
HUN,Hungary,Europe & Central Asia,2019,Leader,81.23,80.52,77.55,89.99,77.48,99.20,69.58,65.03,73.39,79.86,81.23,88.86,82.89,98.21,75.29,86.24,99.20,99.20,99.20,,50.66,71.93,86.16,61.71,70.00,,,89.11,69.70,77.08,57.67,86.38,73.35,100.00,43.70,100.00,88.86,99.10,66.69,96.42,100.00,75.99,74.16,57.91,88.61,86.40,60.95,86.24
HUN,Hungary,Europe & Central Asia,2020,Leader,83.06,84.68,77.79,90.01,80.29,99.20,71.84,81.31,73.96,79.89,81.23,89.40,82.41,98.21,77.55,91.28,99.20,99.20,99.20,,53.58,72.70,89.23,85.52,75.00,,,89.48,70.38,77.54,58.44,86.36,73.42,100.00,43.70,100.00,89.40,99.10,65.73,96.42,100.00,76.58,74.71,69.00,89.02,85.77,60.00,91.28
HUN,Hungary,Europe & Central Asia,2021,Leader,82.46,79.19,80.55,89.74,80.78,91.12,66.86,79.98,78.71,82.06,81.23,88.50,82.51,98.21,78.16,91.28,100.00,100.00,100.00,11.16,45.16,64.42,91.00,85.71,75.00,97.50,0.00,93.95,74.79,82.62,63.46,88.20,75.93,100.00,43.70,100.00,88.50,99.10,65.92,96.42,100.00,76.96,74.68,70.35,89.33,85.01,63.60,91.28
HUN,Hungary,Europe & Central Asia,2022,Leader,85.03,89.80,80.09,90.00,80.74,92.60,91.92,79.98,79.61,80.00,81.23,89.22,82.56,98.21,78.11,91.28,100.00,100.00,100.00,26.00,88.46,94.94,92.35,85.71,75.00,97.50,0.00,95.24,76.01,83.21,63.98,86.51,73.48,100.00,43.70,100.00,89.22,99.10,66.02,96.42,100.00,76.93,74.65,70.75,87.68,84.66,66.40,91.28
HUN,Hungary,Europe & Central Asia,2023,Leader,86.43,93.04,82.33,90.62,80.40,96.50,96.10,79.98,81.81,83.40,81.23,91.08,82.56,98.21,77.68,91.28,100.00,100.00,100.00,65.00,96.87,100.00,91.42,85.71,75.00,97.50,0.00,98.38,77.26,86.35,65.23,89.92,76.89,100.00,43.70,100.00,91.08,99.10,66.02,96.42,100.00,76.93,74.65,68.85,87.16,85.16,66.00,91.28
HUN,Hungary,Europe & Central Asia,2024,Leader,85.57,93.89,78.80,90.56,80.03,97.40,97.32,79.98,72.09,84.29,81.23,90.92,82.56,98.21,77.88,88.65,100.00,100.00,100.00,74.00,100.00,100.00,91.97,85.71,75.00,97.50,0.00,81.05,77.50,69.02,60.77,90.80,77.77,100.00,43.70,100.00,90.92,99.10,66.02,96.42,100.00,77.26,71.44,68.74,84.54,89.32,67.62,88.65
IDN,Indonesia,East Asia & Pacific,2014,Emerging,43.99,29.68,48.11,58.91,44.53,57.31,3.45,26.86,52.12,18.16,100.00,41.81,74.50,60.42,43.89,47.10,87.90,89.30,10.03,,4.15,4.36,1.84,24.76,30.00,,,60.93,58.67,45.58,43.31,26.48,9.84,100.00,100.00,100.00,41.81,95.00,54.00,56.14,64.71,41.12,36.22,24.06,57.23,51.23,55.42,47.10
IDN,Indonesia,East Asia & Pacific,2015,Emerging,48.29,41.21,47.96,59.03,46.59,62.38,18.50,44.29,53.78,16.12,100.00,42.40,74.27,60.42,46.86,45.53,87.90,90.00,22.00,,7.78,11.13,36.59,43.81,45.00,,,62.38,60.11,47.44,45.18,24.21,8.04,100.00,100.00,100.00,42.40,95.00,53.54,56.14,64.71,42.20,36.23,25.34,63.39,51.23,68.02,45.53
IDN,Indonesia,East Asia & Pacific,2016,Transitioner,52.26,51.33,47.83,59.87,50.73,75.18,31.01,44.29,49.02,20.57,100.00,46.70,75.56,57.35,52.42,43.97,87.90,91.00,53.00,,11.49,21.32,60.23,43.81,45.00,,,57.57,55.30,42.74,40.47,28.60,12.53,100.00,100.00,100.00,46.70,95.00,56.13,50.00,64.71,50.10,36.23,34.96,68.72,51.23,77.94,43.97
IDN,Indonesia,East Asia & Pacific,2017,Transitioner,57.28,60.35,51.77,65.96,52.22,88.38,39.36,46.29,56.60,22.82,100.00,49.71,75.70,72.48,54.67,42.40,87.90,92.00,85.00,,13.34,33.20,71.53,43.81,50.00,,,65.10,62.83,50.37,48.11,30.80,14.84,100.00,100.00,100.00,49.71,95.50,55.90,63.64,81.31,43.29,46.59,45.15,72.64,51.23,75.50,42.40
IDN,Indonesia,East Asia & Pacific,2018,Transitioner,64.34,64.38,68.92,64.32,60.04,94.40,43.41,46.29,61.81,60.49,100.00,52.49,76.37,64.10,55.65,77.60,98.00,95.00,92.00,,14.33,41.40,74.49,43.81,50.00,,,69.12,69.12,54.50,54.50,68.41,52.57,100.00,100.00,100.00,52.49,96.00,56.75,63.49,64.71,43.83,56.94,48.45,69.49,51.23,73.50,77.60
IDN,Indonesia,East Asia & Pacific,2019,Advanced,66.12,66.52,66.33,66.98,64.68,95.60,46.57,48.29,62.89,52.93,100.00,55.32,76.57,69.05,59.29,86.24,98.00,95.00,95.00,,16.30,48.03,75.38,43.81,55.00,,,76.66,63.33,62.45,49.12,60.63,45.23,100.00,100.00,100.00,55.32,96.00,57.15,65.55,72.55,44.48,62.59,58.57,71.25,51.23,79.20,86.24
IDN,Indonesia,East Asia & Pacific,2020,Advanced,66.46,69.22,62.57,66.17,68.09,96.40,52.50,48.29,64.69,41.74,100.00,58.91,76.90,62.71,61.39,94.88,98.00,96.00,96.00,,21.92,53.24,82.34,43.81,55.00,,,75.94,67.64,61.73,53.43,49.44,34.04,100.00,100.00,100.00,58.91,96.00,57.80,68.83,56.58,45.81,68.24,61.75,73.64,52.26,78.75,94.88
IDN,Indonesia,East Asia & Pacific,2021,Advanced,68.28,63.10,67.62,72.30,70.44,86.96,50.83,39.90,75.46,43.59,100.00,61.82,77.23,77.86,64.33,94.88,98.00,96.00,96.00,3.61,17.20,50.62,84.68,43.81,60.00,0.00,0.00,87.42,77.60,73.31,63.49,51.24,35.95,100.00,100.00,100.00,61.82,96.00,58.45,72.11,83.60,46.48,72.34,69.21,74.38,53.17,84.50,94.88
IDN,Indonesia,East Asia & Pacific,2022,Advanced,70.46,65.84,76.66,69.77,69.97,89.20,55.45,39.90,77.03,64.63,100.00,64.04,77.23,68.06,63.74,94.88,98.00,98.00,98.00,10.00,21.30,58.95,86.10,43.81,60.00,0.00,0.00,94.23,73.64,80.41,59.83,72.11,57.14,100.00,100.00,100.00,64.04,96.00,58.45,66.10,70.01,47.34,76.44,60.15,75.21,53.55,88.50,94.88
IDN,Indonesia,East Asia & Pacific,2023,Advanced,72.90,69.80,83.18,71.46,68.06,89.77,64.77,39.90,78.09,79.87,100.00,66.46,77.23,70.71,61.35,94.88,98.00,98.00,98.00,15.70,31.96,75.44,86.93,43.81,60.00,0.00,0.00,95.29,74.70,81.47,60.89,87.35,72.38,100.00,100.00,100.00,66.46,96.00,58.45,57.56,83.86,48.13,76.44,49.48,73.41,54.04,87.00,94.88
IDN,Indonesia,East Asia & Pacific,2024,Advanced,74.75,72.28,77.45,79.14,70.45,90.96,69.80,39.90,63.60,80.03,100.00,67.92,77.23,92.28,63.07,100.00,99.35,98.00,98.00,26.26,39.50,81.26,88.64,43.81,60.00,0.00,0.00,78.91,60.29,65.09,50.11,87.51,72.54,100.00,100.00,100.00,67.92,96.00,58.45,84.56,100.00,48.84,80.35,50.61,67.85,63.10,89.52,100.00
IND,India,South Asia,2014,Emerging,44.02,28.50,46.46,55.41,51.19,54.69,7.45,18.25,70.32,25.61,40.44,49.32,57.42,59.50,46.34,70.60,93.46,61.14,28.85,,4.83,6.09,11.43,15.14,22.90,,,89.31,60.68,79.96,51.33,30.67,20.54,52.25,51.93,17.14,49.32,74.40,40.43,68.99,50.00,40.47,54.33,7.60,61.52,67.13,55.63,70.60
IND,India,South Asia,2015,Transitioner,50.94,38.34,58.25,56.40,53.47,68.08,13.59,28.37,71.65,27.77,92.40,51.11,58.61,59.50,49.38,69.83,94.00,73.89,49.30,,5.52,7.14,28.12,28.19,28.63,,,90.65,62.01,81.30,52.66,32.83,22.71,88.60,88.60,100.00,51.11,74.40,42.81,68.99,50.00,41.30,64.48,8.72,65.89,67.13,63.29,69.83
IND,India,South Asia,2016,Transitioner,55.15,48.50,59.24,58.50,55.03,79.87,24.78,33.21,71.31,31.22,91.12,54.20,58.97,62.34,51.52,69.07,95.00,79.67,72.50,,9.72,15.38,49.23,28.86,39.73,,,90.30,61.67,80.95,52.32,36.29,26.16,86.68,86.68,100.00,54.20,74.40,43.55,74.68,50.00,42.18,74.64,12.40,69.57,67.13,58.04,69.07
IND,India,South Asia,2017,Transitioner,51.45,53.49,53.44,42.94,57.09,84.40,32.73,33.21,66.96,31.16,70.95,56.82,60.39,11.61,54.29,68.30,96.00,88.00,75.00,,11.83,19.28,67.07,28.86,39.73,,,85.95,57.31,76.60,47.96,36.22,26.09,84.78,28.07,100.00,56.82,74.40,46.38,23.21,0.00,41.75,84.89,16.89,72.03,67.13,62.44,68.30
IND,India,South Asia,2018,Transitioner,56.61,58.60,70.85,41.72,59.31,95.40,34.50,33.21,78.24,69.41,58.95,59.22,59.86,6.08,56.16,71.90,97.00,95.00,95.00,,14.09,22.81,66.60,28.86,39.73,,,89.58,76.25,80.23,66.90,74.47,64.34,73.73,3.11,100.00,59.22,74.40,45.32,12.16,0.00,41.83,95.14,21.07,70.11,67.13,66.18,71.90
IND,India,South Asia,2019,Transitioner,57.80,61.37,63.33,45.34,63.32,98.06,38.76,33.21,65.45,63.41,58.95,61.31,57.76,16.95,57.97,84.70,98.00,98.15,98.00,,17.21,27.86,71.22,28.86,39.73,,,80.82,59.43,71.47,50.08,68.47,58.34,73.73,3.11,100.00,61.31,74.80,40.72,33.91,0.00,42.05,90.22,28.65,70.94,67.13,71.98,84.70
IND,India,South Asia,2020,Transitioner,62.50,62.41,66.74,54.52,67.22,98.65,40.77,33.21,66.89,70.49,58.95,63.77,57.78,42.00,59.65,97.50,99.06,98.56,98.53,,18.22,27.47,76.63,28.86,39.73,,,80.87,62.26,71.52,52.91,75.56,65.43,73.73,3.11,100.00,63.77,75.20,40.36,50.00,34.00,42.77,85.29,31.80,72.92,71.06,74.08,97.50
IND,India,South Asia,2021,Transitioner,61.77,56.97,70.61,53.90,67.14,88.83,38.75,29.69,72.62,74.44,58.95,67.01,59.26,35.43,59.55,97.50,99.06,98.78,98.53,0.00,14.02,23.21,79.02,32.86,44.20,0.00,0.00,83.96,70.63,74.61,61.28,79.51,69.38,73.73,3.11,100.00,67.01,75.60,42.93,51.89,18.97,43.07,82.32,32.93,73.80,70.04,73.47,97.50
IND,India,South Asia,2022,Transitioner,63.83,62.39,69.80,56.76,67.17,89.52,42.84,47.24,71.74,73.30,58.95,69.31,60.45,40.52,59.59,97.50,99.21,98.82,98.67,6.00,21.80,27.03,79.68,42.38,44.20,62.38,68.71,82.39,70.43,73.04,61.09,78.36,68.23,73.73,3.11,100.00,69.31,76.00,44.89,61.95,19.09,45.78,79.34,32.69,74.20,70.17,70.84,97.50
IND,India,South Asia,2023,Advanced,68.26,73.49,70.54,62.46,67.06,94.02,61.72,55.95,74.64,72.24,58.95,71.49,65.43,50.47,59.45,97.50,99.21,99.00,99.00,49.00,63.72,40.55,80.89,51.90,44.20,79.89,95.15,87.21,71.41,77.86,62.06,77.30,67.17,73.73,3.11,100.00,71.49,82.00,48.85,61.16,39.78,46.03,79.34,32.07,73.49,70.78,70.44,97.50
IND,India,South Asia,2024,Advanced,67.78,81.25,63.91,60.51,67.16,97.39,77.14,57.19,56.77,73.54,58.95,72.41,68.11,41.02,59.33,98.49,99.28,99.06,99.06,82.15,94.96,54.38,82.07,52.45,47.42,79.89,95.15,67.30,54.45,57.95,47.39,78.60,68.48,73.73,3.11,100.00,72.41,82.00,54.22,47.47,34.58,45.34,81.84,33.81,69.30,72.25,70.03,98.49
IRL,Ireland,Europe & Central Asia,2014,Advanced,75.10,56.44,94.20,86.04,69.54,92.40,20.63,56.14,100.00,100.00,71.00,68.56,92.84,96.70,81.78,20.60,99.00,99.00,82.50,,10.22,13.32,38.37,61.90,47.50,,,100.00,100.00,100.00,100.00,100.00,100.00,56.50,56.50,100.00,68.56,99.00,86.69,100.00,93.41,79.79,67.72,47.37,98.67,99.22,100.00,20.60
IRL,Ireland,Europe & Central Asia,2015,Advanced,78.14,62.52,94.20,86.20,73.43,97.40,30.84,56.14,100.00,100.00,71.00,68.66,93.23,96.70,82.73,36.23,99.00,99.00,95.00,,13.54,19.52,59.46,61.90,47.50,,,100.00,100.00,100.00,100.00,100.00,100.00,56.50,56.50,100.00,68.66,99.00,87.47,100.00,93.41,80.36,70.09,49.03,100.00,99.22,100.00,36.23
IRL,Ireland,Europe & Central Asia,2016,Leader,81.34,66.80,94.20,89.48,77.73,97.40,41.53,56.14,100.00,100.00,71.00,76.69,95.05,96.70,84.19,51.87,99.00,99.00,95.00,,19.08,30.87,74.65,61.90,47.50,,,100.00,100.00,100.00,100.00,100.00,100.00,56.50,56.50,100.00,76.69,99.00,91.10,100.00,93.41,80.70,72.46,54.81,100.00,99.22,100.00,51.87
IRL,Ireland,Europe & Central Asia,2017,Leader,83.56,69.56,93.90,91.52,81.54,97.80,48.02,56.14,99.25,100.00,71.00,79.23,95.34,100.00,85.05,67.50,99.00,99.00,96.00,,24.34,39.37,80.36,61.90,47.50,,,100.00,100.00,100.00,96.98,100.00,100.00,56.50,56.50,100.00,79.23,99.00,91.68,100.00,100.00,81.03,77.55,56.21,100.00,99.22,100.00,67.50
IRL,Ireland,Europe & Central Asia,2018,Leader,84.92,71.31,93.93,92.01,84.39,98.60,51.59,56.14,99.32,100.00,71.00,81.00,95.04,100.00,85.88,78.40,99.00,99.00,98.00,,28.50,44.59,81.68,61.90,47.50,,,100.00,100.00,98.64,98.64,100.00,100.00,56.50,56.50,100.00,81.00,99.00,91.07,100.00,100.00,81.33,82.64,57.55,100.00,99.22,100.00,78.40
IRL,Ireland,Europe & Central Asia,2019,Leader,85.29,73.39,91.13,91.99,86.00,98.60,56.81,56.14,92.31,100.00,71.00,82.82,98.66,94.51,86.97,82.13,99.00,99.00,98.00,,34.32,53.91,82.21,61.90,47.50,,,100.00,90.43,99.97,78.85,100.00,100.00,56.50,56.50,100.00,82.82,99.00,98.32,89.01,100.00,81.59,79.85,64.13,100.00,99.22,100.00,82.13
IRL,Ireland,Europe & Central Asia,2020,Leader,86.30,75.42,92.38,89.98,88.46,99.00,61.48,56.14,95.46,100.00,71.00,84.03,95.86,90.04,89.11,85.86,99.00,99.00,99.00,,42.80,56.47,85.17,61.90,47.50,,,100.00,96.53,100.00,85.29,100.00,100.00,56.50,56.50,100.00,84.03,99.00,92.73,93.13,86.96,82.06,77.06,74.94,100.00,100.00,100.00,85.86
IRL,Ireland,Europe & Central Asia,2021,Leader,87.02,75.91,93.76,90.55,88.96,97.72,62.88,58.33,98.90,100.00,71.00,84.72,95.50,91.44,89.74,85.86,99.80,99.80,99.80,79.00,45.87,55.25,87.52,61.90,47.50,87.50,0.00,100.00,100.00,100.00,95.60,100.00,100.00,56.50,56.50,100.00,84.72,99.00,92.00,89.69,93.18,82.36,77.51,77.58,100.00,100.00,100.00,85.86
IRL,Ireland,Europe & Central Asia,2022,Leader,89.82,86.14,94.20,90.31,88.81,98.82,73.10,86.86,100.00,100.00,71.00,85.21,96.49,89.22,89.55,85.86,99.80,99.80,99.80,90.00,65.92,64.30,89.07,90.48,95.00,87.50,0.00,100.00,100.00,100.00,100.00,100.00,100.00,56.50,56.50,100.00,85.21,99.00,93.97,92.91,85.54,81.26,77.96,77.53,100.00,99.97,100.00,85.86
IRL,Ireland,Europe & Central Asia,2023,Leader,91.20,88.47,93.42,94.17,88.87,98.82,78.94,86.86,98.06,100.00,71.00,86.03,96.49,100.00,89.62,85.86,99.80,99.80,99.80,90.00,78.83,68.63,89.35,90.48,95.00,87.50,0.00,100.00,100.00,100.00,92.24,100.00,100.00,56.50,56.50,100.00,86.03,99.00,93.97,100.00,100.00,81.20,77.96,77.91,100.00,100.00,100.00,85.86
IRL,Ireland,Europe & Central Asia,2024,Leader,89.64,90.22,87.73,89.72,90.92,98.92,83.19,86.86,83.81,100.00,71.00,86.47,96.49,86.20,90.93,90.89,99.80,99.80,99.80,91.00,86.92,73.03,89.64,90.48,95.00,87.50,0.00,90.79,85.56,79.38,79.52,100.00,100.00,56.50,56.50,100.00,86.47,99.00,93.97,89.80,82.61,80.91,87.68,80.51,100.00,99.40,100.00,90.89
IRN,Iran,Middle East & North Africa,2014,Emerging,40.76,23.97,49.29,62.52,37.36,31.26,10.22,36.91,52.38,37.51,66.67,40.55,76.01,71.01,39.35,29.40,94.00,27.14,4.00,,6.92,,23.73,33.33,42.27,,,76.20,42.68,62.08,28.56,45.16,29.86,100.00,0.00,100.00,40.55,85.00,67.02,42.03,100.00,53.47,37.01,0.00,44.92,56.53,46.68,29.40
IRN,Iran,Middle East & North Africa,2015,Emerging,44.90,28.81,52.03,62.80,43.18,40.00,13.58,36.91,62.29,34.46,66.67,41.47,75.90,71.01,44.96,36.07,94.20,38.90,14.00,,6.92,10.10,23.73,33.33,42.27,,,86.20,52.69,71.89,38.37,42.22,26.71,100.00,0.00,100.00,41.47,85.50,66.31,42.03,100.00,55.00,35.17,18.17,50.51,56.53,53.98,36.07
IRN,Iran,Middle East & North Africa,2016,Transitioner,55.07,47.18,62.06,68.38,45.93,63.58,35.93,36.91,67.03,40.33,95.59,52.34,75.37,77.43,46.73,42.73,94.20,76.84,35.00,,15.86,29.03,62.89,33.33,42.27,,,91.10,57.58,76.48,42.96,48.25,32.41,100.00,86.76,100.00,52.34,86.00,64.74,54.86,100.00,56.04,33.33,20.26,57.49,56.53,53.29,42.73
IRN,Iran,Middle East & North Africa,2017,Transitioner,58.78,55.99,62.79,63.17,53.75,77.06,44.46,36.91,69.02,40.15,95.59,53.51,74.22,61.78,54.84,49.40,96.50,83.17,61.22,,19.82,36.66,76.91,33.33,42.27,,,93.35,59.84,78.21,44.69,48.36,31.95,100.00,86.76,100.00,53.51,86.00,62.45,53.41,70.15,56.76,48.26,47.02,60.44,56.53,58.64,49.40
IRN,Iran,Middle East & North Africa,2018,Transitioner,63.20,61.35,61.05,72.73,58.58,84.90,50.01,36.91,68.55,36.29,95.59,54.78,73.83,89.58,57.20,64.10,96.50,90.00,74.00,,29.59,45.24,75.20,33.33,42.27,,,78.33,74.12,62.97,58.77,44.60,27.97,100.00,86.76,100.00,54.78,86.00,61.65,79.17,100.00,57.32,63.19,47.62,58.50,56.53,68.84,64.10
IRN,Iran,Middle East & North Africa,2019,Transitioner,59.91,66.34,52.82,64.42,57.07,87.30,60.11,36.91,52.35,31.91,95.59,56.19,73.46,63.62,53.19,72.59,96.50,90.00,80.00,,36.64,61.14,82.54,33.33,42.27,,,64.94,54.79,49.90,39.75,40.06,23.77,100.00,86.76,100.00,56.19,86.00,60.91,49.82,77.42,58.24,61.01,33.52,58.32,56.53,57.70,72.59
IRN,Iran,Middle East & North Africa,2020,Transitioner,60.57,67.84,45.05,73.30,60.09,89.30,61.85,36.91,48.44,16.40,95.59,57.67,73.09,89.13,54.84,81.07,96.50,90.00,85.00,,37.09,63.79,84.68,33.33,42.27,,,60.68,50.91,45.96,36.19,24.37,8.42,100.00,86.76,100.00,57.67,86.00,60.17,78.26,100.00,58.92,58.82,41.09,59.56,57.38,55.68,81.07
IRN,Iran,Middle East & North Africa,2021,Transitioner,60.45,62.18,47.73,71.94,62.52,81.78,54.18,38.97,56.20,15.32,95.59,59.78,72.71,83.33,57.89,81.07,96.90,90.00,90.00,0.93,27.31,50.32,84.92,33.33,43.98,60.75,0.00,68.16,58.87,53.54,44.25,23.24,7.40,100.00,86.76,100.00,59.78,86.00,59.43,66.67,100.00,60.34,50.39,54.06,59.58,56.92,66.69,81.07
IRN,Iran,Middle East & North Africa,2022,Transitioner,61.72,63.56,56.34,65.63,61.75,81.84,57.56,38.97,58.81,34.24,95.59,62.00,72.71,62.19,56.92,81.07,96.50,90.00,90.00,1.87,32.68,55.24,84.78,33.33,43.98,60.75,0.00,73.08,58.76,58.86,44.55,41.94,26.54,100.00,86.76,100.00,62.00,86.00,59.43,50.35,74.03,60.18,41.96,53.68,59.02,58.82,63.87,81.07
IRN,Iran,Middle East & North Africa,2023,Transitioner,64.67,66.03,59.47,71.93,61.94,81.99,63.60,38.97,58.20,42.68,95.59,64.33,72.71,78.74,57.16,81.07,97.00,90.00,90.00,2.91,44.46,60.68,85.65,33.33,43.98,60.75,0.00,72.67,58.35,58.04,43.73,50.60,34.76,100.00,86.76,100.00,64.33,86.00,59.43,78.26,79.22,60.81,41.96,53.30,56.57,62.73,62.81,81.07
IRN,Iran,Middle East & North Africa,2024,Transitioner,64.75,69.21,54.77,79.48,58.35,83.63,69.90,38.97,45.12,44.00,95.59,65.72,72.71,100.00,56.56,65.52,98.00,92.17,90.00,9.65,59.21,64.33,86.15,33.33,43.98,60.75,0.00,58.90,47.10,44.28,30.21,51.92,36.08,100.00,86.76,100.00,65.72,86.00,59.43,100.00,100.00,60.83,37.73,52.94,49.32,64.43,72.82,65.52
IRQ,Iraq,Middle East & North Africa,2014,Discoverer,32.18,28.38,31.62,53.13,22.50,35.57,19.15,32.44,45.94,10.88,44.44,40.03,61.03,58.33,27.40,2.90,98.00,25.00,14.93,,9.66,,47.80,26.29,41.67,,,51.69,51.69,40.19,40.19,17.11,4.65,66.67,66.67,0.00,40.03,82.00,40.05,96.67,20.00,15.88,19.69,19.33,37.23,17.55,74.37,2.90
IRQ,Iraq,Middle East & North Africa,2015,Discoverer,34.37,36.70,27.28,53.69,25.97,51.60,23.94,32.44,40.47,5.50,44.44,41.01,61.72,58.33,31.62,3.37,98.00,55.00,24.99,,9.66,14.37,47.80,26.29,41.67,,,46.22,46.22,34.72,34.72,11.01,0.00,66.67,66.67,0.00,41.01,82.50,40.94,96.67,20.00,20.14,27.60,25.64,43.81,17.55,74.37,3.37
IRQ,Iraq,Middle East & North Africa,2016,Emerging,35.50,37.96,27.36,52.70,29.02,58.80,19.89,32.44,39.17,7.01,44.44,39.01,62.42,56.67,35.32,3.83,98.00,73.00,24.99,,7.85,16.01,35.82,26.29,41.67,,,44.92,44.92,33.42,33.42,13.24,0.78,66.67,66.67,0.00,39.01,83.00,41.84,93.33,20.00,20.51,35.51,35.75,47.85,17.55,74.37,3.83
IRQ,Iraq,Middle East & North Africa,2017,Emerging,39.46,41.45,28.54,66.82,30.69,63.60,23.80,32.44,41.01,8.10,44.44,40.26,64.36,95.83,37.29,4.30,98.00,85.00,24.99,,8.42,15.11,47.87,26.29,41.67,,,46.76,46.76,35.26,35.26,14.33,1.88,66.67,66.67,0.00,40.26,86.00,42.73,100.00,91.67,21.15,33.72,42.39,51.31,17.55,74.37,4.30
IRQ,Iraq,Middle East & North Africa,2018,Emerging,38.81,41.80,30.89,50.29,34.94,66.38,21.91,32.44,44.43,10.57,44.44,41.60,64.81,44.47,37.10,26.30,99.92,91.00,24.99,,6.44,15.18,44.11,26.29,41.67,,,50.18,50.18,38.68,38.68,16.80,4.34,66.67,66.67,0.00,41.60,86.00,43.62,41.58,47.37,21.16,31.94,43.82,49.79,17.55,74.37,26.30
IRQ,Iraq,Middle East & North Africa,2019,Emerging,45.04,42.36,50.57,53.97,35.58,68.23,21.46,32.44,33.38,70.81,44.44,42.99,65.26,53.66,38.60,23.51,100.00,95.59,24.99,,5.52,14.40,44.46,26.29,41.67,,,45.96,32.63,34.13,20.80,77.22,64.40,66.67,66.67,0.00,42.99,86.00,44.51,53.90,53.42,21.26,32.74,49.81,50.86,17.55,74.37,23.51
IRQ,Iraq,Middle East & North Africa,2020,Emerging,46.24,44.30,41.35,67.46,37.00,68.80,25.74,32.44,36.22,44.94,44.44,44.43,65.72,92.22,41.07,20.71,100.00,97.00,24.99,,7.28,14.19,55.75,26.29,41.67,,,48.37,35.85,36.59,24.07,51.32,38.56,66.67,66.67,0.00,44.43,86.00,45.43,100.00,84.44,21.51,33.53,57.90,52.34,19.65,74.37,20.71
IRQ,Iraq,Middle East & North Africa,2021,Emerging,45.67,54.52,44.91,46.81,37.95,86.80,36.68,25.64,48.25,41.80,44.44,46.31,66.18,27.94,42.26,20.71,100.00,97.00,95.00,0.00,10.47,19.87,79.70,26.29,41.67,0.00,0.00,54.45,54.45,42.06,42.06,48.51,35.09,66.67,66.67,0.00,46.31,86.00,46.36,32.62,23.26,21.61,27.07,64.28,53.95,17.85,80.14,20.71
IRQ,Iraq,Middle East & North Africa,2022,Emerging,49.71,58.92,59.54,47.44,36.70,88.40,46.08,25.64,54.21,72.43,44.44,48.24,66.18,27.89,40.69,20.71,100.00,98.00,98.00,0.00,18.75,35.72,83.78,26.29,41.67,0.00,0.00,59.96,59.96,48.46,48.46,78.66,66.20,66.67,66.67,0.00,48.24,86.00,46.36,20.14,35.63,21.35,20.60,56.73,54.07,20.94,80.14,20.71
IRQ,Iraq,Middle East & North Africa,2023,Transitioner,53.36,61.60,62.59,54.36,38.67,89.00,52.18,25.64,52.45,59.58,88.89,50.26,66.18,46.63,43.16,20.71,100.00,99.00,98.50,0.00,22.02,49.91,84.62,26.29,41.67,0.00,0.00,58.20,58.20,46.70,46.70,65.81,53.35,100.00,66.67,100.00,50.26,86.00,46.36,43.26,50.00,21.57,20.60,69.33,54.01,21.17,78.90,20.71
IRQ,Iraq,Middle East & North Africa,2024,Transitioner,56.59,64.72,59.81,58.15,45.56,89.23,59.74,25.64,45.51,59.57,88.89,51.73,66.18,56.55,43.68,53.07,100.00,99.40,98.68,0.00,28.83,62.95,87.43,26.29,41.67,0.00,0.00,56.06,44.48,44.56,36.94,65.80,53.34,100.00,66.67,100.00,51.73,86.00,46.36,71.33,41.77,22.55,18.76,72.74,52.11,23.17,76.92,53.07
ISL,Iceland,Europe & Central Asia,2014,Advanced,75.59,61.56,85.36,92.29,67.31,90.30,40.98,45.24,89.74,89.25,68.82,78.70,99.18,98.99,78.98,20.60,99.00,93.96,82.28,,23.25,34.31,65.39,47.43,41.97,,,99.02,91.23,87.97,80.73,94.94,83.57,53.23,53.23,100.00,78.70,100.00,98.35,100.00,97.98,86.36,61.42,57.69,97.46,79.98,85.42,20.60
ISL,Iceland,Europe & Central Asia,2015,Advanced,78.19,69.28,86.05,89.93,69.71,97.40,53.18,45.24,89.88,90.83,68.82,71.80,99.00,98.99,80.51,26.53,99.00,99.00,95.00,,30.60,54.87,74.08,47.43,41.97,,,95.20,96.24,81.89,86.18,96.28,85.38,53.23,53.23,100.00,71.80,100.00,98.00,100.00,97.98,88.38,61.87,59.99,100.00,79.98,86.49,26.53
ISL,Iceland,Europe & Central Asia,2016,Leader,82.69,78.29,88.66,93.16,72.29,97.60,75.50,45.24,91.87,95.39,68.82,82.71,97.77,98.99,82.25,32.47,99.00,99.00,95.50,,50.62,92.17,83.71,47.43,41.97,,,100.00,94.42,88.85,84.19,100.00,90.77,53.23,53.23,100.00,82.71,100.00,95.54,100.00,97.98,88.87,62.32,67.72,100.00,79.98,87.01,32.47
ISL,Iceland,Europe & Central Asia,2017,Leader,85.78,88.53,87.74,94.08,74.08,98.68,85.51,74.24,89.05,95.88,68.82,85.46,96.78,100.00,83.00,38.40,99.00,99.00,98.20,,67.07,100.00,89.47,80.76,64.47,,,95.58,92.24,86.07,82.31,100.00,91.77,53.23,53.23,100.00,85.46,100.00,93.56,100.00,100.00,89.08,67.62,68.91,100.00,79.98,86.50,38.40
ISL,Iceland,Europe & Central Asia,2018,Leader,86.00,92.97,82.28,94.11,75.98,100.00,95.30,74.24,75.73,95.57,68.82,86.68,95.65,100.00,83.75,44.90,100.00,100.00,100.00,,93.88,100.00,92.01,80.76,64.47,,,80.89,79.71,72.89,69.41,100.00,91.15,53.23,53.23,100.00,86.68,100.00,91.31,100.00,100.00,89.13,72.92,70.06,99.40,79.98,87.47,44.90
ISL,Iceland,Europe & Central Asia,2019,Leader,87.45,93.77,82.18,94.12,80.64,100.00,97.31,74.24,76.35,94.70,68.82,87.52,94.83,100.00,85.22,62.36,100.00,100.00,100.00,,100.00,100.00,91.93,80.76,64.47,,,84.87,78.12,74.59,67.83,100.00,89.39,53.23,53.23,100.00,87.52,100.00,89.66,100.00,100.00,89.38,76.17,74.58,100.00,79.98,88.12,62.36
ISL,Iceland,Europe & Central Asia,2020,Leader,88.77,93.94,82.99,93.33,85.36,99.90,97.82,74.24,81.11,91.97,68.82,88.20,93.91,97.87,86.75,79.81,99.90,99.90,99.90,,100.00,100.00,93.46,80.76,64.47,,,89.64,82.88,79.33,72.58,97.55,86.38,53.23,53.23,100.00,88.20,100.00,87.83,100.00,95.74,89.85,79.41,76.18,100.00,83.76,88.48,79.81
ISL,Iceland,Europe & Central Asia,2021,Leader,88.32,88.11,84.35,93.64,87.43,93.25,91.54,70.97,81.21,95.25,68.82,88.67,93.93,98.33,89.34,79.81,99.98,99.90,99.90,33.34,92.45,88.35,93.82,80.76,64.47,75.00,0.00,89.73,82.98,79.44,72.68,100.00,90.50,53.23,53.23,100.00,88.67,100.00,87.86,96.67,100.00,90.15,84.04,86.73,100.00,83.40,88.78,79.81
ISL,Iceland,Europe & Central Asia,2022,Leader,89.63,91.40,85.40,95.28,86.79,95.24,97.78,70.97,82.91,96.17,68.82,88.92,96.92,100.00,88.53,79.81,99.98,99.90,99.90,53.22,100.00,100.00,93.33,80.76,64.47,75.00,0.00,91.45,84.69,81.13,74.38,100.00,92.35,53.23,53.23,100.00,88.92,100.00,93.84,100.00,100.00,90.38,88.67,80.83,100.00,83.36,87.52,79.81
ISL,Iceland,Europe & Central Asia,2023,Leader,89.63,92.17,86.26,94.68,85.73,97.23,97.72,70.97,84.40,96.85,68.82,89.17,96.92,97.94,87.21,79.81,99.98,99.90,99.90,73.10,100.00,100.00,93.15,80.76,64.47,75.00,0.00,92.93,86.17,82.63,75.87,100.00,93.69,53.23,53.23,100.00,89.17,100.00,93.84,100.00,95.88,91.18,88.67,71.41,100.00,85.36,87.52,79.81
ISL,Iceland,Europe & Central Asia,2024,Leader,91.44,92.82,85.98,95.07,92.16,98.56,97.99,70.97,83.29,97.25,68.82,89.31,96.92,98.98,90.49,98.83,99.90,99.90,99.90,86.53,100.00,100.00,93.98,80.76,64.47,75.00,0.00,91.83,85.07,81.51,74.75,100.00,94.49,53.23,53.23,100.00,89.31,100.00,93.84,100.00,97.96,96.44,90.76,81.43,100.00,86.21,85.99,98.83
ISR,Israel,Middle East & North Africa,2014,Advanced,66.27,54.09,65.33,74.95,72.83,91.40,20.41,46.86,65.52,64.64,66.32,51.08,82.14,91.63,74.14,67.60,99.00,99.00,80.00,,8.48,7.56,45.18,51.43,40.00,,,74.94,74.21,56.83,56.10,74.45,54.83,77.35,21.61,100.00,51.08,98.00,66.27,96.60,86.67,71.38,87.40,45.36,99.18,64.82,92.50,67.60
ISR,Israel,Middle East & North Africa,2015,Advanced,67.72,58.13,64.61,75.93,73.74,93.76,28.14,46.86,64.54,63.81,66.32,54.06,82.09,91.63,75.15,68.10,99.00,99.00,85.90,,10.96,12.99,60.48,51.43,40.00,,,73.84,73.11,55.98,55.24,73.49,54.14,77.35,21.61,100.00,54.06,98.00,66.17,96.60,86.67,72.03,86.82,48.25,100.00,64.82,94.51,68.10
ISR,Israel,Middle East & North Africa,2016,Advanced,72.92,63.14,73.69,79.94,76.01,99.00,35.42,46.86,83.12,67.94,66.32,64.57,81.92,93.33,77.86,68.60,99.00,99.00,99.00,,14.81,23.53,67.91,51.43,40.00,,,92.36,91.62,74.62,73.88,77.55,58.33,77.35,21.61,100.00,64.57,98.00,65.84,100.00,86.67,72.29,86.23,61.94,100.00,64.82,94.26,68.60
ISR,Israel,Middle East & North Africa,2017,Advanced,74.59,66.57,73.77,81.78,77.10,99.00,43.99,46.86,83.75,67.51,66.32,67.22,81.45,96.67,79.09,69.10,99.00,99.00,99.00,,17.77,33.70,80.51,51.43,40.00,,,92.81,92.08,75.43,74.69,76.92,58.09,77.35,21.61,100.00,67.22,98.00,64.90,93.33,100.00,72.21,84.44,69.19,100.00,64.82,94.08,69.10
ISR,Israel,Middle East & North Africa,2018,Advanced,77.90,68.29,82.01,83.80,78.46,99.00,48.31,46.86,97.61,74.24,66.32,69.89,81.50,100.00,78.50,78.30,99.00,99.00,99.00,,20.86,42.12,81.94,51.43,40.00,,,100.00,100.00,95.22,95.22,83.66,64.83,77.35,21.61,100.00,69.89,98.00,65.00,100.00,100.00,72.31,82.64,66.81,100.00,64.82,94.47,78.30
ISR,Israel,Middle East & North Africa,2019,Advanced,78.69,70.28,81.00,84.63,79.60,99.00,53.27,46.86,91.19,78.15,66.32,72.63,81.27,100.00,78.34,84.62,99.00,99.00,99.00,,25.03,51.70,83.07,51.43,40.00,,,99.77,99.77,82.62,82.62,87.43,68.86,77.35,21.61,100.00,72.63,98.00,64.54,100.00,100.00,72.17,78.68,67.97,100.00,64.82,94.83,84.62
ISR,Israel,Middle East & North Africa,2020,Leader,81.86,80.83,81.44,82.98,82.22,99.00,67.08,72.00,89.64,80.79,66.32,74.04,81.01,93.89,80.05,90.93,99.00,99.00,99.00,,36.79,76.95,87.50,80.00,60.00,,,99.47,96.72,82.56,79.80,89.95,71.63,77.35,21.61,100.00,74.04,98.00,64.03,96.56,91.21,72.61,74.71,75.67,100.00,67.06,95.09,90.93
ISR,Israel,Middle East & North Africa,2021,Leader,82.20,78.66,83.10,83.96,83.17,93.16,68.87,69.25,89.17,85.41,66.32,75.40,81.18,95.31,81.23,90.93,99.00,99.00,99.00,40.57,47.09,69.39,90.13,80.00,60.00,75.00,0.00,98.20,97.05,81.29,80.14,94.57,76.25,77.35,21.61,100.00,75.40,98.00,64.36,93.13,97.50,72.69,81.08,77.30,100.00,67.41,96.46,90.93
ISR,Israel,Middle East & North Africa,2022,Leader,83.31,82.44,83.27,83.86,83.68,96.60,74.88,69.25,87.17,87.84,66.32,75.90,81.86,93.81,81.86,90.93,99.00,99.00,99.00,75.00,64.37,70.26,90.01,80.00,60.00,75.00,0.00,95.63,95.63,78.71,78.71,97.00,78.68,77.35,21.61,100.00,75.90,98.00,65.72,89.90,97.73,72.39,87.45,76.29,98.68,70.10,96.25,90.93
ISR,Israel,Middle East & North Africa,2023,Leader,83.69,86.73,80.84,84.15,83.12,97.60,83.93,70.58,81.42,87.53,66.32,76.36,81.86,94.24,81.17,90.93,99.00,99.00,99.00,85.00,86.88,74.91,90.01,80.00,60.00,75.00,26.67,89.88,89.88,72.96,72.96,96.69,78.37,77.35,21.61,100.00,76.36,98.00,65.72,93.13,95.35,72.68,87.45,73.77,98.25,69.31,96.25,90.93
ISR,Israel,Middle East & North Africa,2024,Leader,84.63,88.87,80.97,85.50,83.38,98.30,88.58,70.58,80.89,88.38,66.32,77.01,81.86,97.62,80.79,93.76,99.00,99.00,99.00,92.00,100.00,75.46,90.29,80.00,60.00,75.00,26.67,93.81,83.10,76.89,69.76,97.54,79.22,77.35,21.61,100.00,77.01,98.00,65.72,100.00,95.24,72.09,85.41,71.68,96.20,73.12,96.29,93.76
ITA,Italy,Europe & Central Asia,2014,Advanced,72.08,58.37,79.16,85.20,68.55,91.60,21.43,65.81,89.53,76.20,64.36,76.60,85.74,93.26,71.71,55.90,100.00,99.00,80.00,,10.97,13.98,39.34,61.90,71.67,,,96.94,96.94,82.11,82.11,84.23,68.16,59.84,33.24,100.00,76.60,99.20,72.27,100.00,86.52,74.15,74.80,36.50,89.48,77.38,87.25,55.90
ITA,Italy,Europe & Central Asia,2015,Advanced,74.11,66.72,74.94,85.47,70.60,97.20,35.37,68.48,81.68,72.83,65.64,77.46,85.68,93.26,73.72,58.13,100.00,99.00,94.00,,19.30,27.33,59.48,61.90,78.33,,,89.36,89.36,74.01,74.01,81.15,64.51,59.84,37.10,100.00,77.46,99.20,72.17,100.00,86.52,74.77,80.88,39.88,91.67,77.38,88.89,58.13
ITA,Italy,Europe & Central Asia,2016,Advanced,75.93,71.48,75.34,84.64,72.92,98.40,46.06,68.48,82.31,73.16,65.76,81.95,85.65,86.31,76.06,60.37,100.00,99.00,97.00,,26.78,40.43,70.97,61.90,78.33,,,89.88,89.88,74.74,74.74,81.37,64.96,59.84,37.45,100.00,81.95,99.20,72.10,86.11,86.52,75.28,86.96,46.62,92.90,77.38,89.25,60.37
ITA,Italy,Europe & Central Asia,2017,Advanced,76.20,76.11,75.39,79.21,74.19,98.80,57.24,68.48,82.70,72.75,66.04,84.67,85.64,67.30,77.09,62.60,100.00,99.00,98.00,,37.20,54.80,79.71,61.90,78.33,,,90.38,90.38,75.02,75.02,81.06,64.43,59.84,38.27,100.00,84.67,99.20,72.09,68.75,65.85,75.55,91.05,50.05,94.31,77.38,85.25,62.60
ITA,Italy,Europe & Central Asia,2018,Leader,80.76,79.22,82.52,82.36,79.00,99.20,56.03,85.62,94.54,80.00,63.50,86.38,86.32,74.38,77.82,83.70,100.00,99.00,99.00,,37.74,56.87,73.48,90.48,78.33,,,100.00,100.00,89.08,89.08,88.15,71.86,59.84,30.67,100.00,86.38,99.20,73.44,69.70,79.07,75.79,95.14,51.84,92.28,77.38,88.50,83.70
ITA,Italy,Europe & Central Asia,2019,Leader,81.62,80.85,78.40,86.89,80.58,99.60,59.72,85.62,83.75,80.51,63.50,87.05,86.70,86.92,78.25,89.92,100.00,99.50,99.50,,41.50,63.69,73.97,90.48,78.33,,,91.11,91.11,76.38,76.38,88.49,72.54,59.84,30.67,100.00,87.05,99.00,74.40,93.20,80.65,76.06,89.04,57.74,92.53,77.38,86.00,89.92
ITA,Italy,Europe & Central Asia,2020,Leader,83.87,82.67,80.91,88.19,83.88,100.00,63.86,85.62,82.22,92.63,54.85,87.66,87.02,89.90,80.82,96.13,100.00,100.00,100.00,,49.74,62.63,79.22,90.48,78.33,,,89.68,89.68,74.75,74.75,100.00,85.26,59.84,4.72,100.00,87.66,99.00,75.03,96.63,83.16,76.57,82.94,67.81,93.25,81.97,86.00,96.13
ITA,Italy,Europe & Central Asia,2021,Leader,83.19,78.82,80.95,87.95,85.35,99.54,58.55,77.90,85.87,85.89,61.21,88.00,87.54,88.30,82.65,96.13,100.00,100.00,100.00,95.40,41.51,53.25,80.89,90.48,78.33,50.00,33.33,93.23,93.23,78.50,78.50,93.87,77.92,59.84,23.79,100.00,88.00,99.00,76.08,93.27,83.33,76.77,84.77,71.81,93.72,82.32,92.50,96.13
ITA,Italy,Europe & Central Asia,2022,Leader,84.15,81.73,79.04,90.47,85.79,99.50,65.86,77.90,86.38,78.56,65.34,88.47,87.98,94.97,83.21,96.13,100.00,100.00,100.00,95.00,54.66,60.04,82.88,90.48,78.33,50.00,33.33,93.49,93.49,79.27,79.27,86.26,70.86,59.84,36.20,100.00,88.47,99.00,76.95,96.60,93.33,76.86,86.59,73.65,92.27,82.96,94.00,96.13
ITA,Italy,Europe & Central Asia,2023,Leader,85.94,85.69,80.85,92.27,85.34,99.65,75.62,77.90,87.62,82.28,64.45,88.83,87.98,100.00,82.64,96.13,100.00,100.00,100.00,96.50,74.40,68.35,84.10,90.48,78.33,50.00,33.33,94.73,94.73,80.51,80.51,89.98,74.58,59.84,33.51,100.00,88.83,99.00,76.95,100.00,100.00,77.02,86.59,71.75,91.73,82.90,93.00,96.13
ITA,Italy,Europe & Central Asia,2024,Leader,84.37,87.95,75.85,89.66,84.73,99.60,81.31,77.90,74.53,82.88,64.45,89.04,87.98,91.95,80.91,100.00,100.00,100.00,100.00,96.00,87.32,71.23,85.39,90.48,78.33,50.00,33.33,85.41,78.51,71.20,63.01,90.58,75.18,59.84,33.50,100.00,89.04,99.00,76.95,96.67,87.23,76.95,76.24,71.15,88.74,83.42,92.38,100.00
JAM,Jamaica,Latin America & Caribbean,2014,Emerging,46.50,29.98,53.23,73.36,39.91,52.05,3.08,39.66,68.56,59.87,9.29,52.22,69.68,98.17,44.02,23.50,100.00,80.13,0.00,,4.73,4.51,0.00,64.76,2.00,,,89.05,62.39,74.73,48.07,67.63,52.12,27.07,0.80,0.00,52.22,88.10,51.26,96.34,100.00,39.99,31.50,27.96,57.54,28.85,100.00,23.50
JAM,Jamaica,Latin America & Caribbean,2015,Transitioner,54.59,40.30,68.72,73.53,43.59,57.57,22.56,41.26,79.71,62.10,59.99,52.90,69.53,98.17,47.75,26.97,100.00,93.93,0.00,,8.76,7.85,51.05,64.76,6.00,,,100.00,73.60,85.94,59.28,69.85,54.35,79.18,0.80,100.00,52.90,88.10,50.97,96.34,100.00,47.38,33.50,32.52,63.24,28.85,100.00,26.97
JAM,Jamaica,Latin America & Caribbean,2016,Transitioner,57.31,49.18,64.82,73.35,46.13,69.71,32.60,41.26,80.62,60.38,42.10,52.48,69.39,98.17,50.06,30.43,100.00,95.00,29.28,,14.65,19.36,63.80,64.76,6.00,,,100.00,74.82,87.16,60.50,68.13,52.62,50.00,44.30,32.00,52.48,88.10,50.68,96.34,100.00,47.71,35.51,39.21,66.77,28.85,100.00,30.43
JAM,Jamaica,Latin America & Caribbean,2017,Transitioner,58.70,56.73,60.95,72.66,47.26,77.36,43.82,41.26,70.96,60.37,42.10,54.85,69.12,94.00,50.60,33.90,100.00,95.00,48.41,,20.25,31.13,80.08,64.76,6.00,,,91.44,64.78,77.13,50.47,68.13,52.62,50.00,44.30,32.00,54.85,88.10,50.14,96.34,91.67,47.96,33.72,39.14,70.19,28.85,100.00,33.90
JAM,Jamaica,Latin America & Caribbean,2018,Transitioner,59.81,61.62,58.37,73.76,48.24,84.00,49.43,41.26,70.16,61.44,28.67,56.87,68.85,95.58,50.12,40.70,100.00,95.00,65.00,,26.49,42.76,79.05,64.76,6.00,,,90.65,63.99,76.33,49.67,69.19,53.68,50.00,0.00,36.00,56.87,88.10,49.60,91.15,100.00,48.15,31.94,39.11,68.53,28.85,100.00,40.70
JAM,Jamaica,Latin America & Caribbean,2019,Transitioner,56.47,67.27,42.36,73.33,48.66,89.60,57.95,41.26,38.56,53.67,27.33,58.43,68.58,92.98,51.67,36.62,100.00,95.00,79.01,,36.86,55.82,81.16,64.76,6.00,,,59.34,32.09,45.03,17.78,61.43,45.92,50.00,0.00,32.00,58.43,88.10,49.06,85.96,100.00,48.18,35.38,45.71,67.91,28.85,100.00,36.62
JAM,Jamaica,Latin America & Caribbean,2020,Transitioner,58.78,72.54,43.84,76.10,49.34,94.00,66.71,41.26,29.92,68.01,23.33,59.99,68.31,100.00,53.54,32.53,100.00,95.00,90.00,,50.59,64.75,84.80,64.76,6.00,,,43.49,33.97,25.87,16.36,77.55,58.47,50.00,0.00,20.00,59.99,88.10,48.53,100.00,100.00,48.74,38.82,52.53,71.15,25.85,100.00,32.53
JAM,Jamaica,Latin America & Caribbean,2021,Transitioner,55.36,66.29,37.46,73.76,51.28,87.60,58.66,38.94,31.92,50.05,23.33,62.29,68.05,90.93,55.96,32.53,100.00,99.00,95.00,0.00,36.00,51.61,88.37,74.29,6.00,0.00,0.00,40.73,40.73,23.11,23.11,59.59,40.51,50.00,0.00,20.00,62.29,88.10,48.00,84.50,97.37,49.44,43.98,61.27,71.54,25.57,100.00,32.53
JAM,Jamaica,Latin America & Caribbean,2022,Transitioner,56.55,67.69,38.68,77.36,50.48,89.28,60.48,38.94,32.63,52.41,23.33,64.03,68.05,100.00,54.96,32.53,100.00,99.20,99.00,0.00,37.22,54.67,89.53,74.29,6.00,0.00,0.00,41.44,41.44,23.82,23.82,61.96,42.87,50.00,0.00,20.00,64.03,88.10,48.00,100.00,100.00,49.40,49.14,49.53,71.23,30.07,100.00,32.53
JAM,Jamaica,Latin America & Caribbean,2023,Transitioner,56.83,68.49,37.78,77.91,51.73,89.32,62.44,38.94,36.64,46.16,23.33,65.68,68.05,100.00,56.54,32.53,100.00,99.20,99.10,0.00,40.60,56.20,90.50,74.29,6.00,0.00,0.00,45.45,45.45,27.83,27.83,55.70,36.61,50.00,0.00,20.00,65.68,88.10,48.00,100.00,100.00,48.75,49.14,56.88,69.69,32.79,100.00,32.53
JAM,Jamaica,Latin America & Caribbean,2024,Transitioner,56.44,68.11,33.53,78.51,56.60,89.39,61.41,38.94,25.22,46.93,23.33,67.48,68.05,100.00,56.24,58.03,100.00,99.26,99.21,0.00,39.69,55.31,89.23,74.29,6.00,0.00,0.00,35.86,34.89,18.24,11.88,56.48,37.38,50.00,0.00,20.00,67.48,88.10,48.00,100.00,100.00,49.59,56.77,55.06,63.39,34.76,100.00,58.03
JOR,Jordan,Middle East & North Africa,2014,Emerging,46.37,32.24,53.31,63.79,42.17,59.40,6.95,28.48,43.03,40.25,100.00,50.36,70.12,70.88,47.56,20.60,99.00,99.00,0.00,,3.23,4.48,13.16,28.57,28.33,,,48.04,48.04,38.02,38.02,45.68,34.82,100.00,100.00,100.00,50.36,95.43,44.81,79.59,62.16,48.58,51.97,33.05,72.57,21.17,72.87,20.60
JOR,Jordan,Middle East & North Africa,2015,Transitioner,52.74,51.75,52.81,63.58,44.51,91.40,22.41,31.14,50.44,39.39,84.41,49.43,70.43,70.88,49.90,22.97,99.00,99.00,80.00,,9.66,15.61,41.94,28.57,35.00,,,55.49,55.49,45.39,45.39,44.86,33.92,100.00,53.23,100.00,49.43,95.43,45.42,79.59,62.16,51.62,48.81,37.00,75.37,21.17,79.83,22.97
JOR,Jordan,Middle East & North Africa,2016,Transitioner,56.85,60.05,53.93,68.33,47.20,97.40,36.83,31.81,41.83,42.99,100.00,56.89,70.73,77.38,52.67,25.33,99.00,99.00,95.00,,16.17,34.18,60.13,28.57,36.67,,,46.87,46.87,36.80,36.80,48.44,37.53,100.00,100.00,100.00,56.89,95.43,46.03,92.59,62.16,51.87,45.65,47.57,77.69,21.17,84.43,25.33
JOR,Jordan,Middle East & North Africa,2017,Transitioner,57.84,65.25,48.69,73.26,48.08,99.00,48.22,31.81,39.33,41.95,80.89,59.56,71.04,89.17,53.17,27.70,99.00,99.00,99.00,,17.71,48.10,78.86,28.57,36.67,,,44.34,44.34,34.31,34.31,47.38,36.52,81.03,61.65,100.00,59.56,95.43,46.64,89.01,89.33,51.74,47.48,51.27,78.04,21.17,79.80,27.70
JOR,Jordan,Middle East & North Africa,2018,Transitioner,61.69,66.86,54.78,74.26,53.26,99.20,52.05,31.81,51.83,45.11,80.01,62.20,71.35,89.25,52.68,55.60,99.98,99.00,99.00,,19.66,53.70,82.79,28.57,36.67,,,56.84,56.84,46.82,46.82,50.54,39.68,81.03,59.01,100.00,62.20,95.43,47.26,78.49,100.00,51.99,49.31,51.04,76.05,21.17,76.98,55.60
JOR,Jordan,Middle East & North Africa,2019,Transitioner,61.67,69.35,50.55,75.13,54.90,99.28,58.19,31.81,40.90,45.55,79.89,64.91,71.62,88.88,52.81,63.28,99.98,99.10,99.10,,21.22,68.21,85.15,28.57,36.67,,,47.08,44.74,37.05,34.71,50.98,40.12,81.03,58.63,100.00,64.91,95.35,47.89,85.35,92.41,51.80,42.60,52.48,76.55,21.17,81.48,63.28
JOR,Jordan,Middle East & North Africa,2020,Transitioner,61.48,72.35,51.24,68.09,56.59,99.28,65.70,31.81,40.55,48.27,78.59,66.44,71.89,65.94,53.00,70.96,100.00,99.10,99.10,,28.04,80.01,89.05,28.57,36.67,,,46.32,44.80,36.29,34.78,53.70,42.84,81.03,54.73,100.00,66.44,95.26,48.52,84.13,47.74,52.07,35.88,56.79,78.22,21.17,77.64,70.96
JOR,Jordan,Middle East & North Africa,2021,Transitioner,61.70,65.04,54.53,69.52,58.79,89.26,59.38,27.91,41.71,57.24,74.74,67.99,72.16,68.41,55.75,70.96,99.80,99.10,99.10,0.00,20.20,66.34,91.61,28.57,36.67,17.50,0.00,47.04,46.39,37.02,36.37,62.67,51.82,81.03,43.17,100.00,67.99,95.17,49.15,82.91,53.91,52.23,50.91,60.76,79.03,21.17,80.24,70.96
JOR,Jordan,Middle East & North Africa,2022,Transitioner,64.12,66.93,55.57,76.06,59.74,89.26,59.81,36.54,42.40,59.60,73.82,68.82,72.12,87.23,56.94,70.96,99.80,99.10,99.10,0.00,20.15,66.90,92.37,28.57,36.67,75.00,0.00,47.76,47.11,37.69,37.04,65.06,54.15,81.03,40.43,100.00,68.82,95.09,49.15,81.68,92.77,51.83,65.94,57.97,77.96,21.17,85.60,70.96
JOR,Jordan,Middle East & North Africa,2023,Transitioner,64.74,69.02,56.40,76.25,59.18,90.36,63.92,36.54,42.95,61.40,73.31,69.40,72.07,87.27,56.23,70.96,99.80,99.10,99.10,11.00,26.90,71.94,92.90,28.57,36.67,75.00,0.00,47.96,47.96,37.94,37.94,66.83,55.97,81.03,38.90,100.00,69.40,95.00,49.15,81.68,92.86,51.98,65.94,55.75,76.46,20.71,86.60,70.96
JOR,Jordan,Middle East & North Africa,2024,Advanced,66.04,72.27,51.28,79.21,64.81,91.83,70.57,36.54,29.33,62.22,73.31,70.56,72.07,94.99,56.36,98.60,99.50,99.10,99.10,26.00,40.49,78.09,93.11,28.57,36.67,75.00,0.00,40.36,28.28,30.33,18.36,67.64,56.79,81.03,38.90,100.00,70.56,95.00,49.15,92.51,97.47,51.54,75.91,56.51,71.88,23.80,80.22,98.60
JPN,Japan,East Asia & Pacific,2014,Advanced,70.87,61.28,70.10,81.00,72.49,99.58,19.66,67.90,57.64,67.61,100.00,78.82,83.62,80.55,72.96,70.60,99.90,100.00,99.00,,13.28,21.17,24.54,74.29,58.33,,,54.67,73.09,42.18,60.61,74.37,60.85,100.00,100.00,100.00,78.82,99.00,68.24,92.67,68.42,66.86,94.49,17.27,90.15,96.92,92.75,70.60
JPN,Japan,East Asia & Pacific,2015,Advanced,71.24,65.84,66.61,76.04,77.22,99.58,30.08,69.90,51.98,64.54,100.00,63.93,83.64,80.55,78.21,73.27,99.90,100.00,99.00,,18.13,28.14,43.97,74.29,63.33,,,48.92,67.34,36.62,55.04,71.20,57.88,100.00,100.00,100.00,63.93,99.00,68.28,92.67,68.42,66.41,91.08,41.69,91.78,96.92,97.45,73.27
JPN,Japan,East Asia & Pacific,2016,Advanced,73.45,69.57,67.30,78.49,79.22,99.58,39.39,69.90,51.84,66.41,100.00,75.16,83.69,76.63,80.04,75.93,99.90,100.00,99.00,,20.98,36.66,60.54,74.29,63.33,,,49.15,67.57,36.10,54.53,73.47,59.34,100.00,100.00,100.00,75.16,99.00,68.37,84.85,68.42,66.51,87.68,50.46,92.96,96.92,99.00,75.93
JPN,Japan,East Asia & Pacific,2017,Advanced,76.06,72.27,66.76,85.71,80.94,99.74,45.98,69.90,52.22,64.67,100.00,78.54,83.56,95.04,81.53,78.60,99.90,100.00,99.40,,26.87,42.55,68.52,74.29,63.33,,,49.48,67.91,36.53,54.96,71.69,57.66,100.00,100.00,100.00,78.54,99.00,68.12,96.34,93.75,67.08,91.41,56.14,93.81,96.92,95.99,78.60
JPN,Japan,East Asia & Pacific,2018,Advanced,78.67,75.91,74.53,80.80,83.78,99.90,54.91,69.90,53.56,82.77,100.00,81.19,83.59,77.62,82.72,88.00,99.90,100.00,99.80,,40.52,51.36,72.85,74.29,63.33,,,56.19,64.45,42.67,50.93,90.10,75.45,100.00,100.00,100.00,81.19,99.00,68.18,82.27,72.97,67.21,95.14,61.89,92.03,96.92,96.00,88.00
JPN,Japan,East Asia & Pacific,2019,Leader,81.86,79.39,79.05,83.96,85.24,99.94,60.91,75.24,59.01,88.61,100.00,83.25,83.64,84.98,83.33,92.91,99.90,100.00,99.90,,50.15,58.47,74.13,74.29,76.67,,,69.34,62.20,55.81,48.68,95.94,81.29,100.00,100.00,100.00,83.25,99.00,68.27,88.89,81.08,67.21,92.87,65.33,92.11,96.92,97.25,92.91
JPN,Japan,East Asia & Pacific,2020,Leader,84.41,83.05,86.39,80.54,87.83,99.94,70.07,75.24,70.39,95.58,100.00,85.28,83.78,72.56,85.33,97.82,99.90,100.00,99.90,,63.41,67.34,79.47,74.29,76.67,,,86.21,67.90,72.88,54.57,100.00,91.16,100.00,100.00,100.00,85.28,99.00,68.56,71.63,73.49,67.74,90.59,73.58,92.18,100.00,95.75,97.82
JPN,Japan,East Asia & Pacific,2021,Leader,86.25,80.82,88.89,86.40,89.14,98.50,64.64,77.81,76.02,96.21,100.00,87.28,83.83,88.09,86.97,97.82,99.90,100.00,99.90,85.48,57.08,55.26,81.56,74.29,76.67,100.00,53.33,88.94,76.42,75.61,63.09,100.00,92.42,100.00,100.00,100.00,87.28,99.00,68.66,93.06,83.13,68.17,90.77,80.43,92.64,100.00,96.50,97.82
JPN,Japan,East Asia & Pacific,2022,Leader,86.04,83.69,90.98,81.76,88.04,99.15,71.17,77.81,82.29,95.17,100.00,87.79,83.83,73.65,85.60,97.82,99.90,100.00,99.90,92.00,75.49,56.62,81.41,74.29,76.67,100.00,53.33,88.96,88.96,75.63,75.63,100.00,90.34,100.00,100.00,100.00,87.79,99.00,68.66,76.19,71.11,68.43,90.94,74.42,90.43,100.00,98.50,97.82
JPN,Japan,East Asia & Pacific,2023,Leader,87.39,86.30,88.38,86.48,88.43,99.35,77.50,77.81,73.82,97.13,100.00,88.72,83.83,86.90,86.08,97.82,99.90,99.90,99.90,94.40,87.51,63.13,81.84,74.29,76.67,100.00,53.33,87.05,73.91,73.72,60.58,100.00,94.26,100.00,100.00,100.00,88.72,99.00,68.66,96.53,77.27,68.54,90.94,77.40,89.98,100.00,98.00,97.82
JPN,Japan,East Asia & Pacific,2024,Leader,87.04,89.97,85.39,84.49,88.44,99.52,85.50,79.81,66.76,96.71,100.00,88.94,83.83,80.70,86.16,97.57,99.90,99.90,99.90,96.11,100.00,73.31,83.19,74.29,83.33,100.00,53.33,76.37,70.03,63.04,57.58,100.00,93.42,100.00,100.00,100.00,88.94,99.00,68.66,86.11,75.28,68.79,94.27,78.61,87.71,100.00,97.14,97.57
KAZ,Kazakhstan,Europe & Central Asia,2014,Transitioner,59.41,43.16,88.50,75.45,43.22,65.08,17.97,49.70,100.00,72.43,97.62,52.97,81.19,92.19,49.63,17.60,86.60,70.00,49.41,,8.45,13.97,31.50,44.88,56.95,,,100.00,100.00,100.00,100.00,77.93,66.94,96.43,96.43,100.00,52.97,99.80,62.58,92.83,91.55,50.03,74.80,3.95,62.58,78.63,31.08,17.60
KAZ,Kazakhstan,Europe & Central Asia,2015,Transitioner,62.43,49.05,87.66,75.28,46.92,74.01,23.76,49.70,100.00,70.33,97.62,53.07,80.57,92.19,52.79,23.47,86.60,73.89,67.83,,8.79,17.36,45.13,44.88,56.95,,,100.00,100.00,100.00,100.00,75.78,64.88,96.43,96.43,100.00,53.07,99.80,61.35,92.83,91.55,50.07,75.81,11.77,67.34,78.63,36.42,23.47
KAZ,Kazakhstan,Europe & Central Asia,2016,Transitioner,64.94,54.00,85.78,78.11,49.15,79.43,30.72,49.70,99.69,65.95,97.62,64.08,79.90,90.34,54.10,29.33,96.60,79.67,70.60,,11.27,23.88,57.01,44.88,56.95,,,100.00,100.00,99.38,99.38,71.53,60.36,96.43,96.43,100.00,64.08,99.80,60.00,89.13,91.55,50.24,76.81,9.89,74.46,78.63,37.78,29.33
KAZ,Kazakhstan,Europe & Central Asia,2017,Advanced,67.52,58.67,86.40,80.32,51.05,82.88,38.93,49.70,100.00,67.20,97.62,66.68,79.58,94.72,55.01,35.20,96.60,85.90,73.00,,14.74,30.42,71.64,44.88,56.95,,,100.00,100.00,100.00,100.00,72.78,61.61,96.43,96.43,100.00,66.68,99.80,59.35,92.51,96.92,50.74,81.81,13.57,73.23,78.63,36.00,35.20
KAZ,Kazakhstan,Europe & Central Asia,2018,Advanced,72.29,61.98,87.33,82.94,60.82,86.55,43.55,49.70,100.00,69.51,97.62,68.85,79.96,100.00,56.58,77.80,96.60,92.71,75.36,,18.37,37.31,74.98,44.88,56.95,,,100.00,100.00,100.00,100.00,75.14,63.88,96.43,96.43,100.00,68.85,99.80,60.11,100.00,100.00,51.23,86.81,19.31,72.02,78.63,36.63,77.80
KAZ,Kazakhstan,Europe & Central Asia,2019,Advanced,73.23,64.72,82.95,78.66,68.10,88.84,48.11,49.70,86.63,71.93,97.62,70.56,80.42,85.01,63.76,85.48,96.60,96.00,77.80,,20.83,47.32,76.19,44.88,56.95,,,100.00,82.17,92.66,71.69,77.61,66.26,96.43,96.43,100.00,70.56,99.80,61.04,85.82,84.21,51.54,89.58,50.20,73.56,78.63,40.14,85.48
KAZ,Kazakhstan,Europe & Central Asia,2020,Advanced,74.90,64.95,80.52,82.58,72.88,90.40,47.13,49.70,82.69,69.80,97.62,70.98,81.22,95.55,67.81,93.15,98.00,96.00,81.00,,21.38,40.44,79.59,44.88,56.95,,,95.73,80.30,85.09,69.66,75.56,64.04,96.43,96.43,100.00,70.98,99.80,62.64,91.10,100.00,51.70,92.35,62.18,74.85,82.27,43.75,93.15
KAZ,Kazakhstan,Europe & Central Asia,2021,Advanced,72.91,59.44,76.46,83.46,74.51,81.65,46.37,41.14,85.20,57.14,97.62,71.43,82.03,96.94,69.86,93.15,98.00,96.00,83.62,0.00,18.00,38.57,82.55,44.88,56.95,10.80,0.00,98.80,82.32,88.08,71.60,62.95,51.33,96.43,96.43,100.00,71.43,99.80,64.25,96.38,97.50,52.09,92.90,70.80,75.75,82.36,43.69,93.15
KAZ,Kazakhstan,Europe & Central Asia,2022,Advanced,73.23,60.78,76.99,84.61,72.62,82.82,48.57,41.14,91.25,52.42,97.62,71.79,82.03,100.00,67.49,93.15,98.20,96.00,86.50,0.00,20.16,42.69,82.86,44.88,56.95,10.80,0.00,100.00,92.10,91.52,81.37,58.23,46.61,96.43,96.43,100.00,71.79,99.80,64.25,100.00,100.00,52.48,93.44,60.52,75.88,84.10,35.50,93.15
KAZ,Kazakhstan,Europe & Central Asia,2023,Advanced,75.99,66.14,80.09,84.73,74.28,87.76,57.03,41.14,85.18,66.22,97.62,72.15,82.03,100.00,69.56,93.15,98.80,96.00,89.13,38.26,30.67,55.63,84.80,44.88,56.95,10.80,0.00,96.71,84.38,85.99,73.66,72.03,60.41,96.43,96.43,100.00,72.15,99.80,64.25,100.00,100.00,53.07,93.44,71.25,75.32,84.12,34.63,93.15
KAZ,Kazakhstan,Europe & Central Asia,2024,Advanced,73.51,69.74,68.89,80.97,75.05,89.20,64.58,41.14,55.69,67.73,97.62,73.06,78.19,91.65,70.29,94.05,99.00,96.00,91.00,45.00,40.98,67.04,85.73,44.88,56.95,10.80,0.00,64.65,56.24,53.93,47.94,73.54,61.93,96.43,96.43,100.00,73.06,99.80,56.57,92.83,90.48,53.37,93.90,78.07,72.55,84.71,31.63,94.05
KEN,Kenya,Sub-Saharan Africa,2014,Emerging,36.51,27.59,35.99,53.23,33.61,46.62,4.60,35.52,32.21,29.86,55.82,40.25,57.63,61.82,31.72,41.20,89.08,67.00,5.00,,6.50,7.29,0.00,38.10,31.67,,,54.45,27.00,37.43,9.97,39.09,20.64,46.83,100.00,20.63,40.25,78.70,36.56,60.00,63.64,36.66,42.52,8.20,51.11,23.06,36.57,41.20
KEN,Kenya,Sub-Saharan Africa,2015,Emerging,41.55,35.67,41.82,53.94,37.06,52.16,19.26,35.52,46.46,30.17,55.82,41.85,58.14,61.82,34.67,46.60,89.08,75.50,10.37,,8.85,9.26,39.67,38.10,31.67,,,68.70,41.25,51.67,24.22,39.39,20.94,46.83,100.00,20.63,41.85,79.40,36.88,60.00,63.64,39.55,49.16,8.65,56.87,23.06,41.29,46.60
KEN,Kenya,Sub-Saharan Africa,2016,Emerging,47.06,46.40,44.85,59.39,39.70,59.64,31.46,49.81,49.17,35.04,55.82,41.33,58.80,78.03,36.62,52.00,92.00,81.60,21.50,,12.85,17.78,63.75,61.90,31.67,,,71.41,43.95,54.38,26.93,44.27,25.82,46.83,100.00,20.63,41.33,80.10,37.49,92.42,63.64,40.56,55.80,12.39,59.85,23.06,38.66,52.00
KEN,Kenya,Sub-Saharan Africa,2017,Emerging,47.66,52.19,45.78,51.23,42.16,66.68,36.03,55.52,50.80,35.74,55.82,43.39,59.46,50.84,38.35,57.40,94.40,86.00,33.50,,14.16,19.47,74.46,71.43,31.67,,,73.04,45.59,56.02,28.56,44.97,26.52,46.83,100.00,20.63,43.39,80.80,38.11,75.08,26.60,41.18,59.15,14.16,63.07,23.06,41.44,57.40
KEN,Kenya,Sub-Saharan Africa,2018,Transitioner,51.83,57.10,52.67,52.38,45.82,77.86,37.13,55.52,62.36,41.40,55.82,45.27,60.11,51.74,38.57,74.80,95.30,92.00,55.00,,14.57,20.99,75.82,71.43,31.67,,,78.78,60.56,64.16,45.94,49.32,33.47,46.83,100.00,20.63,45.27,81.50,38.73,81.59,21.89,42.00,62.50,15.26,61.03,23.06,40.48,74.80
KEN,Kenya,Sub-Saharan Africa,2019,Transitioner,50.09,59.34,40.52,54.53,48.03,82.72,37.86,55.52,36.58,42.77,43.89,46.76,60.42,56.41,40.47,78.25,96.00,94.80,64.00,,14.50,23.12,75.96,71.43,31.67,,,57.23,30.57,42.60,15.94,50.69,34.85,31.68,100.00,0.00,46.76,81.50,39.35,81.75,31.07,42.62,65.08,16.68,63.86,23.06,47.20,78.25
KEN,Kenya,Sub-Saharan Africa,2020,Transitioner,50.79,64.62,39.83,51.80,49.91,94.30,39.49,55.52,39.61,38.02,43.89,48.39,60.73,46.27,41.97,81.70,96.30,94.80,92.80,,16.35,25.71,76.43,71.43,31.67,,,57.68,36.16,43.05,21.54,45.94,30.10,31.68,100.00,0.00,48.39,81.50,39.96,78.26,14.29,42.90,67.65,20.49,65.77,24.38,44.91,81.70
KEN,Kenya,Sub-Saharan Africa,2021,Transitioner,51.44,58.80,43.91,54.08,50.13,87.05,37.34,45.21,45.20,44.97,39.22,50.19,61.04,51.01,42.24,81.70,96.50,97.00,96.50,0.00,10.35,22.11,79.57,71.43,31.67,0.00,0.00,59.44,46.11,44.30,30.97,53.17,36.76,17.65,100.00,0.00,50.19,81.50,40.58,78.49,23.53,42.53,67.93,21.43,65.59,24.65,46.11,81.70
KEN,Kenya,Sub-Saharan Africa,2022,Transitioner,52.25,61.53,43.36,56.31,49.63,87.74,38.75,54.65,49.22,39.56,39.22,52.04,61.04,55.86,41.61,81.70,97.00,97.51,97.00,2.40,12.07,24.46,79.72,71.43,55.00,16.25,0.00,65.61,47.98,50.46,32.84,47.77,31.36,17.65,100.00,0.00,52.04,81.50,40.58,79.39,32.32,42.68,68.21,19.34,65.32,26.13,40.99,81.70
KEN,Kenya,Sub-Saharan Africa,2023,Transitioner,50.54,62.65,34.36,60.37,50.18,88.15,41.15,54.65,62.54,18.09,10.56,53.40,61.04,66.67,42.30,81.70,98.00,97.51,97.00,5.47,16.52,27.94,79.00,71.43,55.00,16.25,0.00,92.25,47.97,77.10,32.82,26.30,9.89,31.68,0.00,0.00,53.40,81.50,40.58,97.09,36.26,42.55,68.21,23.29,63.60,27.26,41.40,81.70
KEN,Kenya,Sub-Saharan Africa,2024,Emerging,48.67,64.03,25.57,63.40,54.08,89.03,43.71,54.65,38.70,19.94,10.56,54.41,61.04,74.76,42.95,98.59,98.00,97.51,97.33,12.94,21.45,31.32,78.37,71.43,55.00,16.25,0.00,54.61,40.14,39.47,20.57,28.14,11.73,31.68,0.00,0.00,54.41,81.50,40.58,93.32,56.19,42.44,77.70,26.57,57.55,29.12,40.47,98.59
KGZ,Kyrgyzstan,Europe & Central Asia,2014,Emerging,43.72,41.18,41.09,67.95,31.78,60.28,25.14,35.09,37.77,28.55,72.82,49.32,74.42,80.10,36.78,11.80,97.60,73.22,28.67,,15.07,23.31,37.04,25.71,49.15,,,42.76,42.76,32.77,32.77,33.96,23.14,96.43,22.02,100.00,49.32,99.60,49.23,85.66,74.55,30.23,27.56,2.86,55.19,73.16,17.34,11.80
KGZ,Kyrgyzstan,Europe & Central Asia,2015,Emerging,48.10,46.60,48.10,68.07,35.08,71.74,27.21,35.09,56.48,27.37,72.82,49.57,74.53,80.10,39.63,16.87,97.70,79.26,51.23,,12.93,19.65,49.06,25.71,49.15,,,61.84,61.84,51.11,51.11,33.18,21.56,96.43,22.02,100.00,49.57,99.60,49.46,85.66,74.55,32.88,35.16,3.52,60.14,73.16,21.76,16.87
KGZ,Kyrgyzstan,Europe & Central Asia,2016,Transitioner,52.00,55.86,46.81,73.73,37.93,82.46,33.93,46.52,50.62,29.99,72.82,61.35,74.35,85.48,41.92,21.93,97.80,85.79,71.45,,13.75,23.14,64.89,44.76,49.15,,,55.57,55.57,45.67,45.67,35.35,24.62,96.43,22.02,100.00,61.35,99.60,49.10,96.42,74.55,32.36,42.75,6.75,63.90,73.16,24.14,21.93
KGZ,Kyrgyzstan,Europe & Central Asia,2017,Transitioner,53.06,60.69,43.10,74.34,40.76,87.80,40.68,46.52,52.17,29.48,52.21,63.93,74.53,84.55,44.20,27.00,99.00,90.00,80.00,,16.38,29.40,76.25,44.76,49.15,,,57.24,57.24,47.10,47.10,34.97,23.98,77.35,22.02,57.26,63.93,99.60,49.47,92.83,76.27,32.05,53.67,10.53,66.93,73.16,23.03,27.00
KGZ,Kyrgyzstan,Europe & Central Asia,2018,Transitioner,55.01,60.88,48.83,71.77,42.92,87.81,41.13,46.52,53.09,30.47,77.01,66.11,74.00,75.19,47.30,25.40,99.05,90.00,80.00,,16.10,32.53,74.77,44.76,49.15,,,58.24,58.24,47.93,47.93,36.06,24.89,77.35,96.43,57.26,66.11,99.60,48.40,78.95,71.43,37.73,64.58,15.30,65.18,73.16,25.68,25.40
KGZ,Kyrgyzstan,Europe & Central Asia,2019,Transitioner,56.23,62.53,40.07,80.55,49.52,87.84,45.24,46.52,37.48,24.18,77.01,67.89,73.76,100.00,52.51,37.52,99.20,90.00,80.00,,17.39,40.98,77.34,44.76,49.15,,,42.89,42.89,32.07,32.07,30.04,18.33,77.35,96.43,57.26,67.89,99.60,47.91,100.00,100.00,37.71,64.65,39.10,67.12,73.16,26.32,37.52
KGZ,Kyrgyzstan,Europe & Central Asia,2020,Transitioner,58.03,64.33,41.39,77.48,55.00,91.86,45.69,46.52,39.47,25.49,77.01,68.53,73.89,90.02,56.34,49.64,99.30,90.00,90.00,,19.46,35.20,82.42,44.76,49.15,,,47.22,42.78,36.16,31.72,31.48,19.49,77.35,96.43,57.26,68.53,99.60,48.19,100.00,80.03,37.36,64.71,48.97,68.56,79.05,30.77,49.64
KGZ,Kyrgyzstan,Europe & Central Asia,2021,Transitioner,59.27,58.20,47.30,80.61,55.62,81.93,43.68,39.76,42.19,37.54,77.01,69.27,74.40,98.15,57.11,49.64,99.30,90.00,90.00,0.00,14.29,31.04,85.72,44.76,57.93,0.00,0.00,47.60,47.60,36.79,36.79,43.39,31.68,77.35,96.43,57.26,69.27,99.60,49.20,96.30,100.00,37.54,63.24,54.23,68.90,78.79,29.00,49.64
KGZ,Kyrgyzstan,Europe & Central Asia,2022,Transitioner,59.80,58.26,50.35,81.85,53.26,81.93,43.85,39.76,47.48,39.88,77.01,69.90,75.64,100.00,54.16,49.64,99.30,90.00,90.00,0.00,14.50,31.94,85.10,44.76,57.93,0.00,0.00,52.48,52.48,42.49,42.49,45.29,34.47,77.35,96.43,57.26,69.90,99.60,51.69,100.00,100.00,37.84,61.76,41.15,69.56,79.47,23.81,49.64
KGZ,Kyrgyzstan,Europe & Central Asia,2023,Transitioner,62.32,61.85,55.07,82.07,53.94,85.93,48.81,39.76,51.81,47.36,77.01,70.57,75.64,100.00,55.02,49.64,99.30,95.00,95.00,0.00,20.69,40.07,85.67,44.76,57.93,0.00,0.00,56.81,56.81,46.82,46.82,52.76,41.95,77.35,96.43,57.26,70.57,99.60,51.69,100.00,100.00,38.83,61.76,43.46,69.10,80.69,24.27,49.64
KGZ,Kyrgyzstan,Europe & Central Asia,2024,Transitioner,64.28,66.57,55.06,81.92,56.85,89.82,56.24,40.76,49.27,49.86,77.01,71.65,74.12,100.00,54.66,65.60,99.60,97.61,97.23,19.25,32.59,49.21,86.90,44.76,61.27,0.00,0.00,63.74,44.41,53.76,35.15,55.27,44.46,77.35,96.43,57.26,71.65,99.60,48.64,100.00,100.00,39.43,60.72,47.89,66.32,80.18,18.26,65.60
KHM,Cambodia,East Asia & Pacific,2014,Emerging,40.58,35.67,48.75,46.57,33.48,59.28,10.60,38.61,53.58,23.98,88.64,41.90,59.03,38.78,38.91,11.80,99.00,83.69,15.00,,6.22,9.33,16.24,36.57,41.67,,,63.46,63.46,43.70,43.70,34.68,13.28,92.48,100.00,73.45,41.90,78.00,40.06,54.02,23.53,30.53,17.32,12.41,54.67,73.28,29.96,11.80
KHM,Cambodia,East Asia & Pacific,2015,Emerging,45.30,47.00,51.08,47.90,36.64,72.60,25.59,38.61,59.56,23.81,88.64,44.23,60.70,38.78,41.47,17.30,99.00,90.00,42.00,,7.67,12.87,56.22,36.57,41.67,,,69.17,69.17,49.96,49.96,34.22,13.40,92.48,100.00,73.45,44.23,81.00,40.41,54.02,23.53,34.20,11.20,18.68,58.64,73.28,33.89,17.30
KHM,Cambodia,East Asia & Pacific,2016,Emerging,49.13,52.87,56.40,49.02,39.86,81.00,31.88,38.61,60.97,35.70,88.64,47.27,60.12,39.68,44.13,22.80,99.00,90.00,63.00,,8.37,18.13,69.15,36.57,41.67,,,70.66,70.66,51.29,51.29,46.19,25.21,92.48,100.00,73.45,47.27,79.49,40.76,55.82,23.53,37.63,5.07,27.98,63.38,73.28,31.67,22.80
KHM,Cambodia,East Asia & Pacific,2017,Transitioner,51.93,57.51,56.69,50.81,43.91,86.43,37.37,39.94,62.65,34.77,88.64,50.32,59.54,42.57,47.81,28.30,99.00,90.00,76.58,,9.75,26.25,76.11,36.57,45.00,,,72.28,72.28,53.02,53.02,45.20,24.33,92.48,100.00,73.45,50.32,77.98,41.11,45.15,40.00,35.04,15.04,39.55,66.63,73.28,34.02,28.30
KHM,Cambodia,East Asia & Pacific,2018,Transitioner,54.32,63.25,59.45,52.41,44.18,94.20,43.95,39.94,64.90,39.40,88.64,53.15,58.96,45.12,51.20,16.10,99.00,93.00,93.00,,14.18,39.81,77.87,36.57,45.00,,,74.30,74.30,55.50,55.50,49.58,29.21,92.48,100.00,73.45,53.15,76.46,41.46,50.62,39.62,34.76,25.00,50.26,65.40,73.28,39.55,16.10
KHM,Cambodia,East Asia & Pacific,2019,Transitioner,54.52,64.02,52.79,55.40,47.20,94.20,45.87,39.94,46.51,41.14,88.64,56.05,58.26,51.88,54.59,17.61,99.00,93.00,93.00,,14.68,47.10,75.83,36.57,45.00,,,62.59,49.26,43.76,30.43,51.34,30.94,92.48,100.00,73.45,56.05,74.95,41.57,51.22,52.54,35.25,35.15,59.28,66.15,73.28,42.87,17.61
KHM,Cambodia,East Asia & Pacific,2020,Transitioner,55.43,65.53,53.25,52.81,51.22,94.20,51.32,36.61,44.90,43.90,88.64,59.70,57.56,41.16,59.25,19.12,99.00,93.00,93.00,,20.30,54.15,79.50,36.57,36.67,,,61.32,47.99,41.82,28.49,54.47,33.34,92.48,100.00,73.45,59.70,73.44,41.69,45.31,37.01,35.73,45.29,72.10,67.01,76.08,45.33,19.12
KHM,Cambodia,East Asia & Pacific,2021,Transitioner,54.62,59.09,54.08,53.71,51.85,86.86,46.23,29.29,45.90,44.98,88.64,62.77,56.86,41.49,60.04,19.12,99.00,96.20,96.20,0.00,15.53,37.38,85.77,36.57,36.67,0.00,0.00,62.04,48.71,43.09,29.76,55.25,34.72,92.48,100.00,73.45,62.77,71.93,41.80,39.39,43.59,38.06,43.55,74.72,67.31,76.35,43.95,19.12
KHM,Cambodia,East Asia & Pacific,2022,Transitioner,57.29,59.92,58.89,62.08,49.20,88.36,46.80,29.29,56.57,46.33,88.64,65.21,56.86,64.15,56.71,19.12,99.60,98.00,98.00,0.00,17.90,36.88,85.63,36.57,36.67,0.00,0.00,76.61,55.48,57.66,36.53,56.59,36.06,92.48,100.00,73.45,65.21,71.93,41.80,59.26,69.05,35.47,41.81,64.38,67.77,76.31,37.49,19.12
KHM,Cambodia,East Asia & Pacific,2023,Transitioner,58.54,63.18,60.06,61.83,50.07,88.36,54.95,29.29,57.97,47.84,88.64,67.79,56.86,60.84,57.81,19.12,99.60,98.00,98.00,0.00,27.51,49.47,87.88,36.57,36.67,0.00,0.00,78.02,56.90,59.05,37.92,58.12,37.57,92.48,100.00,73.45,67.79,71.93,41.80,51.31,70.37,37.18,41.81,66.21,68.08,78.12,37.09,19.12
KHM,Cambodia,East Asia & Pacific,2024,Transitioner,61.81,64.97,62.22,66.46,54.31,88.34,59.46,29.29,61.73,49.49,88.64,69.10,56.86,73.43,58.62,37.09,99.70,97.96,97.96,0.00,32.58,57.26,88.52,36.57,36.67,0.00,0.00,79.54,64.13,60.57,42.69,59.77,39.21,92.48,100.00,73.45,69.10,71.93,41.80,65.91,80.95,40.60,45.03,71.46,64.51,77.38,33.25,37.09
KOR,"Korea, South",East Asia & Pacific,2014,Advanced,74.32,66.21,69.59,88.34,74.96,100.00,43.63,43.80,55.05,73.77,90.29,85.08,88.07,91.86,76.05,70.60,100.00,100.00,100.00,,30.83,58.98,41.09,33.33,59.50,,,75.59,47.09,63.01,34.52,80.58,66.96,100.00,70.88,100.00,85.08,99.00,77.13,100.00,83.72,65.46,97.64,26.39,96.10,97.63,91.75,70.60
KOR,"Korea, South",East Asia & Pacific,2015,Leader,80.58,75.17,76.13,88.20,83.51,100.00,66.04,43.80,72.96,72.23,90.29,84.91,87.83,91.86,86.11,73.13,100.00,100.00,100.00,,43.28,76.74,78.09,33.33,59.50,,,93.49,65.00,80.92,52.43,79.04,65.42,100.00,70.88,100.00,84.91,99.00,76.66,100.00,83.72,65.69,95.92,75.07,97.48,97.63,93.42,73.13
KOR,"Korea, South",East Asia & Pacific,2016,Leader,82.25,79.34,75.74,89.26,85.31,100.00,74.44,47.80,72.83,71.38,90.29,88.25,87.67,91.86,87.72,75.67,100.00,100.00,100.00,,59.16,83.54,80.62,33.33,69.50,,,94.39,65.89,79.76,51.27,79.30,63.46,100.00,70.88,100.00,88.25,99.00,76.35,100.00,83.72,66.08,94.20,81.53,98.25,97.63,96.00,75.67
KOR,"Korea, South",East Asia & Pacific,2017,Leader,82.89,79.62,76.50,89.90,86.19,100.00,75.15,47.80,73.81,72.30,90.29,90.93,87.39,91.39,88.19,78.20,100.00,100.00,100.00,,61.52,81.63,82.31,33.33,69.50,,,95.37,66.88,80.75,52.25,80.22,64.37,100.00,70.88,100.00,90.93,99.00,75.78,96.56,86.21,66.11,96.06,83.43,98.75,97.63,94.00,78.20
KOR,"Korea, South",East Asia & Pacific,2018,Leader,84.59,80.53,79.78,90.68,87.90,100.00,77.42,47.80,74.74,79.55,90.29,92.11,87.17,92.74,88.05,87.30,100.00,100.00,100.00,,62.48,85.21,84.57,33.33,69.50,,,95.99,67.50,81.98,53.48,87.15,71.96,100.00,70.88,100.00,92.11,99.00,75.34,96.60,88.89,67.67,97.92,84.39,95.11,97.63,93.00,87.30
KOR,"Korea, South",East Asia & Pacific,2019,Leader,83.24,83.11,70.27,91.88,89.48,100.00,83.89,47.80,50.41,80.11,90.29,93.08,87.03,95.52,88.63,92.91,100.00,100.00,100.00,,82.72,82.85,86.09,33.33,69.50,,,61.05,53.29,47.53,39.77,87.44,72.79,100.00,70.88,100.00,93.08,99.00,75.06,93.27,97.78,66.61,98.96,86.31,95.21,97.63,95.75,92.91
KOR,"Korea, South",East Asia & Pacific,2020,Leader,85.82,87.64,72.89,93.22,91.10,100.00,95.21,47.80,58.19,78.87,90.29,93.76,87.01,98.89,89.25,98.52,100.00,100.00,100.00,,100.00,100.00,85.63,33.33,69.50,,,73.42,56.21,60.18,42.97,86.04,71.71,100.00,70.88,100.00,93.76,99.00,75.01,100.00,97.78,66.74,100.00,88.34,95.92,97.36,95.75,98.52
KOR,"Korea, South",East Asia & Pacific,2021,Leader,85.48,89.36,73.27,89.34,91.30,98.67,96.47,56.52,61.89,76.12,90.29,94.35,87.01,86.67,89.49,98.52,100.00,100.00,100.00,86.70,100.00,100.00,89.41,33.33,69.50,100.00,80.00,75.34,61.87,61.92,48.44,83.40,68.85,100.00,70.88,100.00,94.35,99.00,75.02,86.53,86.81,67.04,99.13,89.24,96.26,97.35,96.00,98.52
KOR,"Korea, South",East Asia & Pacific,2022,Leader,85.84,88.73,71.33,93.69,91.56,99.00,95.90,53.85,62.57,70.60,90.29,94.70,87.46,98.90,89.82,98.52,100.00,100.00,100.00,90.00,100.00,100.00,87.70,33.33,69.50,100.00,26.67,73.75,64.82,60.32,51.40,77.87,63.33,100.00,70.88,100.00,94.70,99.00,75.93,100.00,97.80,66.85,98.26,91.96,94.86,97.55,97.50,98.52
KOR,"Korea, South",East Asia & Pacific,2023,Leader,87.02,88.87,76.26,92.51,91.47,99.75,96.18,52.52,63.07,82.45,90.29,94.97,87.46,95.09,89.71,98.52,100.00,100.00,100.00,97.50,100.00,100.00,88.54,33.33,69.50,100.00,0.00,73.97,65.59,60.54,52.17,89.72,75.17,100.00,70.88,100.00,94.97,99.00,75.93,96.63,93.55,67.06,98.26,92.55,94.33,96.97,97.00,98.52
KOR,"Korea, South",East Asia & Pacific,2024,Leader,87.60,88.10,79.15,92.19,91.60,100.00,93.99,52.52,69.96,82.78,90.29,95.17,87.46,93.93,89.50,100.00,100.00,100.00,100.00,100.00,100.00,100.00,81.98,33.33,69.50,100.00,0.00,81.20,70.86,67.78,60.00,90.05,75.50,100.00,70.88,100.00,95.17,99.00,75.93,96.56,91.30,66.68,100.00,93.46,90.84,100.00,93.00,100.00
KWT,Kuwait,Middle East & North Africa,2014,Transitioner,58.53,55.51,66.05,77.29,41.40,100.00,21.68,34.22,73.59,41.54,100.00,62.24,76.43,93.20,50.27,5.90,100.00,100.00,100.00,,10.45,17.78,36.80,32.76,36.40,,,77.47,77.47,69.70,69.70,45.75,37.33,100.00,100.00,100.00,62.24,96.00,56.86,86.39,100.00,55.00,57.48,37.55,75.89,25.01,58.33,5.90
KWT,Kuwait,Middle East & North Africa,2015,Transitioner,60.17,64.53,59.43,77.11,44.33,100.00,30.97,60.69,65.18,33.39,100.00,61.70,76.44,93.20,53.56,7.40,100.00,100.00,100.00,,14.24,27.32,51.36,61.33,59.73,,,69.06,69.06,61.29,61.29,37.60,29.18,100.00,100.00,100.00,61.70,96.00,56.88,86.39,100.00,58.16,61.35,42.73,78.61,25.01,65.30,7.40
KWT,Kuwait,Middle East & North Africa,2016,Transitioner,64.65,68.52,64.28,81.88,48.43,100.00,40.95,60.69,75.22,35.47,100.00,71.03,79.61,95.00,58.32,8.90,100.00,100.00,100.00,,17.37,36.28,69.18,61.33,59.73,,,79.14,79.14,71.31,71.31,39.71,31.23,100.00,100.00,100.00,71.03,96.00,63.23,90.00,100.00,58.46,65.22,58.73,81.06,25.01,71.43,8.90
KWT,Kuwait,Middle East & North Africa,2017,Advanced,67.02,71.92,64.78,84.13,51.46,100.00,49.44,60.69,76.55,35.39,100.00,73.14,80.30,98.96,61.73,10.40,100.00,100.00,100.00,,21.12,47.46,79.75,61.33,59.73,,,80.45,80.45,72.66,72.66,39.61,31.17,100.00,100.00,100.00,73.14,96.00,64.60,100.00,97.92,58.37,72.19,73.44,83.35,25.01,64.75,10.40
KWT,Kuwait,Middle East & North Africa,2018,Advanced,74.39,74.10,78.95,86.02,60.85,100.00,54.91,60.69,78.27,69.11,100.00,77.06,81.00,100.00,61.06,60.00,100.00,100.00,100.00,,28.15,57.77,78.80,61.33,59.73,,,82.19,82.19,74.34,74.34,73.36,64.86,100.00,100.00,100.00,77.06,96.00,65.99,100.00,100.00,58.19,79.17,70.79,80.87,25.01,61.75,60.00
KWT,Kuwait,Middle East & North Africa,2019,Advanced,78.86,76.98,85.16,87.99,67.05,100.00,62.10,60.69,73.60,89.29,100.00,82.26,81.70,100.00,66.92,67.54,100.00,100.00,100.00,,35.91,68.82,81.57,61.33,59.73,,,82.40,72.58,74.62,64.80,93.50,85.08,100.00,100.00,100.00,82.26,96.00,67.40,100.00,100.00,58.42,81.65,95.05,81.35,25.01,67.94,67.54
KWT,Kuwait,Middle East & North Africa,2020,Advanced,78.83,80.23,81.36,85.23,69.42,100.00,70.24,60.69,64.78,88.63,100.00,84.11,82.42,89.16,68.01,75.07,100.00,100.00,100.00,,50.60,76.71,83.41,61.33,59.73,,,68.75,68.62,60.94,60.82,92.85,84.40,100.00,100.00,100.00,84.11,96.00,68.83,100.00,78.31,58.98,84.12,98.32,83.06,25.75,63.75,75.07
KWT,Kuwait,Middle East & North Africa,2021,Advanced,79.56,81.09,83.75,84.47,69.84,100.00,72.80,59.84,70.94,88.43,100.00,84.29,83.14,85.99,68.53,75.07,100.00,100.00,100.00,100.00,52.83,75.85,89.74,61.33,59.73,75.00,0.00,74.85,74.79,67.08,67.02,92.64,84.22,100.00,100.00,100.00,84.29,96.00,70.28,100.00,71.98,59.35,76.93,94.70,84.41,30.47,70.50,75.07
KWT,Kuwait,Middle East & North Africa,2022,Leader,82.33,91.09,83.04,89.27,68.03,100.00,97.81,59.84,72.56,85.03,100.00,84.68,83.14,100.00,66.27,75.07,100.00,100.00,100.00,100.00,100.00,100.00,93.42,61.33,59.73,75.00,0.00,76.50,76.50,68.62,68.62,89.30,80.75,100.00,100.00,100.00,84.68,96.00,70.28,100.00,100.00,59.02,69.73,83.69,82.91,33.11,75.50,75.07
KWT,Kuwait,Middle East & North Africa,2023,Leader,81.85,91.19,78.65,89.49,69.91,100.00,98.06,59.84,69.89,76.73,100.00,85.33,83.14,100.00,68.63,75.07,100.00,100.00,100.00,100.00,100.00,100.00,94.17,61.33,59.73,75.00,0.00,73.78,73.78,66.01,66.01,80.94,72.52,100.00,100.00,100.00,85.33,96.00,70.28,100.00,100.00,58.89,69.73,95.92,82.19,34.51,73.50,75.07
KWT,Kuwait,Middle East & North Africa,2024,Leader,80.67,92.72,76.79,88.25,67.41,100.00,98.14,67.34,66.34,75.65,100.00,85.90,83.14,95.70,69.08,60.73,100.00,100.00,100.00,100.00,100.00,100.00,94.43,61.33,84.73,75.00,0.00,72.83,71.21,65.06,56.25,79.86,71.43,100.00,100.00,100.00,85.90,96.00,70.28,100.00,91.40,58.28,63.66,90.36,78.66,48.42,75.71,60.73
LAO,Laos,East Asia & Pacific,2014,Emerging,35.00,26.37,38.89,54.39,26.91,35.03,11.69,38.43,50.07,22.73,48.85,38.29,60.71,64.18,32.16,5.90,94.00,40.58,0.00,,3.04,3.87,28.16,34.05,45.00,,,64.52,51.19,48.95,35.62,31.16,14.29,66.67,63.22,16.67,38.29,85.00,36.41,73.68,54.68,49.45,14.17,8.31,50.23,38.79,13.85,5.90
LAO,Laos,East Asia & Pacific,2015,Emerging,38.61,33.30,38.52,55.75,31.06,45.84,18.20,38.43,49.80,22.08,48.85,41.45,61.60,64.18,34.58,17.00,94.00,53.19,14.40,,4.06,5.25,45.29,34.05,45.00,,,64.25,50.92,48.68,35.35,30.52,13.65,66.67,63.22,16.67,41.45,85.00,38.21,73.68,54.68,50.68,21.22,12.14,51.12,38.79,19.13,17.00
LAO,Laos,East Asia & Pacific,2016,Emerging,44.23,41.15,44.71,57.66,36.08,58.63,25.02,38.43,53.18,34.17,48.85,46.74,62.06,64.18,38.07,28.10,94.00,69.72,29.86,,5.42,8.96,60.67,34.05,45.00,,,67.63,54.30,52.06,38.73,42.61,25.74,66.67,63.22,16.67,46.74,85.00,39.13,73.68,54.68,50.80,28.26,21.60,55.98,38.79,18.14,28.10
LAO,Laos,East Asia & Pacific,2017,Emerging,48.98,50.52,46.41,61.38,40.00,71.07,36.00,38.43,59.04,32.56,48.85,49.79,61.80,72.56,40.20,39.20,94.00,77.32,53.36,,10.43,21.47,76.11,34.05,45.00,,,73.49,60.16,57.92,44.59,41.00,24.13,66.67,63.22,16.67,49.79,85.00,38.60,73.68,71.43,50.72,22.47,31.20,58.13,38.79,21.91,39.20
LAO,Laos,East Asia & Pacific,2018,Transitioner,51.11,55.17,48.22,69.20,37.07,80.69,38.02,38.43,66.96,29.17,48.85,52.63,61.30,93.67,41.47,19.50,94.00,83.69,71.04,,13.53,25.20,75.34,34.05,45.00,,,74.75,74.75,59.18,59.18,37.60,20.73,66.67,63.22,16.67,52.63,85.00,37.61,87.34,100.00,50.91,16.67,36.32,59.36,38.79,27.25,19.50
LAO,Laos,East Asia & Pacific,2019,Emerging,47.15,60.08,31.77,66.21,39.13,87.60,42.71,39.76,28.62,26.39,48.85,55.55,60.20,82.86,43.93,19.92,94.00,90.00,82.00,,17.97,32.36,77.80,34.05,48.33,,,49.13,23.68,33.55,8.11,34.82,17.95,66.67,63.22,16.67,55.55,85.00,35.40,87.95,77.78,52.21,18.04,42.51,60.62,38.79,33.00,19.92
LAO,Laos,East Asia & Pacific,2020,Transitioner,50.45,60.91,39.38,66.69,40.51,91.00,41.40,39.76,30.45,43.57,48.85,59.22,59.76,81.07,45.55,20.34,95.00,90.00,90.00,,16.87,27.38,79.95,34.05,48.33,,,45.04,31.43,29.47,15.86,52.01,35.14,66.67,63.22,16.67,59.22,85.00,34.53,100.00,62.15,52.24,19.41,48.59,62.95,38.26,32.01,20.34
LAO,Laos,East Asia & Pacific,2021,Transitioner,52.70,57.72,43.86,72.97,41.76,87.93,40.60,31.52,40.48,44.74,48.85,62.31,58.66,97.94,47.12,20.34,96.80,96.80,96.80,8.05,16.75,23.04,82.01,34.05,48.33,0.00,0.00,50.41,46.12,34.84,30.55,53.17,36.31,66.67,63.22,16.67,62.31,85.00,32.33,95.88,100.00,52.09,24.73,50.57,64.77,39.93,31.75,20.34
LAO,Laos,East Asia & Pacific,2022,Transitioner,54.66,61.27,47.10,74.48,41.52,89.38,48.03,31.52,45.49,47.84,48.85,64.79,58.66,100.00,46.82,20.34,98.00,98.00,98.00,11.79,28.16,31.97,83.96,34.05,48.33,0.00,0.00,53.28,53.28,37.71,37.71,56.28,39.41,66.67,63.22,16.67,64.79,85.00,32.33,100.00,100.00,51.96,30.05,44.19,65.38,45.03,25.00,20.34
LAO,Laos,East Asia & Pacific,2023,Transitioner,54.34,60.42,49.88,68.49,42.22,89.93,45.36,31.52,48.83,51.46,48.85,67.38,58.66,79.43,47.69,20.34,98.00,98.00,98.00,17.26,20.24,32.83,83.01,34.05,48.33,0.00,0.00,56.61,56.61,41.04,41.04,59.89,43.02,66.67,63.22,16.67,67.38,85.00,32.33,80.39,78.46,53.30,30.05,47.58,66.21,44.36,24.00,20.34
LAO,Laos,East Asia & Pacific,2024,Transitioner,57.29,63.31,49.64,75.12,45.62,90.85,51.67,31.52,47.27,52.39,48.85,68.62,58.66,98.06,48.59,33.74,97.96,97.96,97.96,26.88,29.34,42.51,83.17,34.05,48.33,0.00,0.00,60.68,49.72,45.11,33.59,60.83,43.96,66.67,63.22,16.67,68.62,85.00,32.33,96.12,100.00,53.61,32.65,53.37,64.27,45.89,19.00,33.74
LBN,Lebanon,Middle East & North Africa,2014,Transitioner,51.18,46.96,53.84,70.32,38.58,78.50,19.85,38.10,45.29,39.32,100.00,58.55,68.69,83.73,46.03,8.80,99.00,93.00,53.76,,7.90,5.83,45.83,52.38,16.67,,,54.94,54.94,35.63,35.63,49.78,28.86,100.00,100.00,100.00,58.55,93.00,44.38,78.95,88.51,52.65,35.43,30.62,77.75,15.10,72.59,8.80
LBN,Lebanon,Middle East & North Africa,2015,Transitioner,53.39,51.87,54.00,68.48,42.35,87.44,23.19,38.10,45.41,39.59,100.00,52.84,68.88,83.73,50.04,11.60,99.00,96.40,72.71,,9.79,8.77,51.01,52.38,16.67,,,55.28,55.28,35.53,35.53,50.29,28.89,100.00,100.00,100.00,52.84,93.00,44.77,78.95,88.51,54.91,43.44,36.34,80.52,15.10,83.24,11.60
LBN,Lebanon,Middle East & North Africa,2016,Transitioner,57.30,58.13,56.41,71.02,46.30,95.09,31.18,38.10,46.43,44.59,100.00,63.92,69.08,80.07,54.27,14.40,99.00,99.00,89.22,,12.10,15.81,65.63,52.38,16.67,,,56.17,56.17,36.68,36.68,55.15,34.03,100.00,100.00,100.00,63.92,93.00,45.16,71.63,88.51,55.77,51.45,50.13,82.68,15.10,83.92,14.40
LBN,Lebanon,Middle East & North Africa,2017,Transitioner,59.71,62.51,56.02,75.03,48.39,97.46,39.78,38.10,46.65,43.41,100.00,66.35,69.27,89.46,56.19,17.20,99.29,99.00,95.00,,16.10,24.77,78.47,52.38,16.67,,,57.33,57.33,35.97,35.97,54.98,31.84,100.00,100.00,100.00,66.35,93.00,45.55,85.82,93.10,56.18,49.33,59.70,84.92,15.10,80.71,17.20
LBN,Lebanon,Middle East & North Africa,2018,Transitioner,61.76,65.57,58.25,77.89,48.92,97.46,47.42,38.10,48.88,46.74,100.00,68.86,69.47,95.33,56.50,18.60,99.30,99.00,95.00,,27.23,35.19,79.83,52.38,16.67,,,58.50,58.50,39.25,39.25,57.17,36.31,100.00,100.00,100.00,68.86,93.00,45.94,92.91,97.75,56.50,47.22,64.78,83.01,15.10,78.95,18.60
LBN,Lebanon,Middle East & North Africa,2019,Transitioner,61.93,68.45,54.31,77.02,51.38,97.50,54.57,38.10,39.81,45.98,100.00,71.11,69.34,90.61,58.10,24.52,99.50,99.00,95.00,,34.88,45.84,82.99,52.38,16.67,,,57.61,41.60,38.02,22.00,56.59,35.36,100.00,100.00,100.00,71.11,93.00,45.68,85.82,95.40,57.14,44.49,71.34,83.51,15.10,82.33,24.52
LBN,Lebanon,Middle East & North Africa,2020,Transitioner,59.30,70.44,44.99,72.30,53.98,97.52,59.54,38.10,23.00,39.49,100.00,72.21,69.22,75.46,59.86,30.44,99.61,99.00,95.00,,41.19,50.40,87.02,52.38,16.67,,,34.11,31.41,14.59,11.89,50.06,28.91,100.00,100.00,100.00,72.21,93.00,45.43,89.39,61.54,57.53,41.76,77.18,84.34,18.40,81.94,30.44
LBN,Lebanon,Middle East & North Africa,2021,Transitioner,60.15,61.04,51.89,73.40,56.31,87.56,49.45,31.19,25.16,54.56,100.00,73.86,69.09,77.25,62.78,30.44,99.61,99.00,95.00,0.00,23.32,38.05,86.97,52.38,16.67,0.00,0.00,38.68,30.87,19.45,11.64,64.98,44.14,100.00,100.00,100.00,73.86,93.00,45.18,92.96,61.54,58.06,42.17,90.86,84.28,19.83,79.57,30.44
LBN,Lebanon,Middle East & North Africa,2022,Transitioner,59.74,61.23,45.79,80.31,56.56,87.56,49.92,31.19,19.50,44.97,100.00,74.66,69.09,97.19,63.09,30.44,99.61,99.00,95.00,0.00,21.59,41.41,86.77,52.38,16.67,0.00,0.00,33.13,27.32,11.68,5.87,56.59,33.36,100.00,100.00,100.00,74.66,93.00,45.18,96.53,97.85,57.74,42.57,88.21,82.99,23.99,82.51,30.44
LBN,Lebanon,Middle East & North Africa,2023,Transitioner,60.68,65.43,48.52,76.37,55.92,87.56,60.43,31.19,29.80,41.49,100.00,75.19,69.09,84.82,62.29,30.44,99.61,99.00,95.00,0.00,35.06,57.24,88.98,52.38,16.67,0.00,0.00,43.50,35.15,24.45,16.10,51.81,31.17,100.00,100.00,100.00,75.19,93.00,45.18,78.72,90.91,57.74,42.57,85.50,82.46,23.74,81.41,30.44
LBN,Lebanon,Middle East & North Africa,2024,Transitioner,62.65,67.22,53.39,77.92,55.10,87.56,64.90,31.19,38.21,45.26,100.00,76.17,69.09,88.51,60.78,32.38,99.61,99.00,95.00,0.00,42.61,62.04,90.07,52.38,16.67,0.00,0.00,52.91,44.16,33.86,21.91,55.58,34.94,100.00,100.00,100.00,76.17,93.00,45.18,85.82,91.21,57.64,44.89,77.85,79.56,27.57,77.65,32.38
LBR,Liberia,Sub-Saharan Africa,2014,Discoverer,15.57,17.10,5.35,37.52,17.11,26.78,2.81,26.35,0.00,0.00,26.74,28.34,39.50,44.73,16.23,20.60,60.00,36.95,0.00,,3.59,4.83,0.00,24.38,29.31,,,0.00,0.00,0.00,0.00,0.00,0.00,56.50,23.71,0.00,28.34,48.30,30.71,48.28,41.18,17.43,7.87,3.99,16.80,10.01,58.00,20.60
LBR,Liberia,Sub-Saharan Africa,2015,Discoverer,17.09,19.64,5.35,38.21,21.23,32.97,2.95,26.35,0.00,0.00,26.74,30.14,39.76,44.73,21.87,18.70,68.00,48.43,0.00,,4.39,4.47,0.00,24.38,29.31,,,0.00,0.00,0.00,0.00,0.00,0.00,56.50,23.72,0.00,30.14,48.30,31.21,48.28,41.18,28.67,15.89,4.72,28.99,10.01,58.00,18.70
LBR,Liberia,Sub-Saharan Africa,2016,Discoverer,20.86,30.52,6.02,45.29,22.76,40.33,22.79,26.35,0.00,0.00,30.11,31.68,40.01,64.18,24.25,16.80,76.00,48.43,14.40,,8.07,8.28,52.01,24.38,29.31,,,0.00,0.00,0.00,0.00,0.00,0.00,66.67,23.68,0.00,31.68,48.30,31.72,87.18,41.18,28.49,23.91,7.79,34.00,10.01,58.00,16.80
LBR,Liberia,Sub-Saharan Africa,2017,Discoverer,24.37,37.51,12.14,33.42,23.19,46.72,33.89,26.35,4.54,0.00,51.60,32.75,40.26,27.26,25.27,14.90,76.00,48.94,29.86,,11.84,22.25,67.58,24.38,29.31,,,9.09,9.09,0.00,0.00,0.00,0.00,84.78,13.49,56.52,32.75,48.30,32.22,32.29,22.22,25.76,28.97,9.91,37.17,10.01,58.00,14.90
LBR,Liberia,Sub-Saharan Africa,2018,Discoverer,27.06,43.98,11.98,43.10,23.62,56.78,39.99,26.35,4.14,0.00,51.60,33.56,40.52,55.23,24.38,20.60,76.00,55.00,48.94,,15.34,31.69,72.95,24.38,29.31,,,8.28,8.28,0.00,0.00,0.00,0.00,84.78,13.51,56.52,33.56,48.30,32.73,60.45,50.00,25.66,34.03,10.94,29.26,10.01,58.00,20.60
LBR,Liberia,Sub-Saharan Africa,2019,Discoverer,25.70,48.08,10.99,36.67,22.51,62.40,44.63,26.35,1.68,0.00,51.60,34.29,40.77,34.96,24.35,15.16,76.00,61.00,57.00,,19.47,36.72,77.70,24.38,29.31,,,6.70,0.00,0.00,0.00,0.00,0.00,84.78,13.50,56.52,34.29,48.30,33.24,34.43,35.48,25.81,29.37,10.44,31.81,10.01,58.00,15.16
LBR,Liberia,Sub-Saharan Africa,2020,Discoverer,29.93,48.41,18.82,40.20,21.91,63.80,44.05,26.35,5.10,16.25,51.39,34.99,41.02,44.60,24.95,9.72,83.00,61.00,57.00,,21.41,38.61,72.13,24.38,29.31,,,17.46,0.00,2.94,0.00,24.11,8.38,84.78,12.86,56.52,34.99,48.30,33.74,40.63,48.56,26.07,24.71,12.96,33.74,10.64,58.00,9.72
LBR,Liberia,Sub-Saharan Africa,2021,Discoverer,31.56,44.36,23.07,42.62,22.74,57.62,42.78,20.98,6.26,25.77,51.28,35.80,41.27,50.78,25.99,9.72,89.00,64.80,57.00,0.00,12.64,28.77,86.93,24.38,29.31,0.00,0.00,19.78,0.00,5.26,0.00,33.63,17.91,84.78,12.55,56.52,35.80,48.30,34.25,46.84,54.73,26.00,29.44,14.17,35.28,10.78,58.00,9.72
LBR,Liberia,Sub-Saharan Africa,2022,Discoverer,32.23,46.72,26.19,38.02,23.19,66.20,40.10,20.98,11.97,27.87,51.28,36.73,41.27,36.05,26.56,9.72,90.00,76.00,67.00,0.00,10.07,27.61,82.62,24.38,29.31,0.00,0.00,27.84,6.71,13.32,0.00,35.73,20.00,84.78,12.55,56.52,36.73,48.30,34.25,53.05,19.05,26.15,34.17,11.98,37.21,11.37,58.00,9.72
LBR,Liberia,Sub-Saharan Africa,2023,Emerging,35.10,51.43,29.53,41.13,24.30,75.50,42.58,20.98,13.06,35.17,51.17,37.78,41.27,44.33,27.95,9.72,95.00,85.00,80.00,0.00,15.20,34.03,78.52,24.38,29.31,0.00,0.00,29.30,8.17,14.78,0.00,43.03,27.30,84.78,12.21,56.52,37.78,48.30,34.25,43.66,45.00,25.87,34.17,15.59,39.50,12.68,58.00,9.72
LBR,Liberia,Sub-Saharan Africa,2024,Emerging,37.84,55.78,29.86,47.92,25.70,77.70,51.27,20.98,12.45,36.61,51.17,39.48,41.27,63.01,26.78,21.34,97.00,88.00,82.00,0.00,26.09,48.57,79.14,24.38,29.31,0.00,0.00,26.35,11.63,11.83,0.00,44.48,28.75,84.78,12.21,56.52,39.48,48.30,34.25,71.01,55.00,24.79,26.34,16.80,35.79,14.37,58.00,21.34
LBY,Libya,Middle East & North Africa,2014,Emerging,41.81,19.51,71.21,69.39,31.67,30.00,0.98,35.62,66.82,61.21,100.00,54.04,77.32,76.81,32.24,29.40,50.00,50.00,0.00,,2.93,,0.00,23.81,53.33,,,81.23,64.38,69.26,52.40,68.96,53.47,100.00,100.00,100.00,54.04,91.00,63.65,100.00,53.62,45.05,1.57,29.29,45.36,6.60,68.25,29.40
LBY,Libya,Middle East & North Africa,2015,Emerging,42.82,20.18,73.58,69.24,32.71,30.00,2.65,35.62,64.87,69.07,100.00,53.96,76.95,76.81,34.12,27.07,50.00,50.00,0.00,,2.93,5.02,0.00,23.81,53.33,,,79.46,62.60,67.15,50.29,76.89,61.26,100.00,100.00,100.00,53.96,91.00,62.91,100.00,53.62,47.30,6.22,33.67,45.79,6.60,68.25,27.07
LBY,Libya,Middle East & North Africa,2016,Emerging,47.17,28.02,70.28,71.62,35.09,30.00,16.53,47.05,65.35,60.35,100.00,61.47,76.58,76.81,37.69,24.73,50.00,50.00,0.00,,3.16,4.47,41.97,42.86,53.33,,,79.87,63.01,67.68,50.83,68.14,52.57,100.00,100.00,100.00,61.47,91.00,62.17,100.00,53.62,47.61,10.87,44.23,50.43,6.60,68.25,24.73
LBY,Libya,Middle East & North Africa,2017,Transitioner,56.96,47.12,77.59,77.54,37.13,62.72,28.71,52.76,70.94,73.02,100.00,63.71,76.21,92.68,40.82,22.40,78.08,78.08,39.68,,8.12,8.39,69.61,52.38,53.33,,,85.44,68.58,73.30,56.45,80.66,65.38,100.00,100.00,100.00,63.71,91.00,61.43,100.00,85.37,47.95,10.30,54.45,55.82,6.60,68.25,22.40
LBY,Libya,Middle East & North Africa,2018,Transitioner,58.93,50.66,77.11,79.25,38.95,72.05,28.23,52.76,71.59,71.19,100.00,65.28,75.84,96.63,43.53,20.60,78.08,78.08,63.00,,8.24,9.57,66.87,52.38,53.33,,,86.16,69.30,73.88,57.03,78.88,63.50,100.00,100.00,100.00,65.28,91.00,60.69,100.00,93.26,48.47,9.72,65.92,57.70,6.60,68.25,20.60
LBY,Libya,Middle East & North Africa,2019,Transitioner,57.80,52.71,63.88,78.79,42.06,77.63,27.75,52.76,48.07,61.62,100.00,66.53,75.47,94.38,46.41,24.69,78.00,78.08,77.00,,9.04,12.43,61.79,52.38,53.33,,,58.57,49.82,46.32,37.57,69.96,53.28,100.00,100.00,100.00,66.53,91.00,59.94,100.00,88.76,48.75,6.92,76.48,62.61,6.60,68.25,24.69
LBY,Libya,Middle East & North Africa,2020,Transitioner,55.95,54.18,57.74,69.02,45.40,78.03,31.03,52.76,40.37,53.97,100.00,67.73,75.10,64.22,49.55,28.78,78.00,78.08,78.00,,10.62,17.84,64.63,52.38,53.33,,,50.87,42.29,38.44,29.86,62.51,45.44,100.00,100.00,100.00,67.73,91.00,59.20,100.00,28.44,49.13,4.12,89.00,66.76,6.68,68.25,28.78
LBY,Libya,Middle East & North Africa,2021,Transitioner,58.67,50.57,70.63,69.37,47.81,70.23,35.09,42.19,59.80,66.77,100.00,69.17,74.73,64.22,52.57,28.78,78.00,78.08,78.00,0.00,9.34,18.33,77.61,52.38,53.33,0.00,0.00,72.98,58.88,60.72,46.62,74.71,58.82,100.00,100.00,100.00,69.17,91.00,58.46,100.00,28.44,49.04,7.01,94.01,70.80,7.55,75.88,28.78
LBY,Libya,Middle East & North Africa,2022,Transitioner,60.10,51.99,66.73,80.25,46.85,70.23,38.64,42.19,63.59,53.23,100.00,70.40,74.73,95.60,51.37,28.78,78.00,78.08,78.00,0.00,10.33,22.53,83.08,52.38,53.33,0.00,0.00,76.75,62.65,64.53,50.43,61.02,45.44,100.00,100.00,100.00,70.40,91.00,58.46,100.00,91.21,49.18,9.90,82.48,71.86,10.19,76.38,28.78
LBY,Libya,Middle East & North Africa,2023,Transitioner,62.73,58.35,67.82,82.12,47.66,82.44,42.35,42.19,64.40,55.15,100.00,71.63,74.73,100.00,52.38,28.78,98.00,98.00,83.59,0.00,15.42,29.53,82.08,52.38,53.33,0.00,0.00,77.60,63.49,65.31,51.20,62.91,47.38,100.00,100.00,100.00,71.63,91.00,58.46,100.00,100.00,49.51,9.90,85.18,73.15,11.39,75.38,28.78
LBY,Libya,Middle East & North Africa,2024,Advanced,66.38,59.55,69.44,82.07,57.20,82.45,45.33,42.19,67.24,56.36,100.00,72.65,74.73,98.82,54.48,68.09,98.00,97.95,83.67,0.00,18.05,32.99,84.95,52.38,53.33,0.00,0.00,80.93,63.94,68.64,55.46,63.50,49.23,100.00,100.00,100.00,72.65,91.00,58.46,100.00,97.65,49.07,8.08,91.41,72.50,19.26,72.25,68.09
LCA,Saint Lucia,Latin America & Caribbean,2014,Emerging,45.05,22.31,63.93,73.49,39.30,32.20,18.44,10.25,46.53,71.88,82.83,48.76,71.71,100.00,46.18,11.80,81.00,40.00,0.00,,6.40,7.60,41.32,12.19,7.33,,,60.91,49.89,44.16,31.17,82.03,61.74,94.44,54.04,100.00,48.76,95.00,48.43,100.00,100.00,55.33,24.41,37.67,58.32,17.37,100.00,11.80
LCA,Saint Lucia,Latin America & Caribbean,2015,Emerging,46.05,22.96,65.28,73.95,40.55,44.11,8.18,10.25,47.49,74.29,82.83,48.71,73.15,100.00,48.29,9.63,81.00,69.78,0.00,,7.40,6.07,11.05,12.19,7.33,,,63.87,50.44,43.95,31.70,84.44,64.14,94.44,54.04,100.00,48.71,95.00,51.30,100.00,100.00,57.55,25.97,39.77,63.75,17.37,100.00,9.63
LCA,Saint Lucia,Latin America & Caribbean,2016,Emerging,48.93,26.71,64.52,77.43,42.95,47.31,14.33,10.25,46.64,73.24,82.83,56.37,75.92,100.00,51.83,7.47,81.00,77.78,0.00,,9.56,8.96,24.47,12.19,7.33,,,60.77,50.99,42.56,32.23,83.41,63.08,94.44,54.04,100.00,56.37,95.00,56.85,100.00,100.00,57.90,27.54,49.78,70.31,17.37,100.00,7.47
LCA,Saint Lucia,Latin America & Caribbean,2017,Transitioner,52.72,33.78,67.43,78.80,43.04,56.54,22.79,10.25,53.47,73.69,82.83,58.81,77.60,100.00,52.47,5.30,90.00,84.35,12.00,,9.87,17.32,41.18,12.19,7.33,,,67.09,57.20,51.08,38.50,83.82,63.57,94.44,54.04,100.00,58.81,95.00,60.20,100.00,100.00,58.05,28.00,51.82,71.13,17.37,100.00,5.30
LCA,Saint Lucia,Latin America & Caribbean,2018,Transitioner,56.74,41.70,70.40,79.03,44.68,70.12,29.00,10.25,60.47,74.11,82.83,60.80,76.29,100.00,53.44,9.60,98.00,91.31,35.00,,17.50,27.45,42.04,12.19,7.33,,,75.25,64.46,56.43,45.73,84.26,63.97,94.44,54.04,100.00,60.80,95.00,57.58,100.00,100.00,62.34,28.47,52.18,71.09,17.37,100.00,9.60
LCA,Saint Lucia,Latin America & Caribbean,2019,Transitioner,58.55,51.31,61.79,79.43,46.67,82.09,41.07,10.25,38.49,74.58,82.83,62.35,75.94,100.00,55.76,10.28,98.00,95.00,61.22,,31.30,41.54,50.38,12.19,7.33,,,47.87,47.87,29.10,29.10,84.75,64.41,94.44,54.04,100.00,62.35,95.00,56.89,100.00,100.00,62.34,33.36,54.91,77.52,17.37,100.00,10.28
LCA,Saint Lucia,Latin America & Caribbean,2020,Transitioner,58.33,57.00,54.30,78.76,47.48,87.36,50.02,10.25,26.51,67.82,82.83,63.91,72.36,100.00,56.62,10.96,98.00,95.00,74.41,,44.82,54.43,50.82,12.19,7.33,,,35.86,35.86,17.15,17.15,77.95,57.68,94.44,54.04,100.00,63.91,95.00,49.72,100.00,100.00,62.19,38.24,60.07,72.30,19.39,100.00,10.96
LCA,Saint Lucia,Latin America & Caribbean,2021,Transitioner,59.76,56.67,57.83,79.48,48.96,83.80,53.72,8.30,30.66,72.50,82.83,66.15,72.29,100.00,58.46,10.96,98.00,95.00,90.00,0.00,35.67,51.95,73.55,12.19,7.33,0.00,0.00,40.06,40.06,21.27,21.27,82.67,62.32,94.44,54.04,100.00,66.15,95.00,49.58,100.00,100.00,63.72,39.16,66.87,72.04,20.10,100.00,10.96
LCA,Saint Lucia,Latin America & Caribbean,2022,Transitioner,60.63,60.36,55.64,80.04,50.26,86.80,59.96,8.30,35.01,62.67,82.83,67.80,72.33,100.00,60.09,10.96,100.00,97.00,95.00,0.00,36.03,55.33,88.53,12.19,7.33,0.00,0.00,44.39,44.39,25.64,25.64,72.83,52.51,94.44,54.04,100.00,67.80,95.00,49.65,100.00,100.00,71.47,40.07,59.23,72.95,26.75,100.00,10.96
LCA,Saint Lucia,Latin America & Caribbean,2023,Transitioner,60.24,60.64,54.80,80.61,49.15,86.80,60.66,8.30,32.19,63.40,82.83,69.46,72.36,100.00,58.70,10.96,100.00,97.00,95.00,0.00,39.21,55.53,87.25,12.19,7.33,0.00,0.00,41.54,41.54,22.83,22.83,73.53,53.27,94.44,54.04,100.00,69.46,95.00,49.73,100.00,100.00,67.68,40.07,49.89,72.71,33.19,100.00,10.96
LCA,Saint Lucia,Latin America & Caribbean,2024,Transitioner,60.83,60.40,55.11,81.14,50.68,86.80,60.05,8.30,32.31,64.06,82.83,71.05,72.36,100.00,56.80,26.18,100.00,97.00,95.00,0.00,36.67,57.16,86.32,12.19,7.33,0.00,0.00,41.66,41.66,22.97,22.97,74.18,53.94,94.44,54.04,100.00,71.05,95.00,49.73,100.00,100.00,68.36,32.29,50.14,67.74,31.63,100.00,26.18
LKA,Sri Lanka,South Asia,2014,Emerging,45.44,33.95,56.27,49.22,45.35,60.44,5.45,38.00,76.95,31.01,65.42,44.02,73.36,30.26,46.39,41.20,98.00,79.13,22.97,,7.85,8.49,0.00,33.33,45.00,,,94.85,74.50,79.39,59.04,39.38,22.63,96.27,100.00,0.00,44.02,92.00,54.73,60.53,0.00,35.72,65.35,9.39,60.79,79.20,28.31,41.20
LKA,Sri Lanka,South Asia,2015,Emerging,49.18,42.47,58.78,49.94,46.94,71.83,15.34,38.00,87.40,29.38,60.35,46.31,73.23,30.26,48.32,41.43,99.00,85.99,44.09,,8.18,10.34,27.52,33.33,45.00,,,100.00,86.72,91.61,71.26,37.76,21.01,96.27,84.78,0.00,46.31,92.00,54.47,60.53,0.00,35.93,65.29,13.10,64.21,79.20,32.99,41.43
LKA,Sri Lanka,South Asia,2016,Transitioner,52.02,51.91,56.73,51.50,48.27,84.58,26.21,38.00,86.29,40.21,30.62,51.01,73.11,30.39,49.92,41.67,98.96,93.26,68.70,,10.13,14.69,53.81,33.33,45.00,,,100.00,85.25,90.13,69.78,48.59,31.84,56.37,33.36,2.14,51.01,92.00,54.21,60.78,0.00,36.10,65.22,19.57,66.03,79.20,32.22,41.67
LKA,Sri Lanka,South Asia,2017,Transitioner,56.93,57.86,65.00,56.02,49.86,91.52,34.13,38.00,89.20,38.69,69.21,53.27,72.98,41.81,51.85,41.90,99.00,95.00,84.31,,10.50,16.81,75.08,33.33,45.00,,,100.00,89.13,94.01,73.66,47.07,30.31,92.32,33.36,81.95,53.27,92.00,53.95,61.04,22.58,36.08,65.94,25.53,68.50,79.20,33.95,41.90
LKA,Sri Lanka,South Asia,2018,Transitioner,58.07,60.57,68.06,52.88,52.18,94.20,38.22,38.00,87.14,53.04,59.93,55.32,73.24,30.09,53.57,46.60,99.00,95.00,91.00,,14.59,23.81,76.26,33.33,45.00,,,100.00,82.95,97.48,68.12,61.08,45.01,77.20,20.03,82.56,55.32,92.00,54.47,35.74,24.44,41.13,66.67,26.37,67.64,79.20,40.34,46.60
LKA,Sri Lanka,South Asia,2019,Transitioner,59.80,61.69,57.12,66.43,54.64,95.00,40.24,38.00,68.56,44.27,59.93,57.08,73.87,68.33,55.15,52.63,99.00,95.00,93.00,,16.86,24.74,79.11,33.33,45.00,,,87.27,64.68,72.44,49.85,52.30,36.24,77.20,20.03,82.56,57.08,92.00,55.74,66.67,70.00,41.48,69.22,29.05,70.05,79.20,42.70,52.63
LKA,Sri Lanka,South Asia,2020,Transitioner,59.58,61.23,63.99,55.26,58.21,95.40,38.67,38.00,72.21,50.43,74.67,59.18,73.97,32.64,58.10,58.65,99.00,95.00,94.00,,14.18,21.15,80.67,33.33,45.00,,,90.29,68.95,75.46,54.12,58.47,42.40,100.00,44.01,80.00,59.18,92.00,55.94,65.28,0.00,42.89,71.76,35.86,72.81,80.80,44.57,58.65
LKA,Sri Lanka,South Asia,2021,Transitioner,56.96,54.92,55.43,59.20,58.40,85.90,36.32,30.17,77.39,39.53,43.31,62.03,74.08,41.50,58.34,58.65,99.00,95.00,95.00,0.00,8.92,17.02,83.02,33.33,45.00,0.00,0.00,92.34,77.27,77.51,62.44,47.56,31.50,66.67,29.94,33.33,62.03,92.00,56.15,82.99,0.00,43.49,64.10,37.16,73.40,81.20,48.80,58.65
LKA,Sri Lanka,South Asia,2022,Transitioner,60.76,58.26,61.20,67.91,56.31,86.30,44.26,30.17,77.93,53.41,43.31,64.10,74.08,65.54,55.73,58.65,99.00,96.00,95.00,0.00,13.69,31.69,87.40,33.33,45.00,0.00,0.00,92.42,78.27,77.59,63.44,61.45,45.38,66.67,29.94,33.33,64.10,92.00,56.15,70.37,60.71,43.88,56.44,32.93,72.94,80.49,40.37,58.65
LKA,Sri Lanka,South Asia,2023,Transitioner,58.58,60.76,52.04,65.81,56.59,86.80,50.03,30.17,84.03,24.42,43.31,66.05,74.58,56.81,56.07,58.65,99.00,96.00,96.00,1.00,20.58,39.96,89.55,33.33,45.00,0.00,0.00,100.00,78.03,94.91,63.20,32.45,16.38,66.67,29.94,33.33,66.05,93.00,56.15,69.35,44.26,43.50,56.44,34.01,71.37,82.63,41.26,58.65
LKA,Sri Lanka,South Asia,2024,Transitioner,62.14,62.95,49.75,77.66,61.29,87.85,52.93,33.17,75.05,27.68,43.31,67.45,74.58,90.96,54.86,87.01,99.50,97.00,97.00,3.00,25.03,43.29,90.47,33.33,55.00,0.00,0.00,90.67,72.18,75.85,61.50,35.71,19.64,66.67,29.94,33.33,67.45,93.00,56.15,96.21,85.71,43.49,54.94,37.12,65.20,84.76,32.53,87.01
LSO,Lesotho,Sub-Saharan Africa,2014,Emerging,39.41,40.56,38.12,62.53,24.94,54.88,19.13,54.80,12.59,34.60,96.20,28.90,58.69,100.00,31.18,0.00,88.14,88.14,5.00,,6.91,8.46,42.00,61.33,45.00,,,27.88,15.49,7.00,0.00,45.92,23.29,100.00,88.60,100.00,28.90,76.60,40.78,100.00,100.00,17.01,15.75,9.49,50.77,57.18,27.13,0.00
LSO,Lesotho,Sub-Saharan Africa,2015,Emerging,41.55,46.41,37.55,64.92,26.36,63.14,25.48,54.80,15.54,30.23,96.20,31.17,63.59,100.00,32.16,3.13,92.66,95.53,16.00,,12.09,14.69,49.65,61.33,45.00,,,31.82,19.43,10.93,0.00,41.55,18.91,100.00,88.60,100.00,31.17,86.80,40.39,100.00,100.00,25.17,14.76,8.45,52.90,57.18,19.48,3.13
LSO,Lesotho,Sub-Saharan Africa,2016,Emerging,47.37,55.33,45.50,68.49,29.21,75.92,35.01,54.80,28.69,36.97,96.20,37.31,68.16,100.00,34.94,6.27,97.00,96.30,45.00,,15.45,24.19,65.40,61.33,45.00,,,45.33,32.93,24.44,12.05,48.29,25.66,100.00,88.60,100.00,37.31,97.00,39.32,100.00,100.00,25.41,13.77,12.98,51.65,57.18,41.22,6.27
LSO,Lesotho,Sub-Saharan Africa,2017,Emerging,49.27,62.49,45.83,68.22,30.15,86.32,42.52,54.80,28.49,37.97,96.20,38.99,65.68,100.00,35.34,9.40,97.60,98.00,69.00,,19.36,28.55,79.64,61.33,45.00,,,45.13,32.74,24.24,11.85,49.29,26.66,100.00,88.60,100.00,38.99,91.62,39.75,100.00,100.00,31.61,12.44,14.19,50.62,57.18,33.81,9.40
LSO,Lesotho,Sub-Saharan Africa,2018,Emerging,48.67,63.34,45.16,65.41,30.00,88.53,42.43,54.80,29.39,36.05,94.93,40.49,63.21,92.52,36.22,5.10,98.63,98.00,74.00,,18.82,26.89,81.59,61.33,45.00,,,46.03,33.64,25.14,12.75,47.37,24.74,100.00,84.78,100.00,40.49,86.24,40.18,100.00,85.03,31.58,11.11,13.11,49.28,57.18,48.82,5.10
LSO,Lesotho,Sub-Saharan Africa,2019,Transitioner,50.11,68.80,40.47,68.18,33.22,92.65,51.95,54.80,18.81,35.50,93.74,41.63,62.91,100.00,39.75,7.09,98.63,98.00,84.30,,28.84,43.14,83.87,61.33,45.00,,,42.36,11.39,21.47,0.00,46.82,24.19,96.43,84.78,100.00,41.63,86.24,39.59,100.00,100.00,31.48,23.20,18.58,50.19,57.18,59.42,7.09
LSO,Lesotho,Sub-Saharan Africa,2020,Transitioner,50.64,68.69,40.20,68.49,34.77,92.65,51.69,54.80,21.61,33.96,89.86,42.85,62.62,100.00,41.20,9.08,98.63,98.00,84.30,,27.12,41.52,86.42,61.33,45.00,,,45.24,16.84,24.34,0.00,45.28,22.64,84.78,84.78,100.00,42.85,86.24,39.00,100.00,100.00,31.75,35.29,22.67,49.88,59.96,48.15,9.08
LSO,Lesotho,Sub-Saharan Africa,2021,Emerging,49.27,60.43,41.80,68.84,33.88,82.78,46.20,44.17,21.44,38.13,89.86,44.20,62.33,100.00,40.08,9.08,98.63,98.00,84.30,0.00,18.00,34.81,85.80,61.33,45.00,0.00,0.00,43.94,18.78,23.05,0.00,49.44,26.82,84.78,84.78,100.00,44.20,86.24,38.42,100.00,100.00,31.77,34.93,22.22,49.96,59.19,39.60,9.08
LSO,Lesotho,Sub-Saharan Africa,2022,Emerging,49.25,61.28,40.72,69.29,34.03,85.06,46.05,44.17,21.66,35.22,89.86,45.55,62.33,100.00,40.27,9.08,98.63,98.00,90.00,0.00,15.93,36.96,85.26,61.33,45.00,0.00,0.00,44.22,19.06,23.34,0.00,46.53,23.90,84.78,84.78,100.00,45.55,86.24,38.42,100.00,100.00,32.80,34.56,21.03,47.44,63.49,38.61,9.08
LSO,Lesotho,Sub-Saharan Africa,2023,Transitioner,50.08,62.68,41.35,69.59,34.87,87.28,47.34,44.17,22.30,36.15,89.86,46.45,62.33,100.00,41.32,9.08,98.63,98.00,95.55,0.00,19.00,40.69,82.32,61.33,45.00,0.00,0.00,45.09,19.93,24.20,0.00,47.47,24.84,84.78,84.78,100.00,46.45,86.24,38.42,100.00,100.00,32.74,34.56,25.58,45.70,64.46,41.64,9.08
LSO,Lesotho,Sub-Saharan Africa,2024,Transitioner,52.21,70.54,39.68,69.31,38.29,88.09,55.28,65.95,17.49,36.78,89.86,47.86,62.33,97.73,40.22,30.58,98.63,98.20,96.50,3.49,26.99,53.04,85.82,89.90,45.00,50.00,0.00,33.21,24.42,12.32,0.00,48.10,25.47,84.78,84.78,100.00,47.86,86.24,38.42,100.00,95.45,33.90,28.64,26.03,44.33,65.91,33.25,30.58
LTU,Lithuania,Europe & Central Asia,2014,Advanced,70.82,59.13,79.57,87.37,61.18,86.16,30.18,62.95,92.58,68.60,75.48,73.46,88.66,100.00,65.45,44.10,100.00,97.00,68.41,,13.99,17.85,58.69,61.71,64.80,,,100.00,100.00,85.02,85.31,77.15,60.05,63.22,63.22,100.00,73.46,99.00,78.32,100.00,100.00,73.86,75.59,30.21,88.07,73.42,47.82,44.10
LTU,Lithuania,Europe & Central Asia,2015,Advanced,73.49,66.47,78.71,87.90,63.43,94.80,39.89,62.95,91.08,67.96,75.48,75.59,88.12,100.00,67.74,46.20,100.00,97.00,90.00,,21.50,29.48,68.70,61.71,64.80,,,98.77,99.07,83.09,83.39,76.45,59.46,63.22,63.22,100.00,75.59,99.00,77.24,100.00,100.00,74.10,79.10,33.91,91.76,73.42,51.87,46.20
LTU,Lithuania,Europe & Central Asia,2016,Advanced,76.51,73.29,79.69,88.93,65.98,99.20,52.56,62.95,91.88,69.61,75.48,78.76,88.02,100.00,70.40,48.30,100.00,99.00,99.00,,32.09,47.60,77.98,61.71,64.80,,,99.74,100.00,83.74,84.03,78.28,60.94,63.22,63.22,100.00,78.76,99.00,77.04,100.00,100.00,74.71,82.61,41.11,95.83,73.42,51.25,48.30
LTU,Lithuania,Europe & Central Asia,2017,Advanced,77.37,77.01,76.23,90.08,67.76,99.20,61.86,62.95,81.00,71.83,75.48,82.05,88.18,100.00,72.11,50.40,100.00,99.00,99.00,,40.52,58.10,86.96,61.71,64.80,,,88.59,88.88,73.13,73.42,80.20,63.46,63.22,63.22,100.00,82.05,99.00,77.36,100.00,100.00,75.00,81.23,48.44,97.65,73.42,50.80,50.40
LTU,Lithuania,Europe & Central Asia,2018,Advanced,79.87,79.10,75.54,89.38,76.21,99.20,67.07,62.95,83.02,68.09,75.48,84.81,88.64,94.68,72.56,90.80,100.00,99.00,99.00,,48.15,65.39,87.66,61.71,64.80,,,90.38,90.38,75.65,75.65,76.07,60.11,63.22,63.22,100.00,84.81,99.00,78.28,89.36,100.00,75.36,79.86,52.40,95.54,73.42,52.31,90.80
LTU,Lithuania,Europe & Central Asia,2019,Leader,81.02,81.74,73.92,90.38,78.90,99.20,73.67,62.95,80.23,66.83,75.48,87.04,88.39,95.71,75.04,94.37,100.00,99.00,99.00,,58.82,73.24,88.96,61.71,64.80,,,96.93,77.84,82.62,63.52,74.58,59.08,63.22,63.22,100.00,87.04,99.00,77.77,100.00,91.43,75.76,82.58,61.30,95.54,73.42,55.79,94.37
LTU,Lithuania,Europe & Central Asia,2020,Leader,83.30,82.67,77.81,91.67,81.65,99.20,75.99,62.95,80.44,76.36,75.48,87.63,87.37,100.00,77.58,97.93,100.00,99.00,99.00,,66.40,71.56,90.02,61.71,64.80,,,97.32,77.77,83.10,63.55,84.06,68.66,63.22,63.22,100.00,87.63,99.00,75.75,100.00,100.00,76.49,85.29,70.29,96.36,73.86,56.55,97.93
LTU,Lithuania,Europe & Central Asia,2021,Leader,81.66,71.88,82.36,91.73,81.86,89.20,65.35,50.30,83.05,85.12,75.48,88.21,86.99,100.00,77.85,97.93,100.00,99.00,99.00,0.00,48.05,58.17,89.83,61.71,64.80,0.00,0.00,100.00,79.95,86.92,65.33,93.04,77.20,63.22,63.22,100.00,88.21,99.00,74.98,100.00,100.00,77.04,84.38,72.88,96.86,73.08,54.38,97.93
LTU,Lithuania,Europe & Central Asia,2022,Leader,84.87,80.93,85.79,91.45,81.69,97.20,69.59,71.07,83.67,93.06,75.48,88.57,87.09,98.70,77.64,97.93,100.00,99.00,99.00,80.00,53.08,65.77,89.91,80.76,64.80,75.00,0.00,100.00,80.15,89.12,65.42,100.00,86.12,63.22,63.22,100.00,88.57,99.00,75.17,100.00,97.40,77.18,83.47,73.58,96.63,74.06,49.98,97.93
LTU,Lithuania,Europe & Central Asia,2023,Leader,87.07,89.25,86.56,91.12,81.65,99.10,86.74,74.57,84.79,93.86,75.48,88.84,87.09,97.44,77.58,97.93,100.00,99.00,99.00,99.00,86.95,81.60,91.69,80.76,76.47,75.00,0.00,100.00,81.63,90.60,66.91,100.00,87.73,63.22,63.22,100.00,88.84,99.00,75.17,100.00,94.87,77.51,83.47,73.42,97.42,72.99,49.63,97.93
LTU,Lithuania,Europe & Central Asia,2024,Leader,88.09,92.58,86.82,92.00,81.42,99.10,95.07,74.57,84.84,94.47,75.48,88.91,87.09,100.00,78.59,92.73,100.00,99.00,99.00,99.00,100.00,92.83,92.38,80.76,76.47,75.00,0.00,97.48,89.43,82.76,69.70,100.00,88.93,63.22,63.22,100.00,88.91,99.00,75.17,100.00,100.00,77.63,88.39,77.97,95.28,75.32,45.15,92.73
LUX,Luxembourg,Europe & Central Asia,2014,Advanced,77.15,62.57,96.04,85.86,68.67,97.29,26.76,64.74,97.65,100.00,84.90,85.83,78.90,92.85,74.06,47.10,99.00,99.00,94.73,,10.87,12.57,56.83,60.76,70.70,,,100.00,100.00,100.00,90.59,100.00,100.00,77.35,77.35,100.00,85.83,99.00,58.79,96.56,89.13,87.79,62.20,35.54,99.01,69.26,95.20,47.10
LUX,Luxembourg,Europe & Central Asia,2015,Advanced,78.03,66.25,95.98,81.60,71.43,97.80,35.46,64.74,97.51,100.00,84.90,72.91,79.05,92.85,76.42,51.47,99.00,99.00,96.00,,17.66,22.26,66.47,60.76,70.70,,,100.00,100.00,100.00,90.03,100.00,100.00,77.35,77.35,100.00,72.91,99.00,59.10,96.56,89.13,87.81,66.97,43.37,100.00,69.26,96.33,51.47
LUX,Luxembourg,Europe & Central Asia,2016,Leader,80.43,69.61,96.98,84.21,73.63,97.78,43.89,64.74,100.00,100.00,84.90,80.64,79.21,92.77,78.08,55.83,99.00,99.00,95.95,,25.37,33.34,72.95,60.76,70.70,,,100.00,100.00,100.00,100.00,100.00,100.00,77.35,77.35,100.00,80.64,99.00,59.41,96.42,89.13,88.02,71.74,49.17,100.00,69.26,96.14,55.83
LUX,Luxembourg,Europe & Central Asia,2017,Leader,82.35,72.57,95.92,86.94,75.99,98.28,50.79,64.74,97.35,100.00,84.90,82.74,79.39,98.70,79.93,60.20,99.00,99.20,97.00,,32.57,40.03,79.76,60.76,70.70,,,100.00,100.00,100.00,89.41,100.00,100.00,77.35,77.35,100.00,82.74,99.00,59.77,100.00,97.40,88.15,82.05,53.15,100.00,69.26,96.16,60.20
LUX,Luxembourg,Europe & Central Asia,2018,Leader,83.52,74.38,94.65,83.72,82.57,98.60,54.97,64.74,97.38,96.80,84.90,84.09,79.16,87.92,81.06,88.60,99.00,99.20,97.80,,39.60,44.97,80.34,60.76,70.70,,,100.00,100.00,100.00,89.51,100.00,93.60,77.35,77.35,100.00,84.09,99.00,59.32,93.13,82.72,88.25,92.36,53.75,100.00,69.26,95.76,88.60
LUX,Luxembourg,Europe & Central Asia,2019,Leader,85.80,77.84,94.26,87.67,84.23,98.84,63.38,64.74,96.23,96.98,84.90,84.87,79.31,98.82,82.04,93.01,99.00,99.20,98.40,,47.90,58.45,83.79,60.76,70.70,,,100.00,100.00,92.46,92.46,100.00,93.96,77.35,77.35,100.00,84.87,99.00,59.62,100.00,97.65,88.36,84.42,62.46,100.00,69.26,95.84,93.01
LUX,Luxembourg,Europe & Central Asia,2020,Leader,87.47,83.38,93.86,88.36,84.67,98.84,68.68,81.88,98.44,93.75,84.90,85.61,79.46,100.00,81.48,97.41,99.00,99.20,98.40,,59.58,61.58,84.88,89.33,70.70,,,100.00,100.00,100.00,93.77,100.00,87.50,77.35,77.35,100.00,85.61,99.00,59.92,100.00,100.00,88.65,76.47,63.16,100.00,69.63,95.44,97.41
LUX,Luxembourg,Europe & Central Asia,2021,Leader,86.60,78.01,94.32,88.57,86.31,91.23,64.66,78.25,99.27,94.07,84.90,86.22,79.50,100.00,83.53,97.41,99.00,99.20,98.88,20.96,51.81,55.18,87.00,89.33,70.70,82.50,0.00,100.00,100.00,100.00,97.07,100.00,88.15,77.35,77.35,100.00,86.22,99.00,60.00,100.00,100.00,88.96,79.83,70.80,100.00,70.05,95.84,97.41
LUX,Luxembourg,Europe & Central Asia,2022,Leader,88.22,86.02,93.05,87.63,86.36,98.60,77.32,78.25,98.82,91.35,84.90,86.77,79.49,96.63,83.60,97.41,99.03,99.20,99.03,94.00,70.53,72.17,89.27,89.33,70.70,82.50,0.00,100.00,100.00,100.00,95.28,99.15,83.54,77.35,77.35,100.00,86.77,99.00,59.98,100.00,93.26,88.94,83.19,61.30,100.00,77.29,97.76,97.41
LUX,Luxembourg,Europe & Central Asia,2023,Leader,88.22,88.17,93.31,88.12,83.53,98.68,82.63,78.25,98.54,91.06,87.36,87.15,79.49,97.73,80.07,97.41,100.00,99.20,99.00,94.00,82.91,74.94,90.03,89.33,70.70,82.50,0.00,100.00,100.00,100.00,94.15,98.87,83.25,81.03,81.03,100.00,87.15,99.00,59.98,100.00,95.45,88.93,83.19,45.38,99.11,76.83,96.96,97.41
LUX,Luxembourg,Europe & Central Asia,2024,Leader,89.36,91.09,93.22,88.91,84.45,98.88,89.72,78.25,97.37,92.00,87.36,87.23,79.49,100.00,80.89,98.72,100.00,99.20,99.00,96.00,99.53,80.71,88.91,89.33,70.70,82.50,0.00,100.00,100.00,99.08,90.42,99.81,84.19,81.03,81.03,100.00,87.23,99.00,59.98,100.00,100.00,88.82,75.55,46.92,96.20,86.03,97.41,98.72
LVA,Latvia,Europe & Central Asia,2014,Advanced,69.55,59.06,71.59,84.94,65.16,88.56,30.36,57.48,79.71,61.53,75.48,72.20,86.43,96.20,65.27,64.70,98.80,95.00,77.00,,13.21,16.70,61.16,38.71,85.63,,,86.89,86.94,72.48,72.53,69.34,53.72,63.22,63.22,100.00,72.20,99.90,72.96,100.00,92.41,72.46,70.08,19.99,85.12,79.34,68.85,64.70
LVA,Latvia,Europe & Central Asia,2015,Advanced,73.21,69.76,71.98,85.75,66.72,95.60,41.50,74.62,80.87,61.34,75.48,74.65,86.40,96.20,66.88,66.07,99.00,95.00,94.49,,20.20,30.07,74.23,67.29,85.63,,,87.80,87.85,73.88,73.93,68.88,53.80,63.22,63.22,100.00,74.65,99.90,72.91,100.00,92.41,73.39,65.47,24.71,88.07,79.34,72.32,66.07
LVA,Latvia,Europe & Central Asia,2016,Advanced,75.68,74.05,72.82,88.24,68.94,99.00,48.82,74.62,81.48,62.82,75.48,82.05,86.48,96.20,69.32,67.43,99.00,99.00,99.00,,24.74,38.88,82.83,67.29,85.63,,,88.56,88.61,74.35,74.40,70.52,55.12,63.22,63.22,100.00,82.05,99.90,73.06,100.00,92.41,77.78,60.87,32.58,90.33,79.34,72.23,67.43
LVA,Latvia,Europe & Central Asia,2017,Advanced,76.48,75.77,70.87,90.80,70.17,99.00,53.11,74.62,75.78,63.67,75.48,85.34,87.06,100.00,70.51,68.80,99.00,99.00,99.00,,28.44,44.17,86.71,67.29,85.63,,,83.22,83.27,68.29,68.33,71.75,55.58,63.22,63.22,100.00,85.34,99.90,74.22,100.00,100.00,74.06,63.77,38.04,93.29,79.34,71.84,68.80
LVA,Latvia,Europe & Central Asia,2018,Advanced,77.57,76.78,71.32,91.97,71.89,99.00,56.00,73.91,76.06,64.49,75.48,88.13,87.79,100.00,71.16,74.80,99.00,99.00,99.00,,31.92,48.97,87.11,66.10,85.63,,,81.59,84.95,67.18,70.53,72.30,56.68,63.22,63.22,100.00,88.13,99.90,75.68,100.00,100.00,74.18,66.67,43.61,89.35,79.34,71.95,74.80
LVA,Latvia,Europe & Central Asia,2019,Advanced,77.06,78.02,65.86,91.39,75.10,99.00,59.08,73.91,66.26,60.64,75.48,90.42,88.09,95.65,72.37,86.04,99.00,99.00,99.00,,36.65,53.56,87.05,66.10,85.63,,,78.18,68.36,64.17,54.34,68.23,53.05,63.22,63.22,100.00,90.42,99.90,76.28,100.00,91.30,74.49,62.46,49.84,90.02,79.34,73.83,86.04
LVA,Latvia,Europe & Central Asia,2020,Advanced,79.89,78.88,68.85,93.04,80.61,99.00,61.23,73.91,61.99,72.39,75.48,91.09,88.02,100.00,76.44,97.28,99.00,99.00,99.00,,42.20,52.68,88.83,66.10,85.63,,,72.55,66.16,57.82,51.43,80.37,64.42,63.22,63.22,100.00,91.09,99.90,76.15,100.00,100.00,74.90,58.24,69.60,90.92,80.48,74.37,97.28
LVA,Latvia,Europe & Central Asia,2021,Advanced,79.69,74.37,70.80,93.20,82.19,92.78,57.32,71.61,64.34,74.92,75.48,91.74,87.85,100.00,78.42,97.28,99.00,99.00,99.00,36.83,36.33,44.98,90.65,66.10,84.80,87.50,0.00,76.06,66.73,61.95,52.62,82.57,67.28,63.22,63.22,100.00,91.74,99.90,75.79,100.00,100.00,75.15,69.80,74.20,91.78,80.19,71.79,97.28
LVA,Latvia,Europe & Central Asia,2022,Leader,82.42,83.17,70.46,93.44,84.26,94.90,68.58,88.90,63.99,74.42,75.48,92.25,88.07,100.00,81.01,97.28,99.00,99.00,99.00,58.00,58.05,56.06,91.64,94.67,94.80,87.50,0.00,76.94,64.86,63.12,51.04,81.91,66.94,63.22,63.22,100.00,92.25,99.90,76.25,100.00,100.00,75.92,81.35,79.93,90.99,83.49,68.07,97.28
LVA,Latvia,Europe & Central Asia,2023,Leader,86.20,91.21,77.05,93.57,83.94,95.90,86.74,90.77,66.39,88.50,75.48,92.65,88.07,100.00,80.60,97.28,99.00,99.00,99.00,68.00,97.64,69.99,92.58,94.67,94.80,100.00,0.00,78.68,67.92,64.86,54.10,95.98,81.02,63.22,63.22,100.00,92.65,99.90,76.25,100.00,100.00,76.02,81.35,78.43,90.66,83.37,67.76,97.28
LVA,Latvia,Europe & Central Asia,2024,Leader,86.56,93.57,80.26,93.61,79.85,97.61,90.94,90.77,73.85,89.07,75.48,92.76,88.07,100.00,79.15,82.63,99.00,98.98,98.98,85.25,100.00,79.64,93.17,94.67,94.80,100.00,0.00,84.71,75.90,70.89,63.90,96.55,81.59,63.22,63.22,100.00,92.76,99.90,76.25,100.00,100.00,76.24,80.92,72.29,88.21,84.28,68.55,82.63
MAR,Morocco,Middle East & North Africa,2014,Emerging,44.30,33.93,47.04,53.18,45.36,53.00,11.36,40.95,41.94,38.48,74.39,54.96,60.25,44.33,42.73,55.90,99.00,83.00,0.00,,5.42,7.08,21.58,43.81,36.67,,,57.70,40.08,43.80,26.18,46.00,30.95,66.67,56.50,100.00,54.96,76.00,44.50,62.12,26.53,43.49,69.29,19.73,62.99,14.48,76.62,55.90
MAR,Morocco,Middle East & North Africa,2015,Emerging,48.68,47.08,46.85,54.02,47.13,69.36,23.58,49.52,43.13,36.79,74.39,56.65,61.09,44.33,45.09,55.30,99.20,88.81,35.00,,9.72,11.38,49.65,58.10,36.67,,,58.92,41.30,44.97,27.35,44.35,29.24,66.67,56.50,100.00,56.65,75.45,46.74,62.12,26.53,44.98,71.60,24.65,67.24,14.48,76.62,55.30
MAR,Morocco,Middle East & North Africa,2016,Transitioner,53.76,59.21,48.47,58.41,49.83,87.49,31.78,57.52,43.26,40.73,74.39,64.85,61.94,48.45,48.62,54.70,99.20,96.13,73.00,,14.73,24.33,56.27,58.10,56.67,,,59.01,41.39,45.14,27.51,48.24,33.21,66.67,56.50,100.00,64.85,74.90,48.97,70.37,26.53,45.51,73.91,36.81,71.03,14.48,76.62,54.70
MAR,Morocco,Middle East & North Africa,2017,Transitioner,56.17,67.30,52.80,55.31,50.65,96.32,43.17,57.52,53.92,40.88,74.39,67.14,62.78,36.02,49.79,54.10,99.60,98.00,93.00,,18.02,34.21,77.28,58.10,56.67,,,69.68,52.06,55.77,38.15,48.42,33.34,66.67,56.50,100.00,67.14,74.35,51.21,44.44,27.59,45.72,70.29,41.98,73.32,14.48,76.62,54.10
MAR,Morocco,Middle East & North Africa,2018,Transitioner,59.20,69.35,54.87,67.45,47.85,98.32,46.29,57.52,52.51,47.48,74.39,68.64,63.62,70.09,49.08,42.90,99.60,98.00,98.00,,21.00,38.53,79.34,58.10,56.67,,,65.93,52.99,52.03,39.09,55.00,39.95,66.67,56.50,100.00,68.64,73.80,53.45,70.70,69.49,46.10,66.67,44.30,68.89,14.48,76.62,42.90
MAR,Morocco,Middle East & North Africa,2019,Transitioner,60.69,72.40,51.81,69.40,52.11,99.14,53.09,57.52,46.15,46.19,74.39,69.74,64.31,74.13,49.47,62.66,99.70,99.00,99.00,,29.83,49.13,80.31,58.10,56.67,,,53.10,53.10,39.19,39.19,53.73,38.66,66.67,56.50,100.00,69.74,73.80,54.83,77.78,70.49,46.50,59.51,48.71,69.61,14.48,76.62,62.66
MAR,Morocco,Middle East & North Africa,2020,Transitioner,61.85,76.01,56.14,59.74,57.41,99.14,62.12,57.52,44.61,58.53,74.39,70.81,65.18,43.23,51.16,82.41,99.70,99.00,99.00,,40.69,60.31,85.36,58.10,56.67,,,51.87,51.29,37.94,37.35,66.08,50.98,66.67,56.50,100.00,70.81,73.80,56.56,79.21,7.24,47.42,52.35,58.99,70.94,13.98,76.62,82.41
MAR,Morocco,Middle East & North Africa,2021,Transitioner,59.93,66.57,54.49,61.47,57.85,89.18,54.23,46.05,46.72,52.30,74.39,72.14,65.97,46.31,51.71,82.41,99.75,99.00,99.00,0.00,27.24,47.99,87.47,58.10,56.67,0.00,0.00,53.67,53.67,39.77,39.77,59.83,44.78,66.67,56.50,100.00,72.14,73.80,58.13,80.65,11.97,48.03,49.78,63.22,70.69,14.71,74.05,82.41
MAR,Morocco,Middle East & North Africa,2022,Transitioner,62.87,67.43,55.18,73.73,56.96,89.18,56.39,46.05,47.27,53.47,74.39,73.27,66.35,81.58,50.60,82.41,99.75,99.00,99.00,0.00,29.90,52.15,87.11,58.10,56.67,0.00,0.00,54.22,54.22,40.33,40.33,61.00,45.95,66.67,56.50,100.00,73.27,73.80,58.89,82.08,81.08,48.26,47.21,56.46,70.81,17.61,72.48,82.41
MAR,Morocco,Middle East & North Africa,2023,Transitioner,62.56,69.93,52.59,73.43,56.74,89.18,62.61,46.05,49.29,44.99,74.39,74.41,68.26,77.61,50.32,82.41,99.80,99.00,99.00,0.00,39.99,60.12,87.72,58.10,56.67,0.00,0.00,56.23,56.23,42.35,42.35,52.51,37.48,66.67,56.50,100.00,74.41,73.80,62.72,70.37,84.85,48.33,47.21,55.75,69.56,17.58,73.51,82.41
MAR,Morocco,Middle East & North Africa,2024,Advanced,66.16,71.78,57.80,75.63,61.05,89.19,67.23,46.05,61.00,46.32,74.39,75.11,68.26,83.52,51.94,97.49,99.85,99.00,99.00,0.00,48.85,64.93,87.91,58.10,56.67,0.00,0.00,74.13,61.04,60.25,48.58,53.83,38.80,66.67,56.50,100.00,75.11,73.80,62.72,67.03,100.00,48.48,56.18,55.15,65.76,25.80,72.82,97.49
MDA,Moldova,Europe & Central Asia,2014,Transitioner,59.52,49.81,59.75,85.55,49.28,72.60,27.93,47.96,47.77,62.73,77.78,85.19,71.46,100.00,52.05,38.20,99.00,99.00,33.00,,12.53,10.25,61.02,42.86,55.62,,,63.95,45.13,47.16,34.82,68.31,57.15,66.67,66.67,100.00,85.19,99.00,43.92,100.00,100.00,54.28,52.76,8.46,67.82,84.29,38.02,38.20
MDA,Moldova,Europe & Central Asia,2015,Transitioner,64.49,61.74,60.91,89.40,51.46,93.00,33.08,56.53,52.16,61.24,77.78,89.05,79.14,100.00,54.47,39.40,99.00,99.00,84.00,,13.92,13.27,72.05,57.14,55.62,,,65.05,51.35,51.20,41.04,66.82,55.65,66.67,66.67,100.00,89.05,99.00,59.29,100.00,100.00,55.51,56.09,12.61,70.80,84.29,42.21,39.40
MDA,Moldova,Europe & Central Asia,2016,Transitioner,64.82,65.83,59.96,83.13,53.81,98.40,37.91,56.53,47.90,63.11,77.78,70.36,79.02,100.00,57.11,40.60,99.00,99.00,97.50,,16.00,18.66,79.08,57.14,55.62,,,54.97,47.18,52.02,37.44,68.38,57.83,66.67,66.67,100.00,70.36,99.00,59.04,100.00,100.00,55.87,59.42,19.05,74.60,84.29,44.04,40.60
MDA,Moldova,Europe & Central Asia,2017,Advanced,65.19,68.05,61.84,76.74,55.92,98.80,43.06,56.53,49.08,66.62,77.78,73.11,79.08,78.03,59.44,41.80,99.00,99.50,98.00,,19.78,24.33,85.08,57.14,55.62,,,61.51,47.75,49.07,38.01,71.89,61.34,66.67,66.67,100.00,73.11,99.00,59.17,81.06,75.00,55.94,68.25,25.31,77.21,84.29,40.70,41.80
MDA,Moldova,Europe & Central Asia,2018,Advanced,70.66,70.79,65.79,85.09,62.92,99.12,49.60,56.53,55.50,70.07,77.78,75.45,79.82,100.00,62.10,66.20,99.99,99.80,98.00,,27.86,33.79,87.15,57.14,55.62,,,67.28,55.00,54.22,45.50,75.22,64.93,66.67,66.67,100.00,75.45,99.00,60.63,100.00,100.00,55.44,77.08,31.99,79.13,84.29,42.28,66.20
MDA,Moldova,Europe & Central Asia,2019,Advanced,71.04,72.43,61.83,85.83,66.25,99.08,53.73,56.53,44.58,71.11,77.78,77.33,80.15,100.00,65.07,70.99,99.99,99.70,98.00,,32.04,42.52,86.64,57.14,55.62,,,56.14,42.77,46.39,33.03,76.39,65.83,66.67,66.67,100.00,77.33,99.00,61.30,100.00,100.00,55.93,76.19,43.92,80.44,84.29,45.34,70.99
MDA,Moldova,Europe & Central Asia,2020,Advanced,74.65,74.62,70.48,85.51,69.06,99.48,58.82,56.53,66.17,71.14,77.78,77.89,80.44,98.21,67.38,75.78,99.99,99.70,99.00,,38.55,47.95,89.95,57.14,55.62,,,77.73,64.36,67.98,54.62,76.42,65.87,66.67,66.67,100.00,77.89,99.00,61.88,96.42,100.00,56.68,75.29,53.77,81.57,84.10,46.30,75.78
MDA,Moldova,Europe & Central Asia,2021,Advanced,72.21,66.39,70.03,83.79,69.78,89.48,53.87,45.26,60.53,75.66,77.78,75.58,80.67,95.12,68.28,75.78,99.99,99.70,99.00,0.00,28.04,43.46,90.12,57.14,55.62,0.00,0.00,72.01,58.65,62.42,49.06,80.85,70.46,66.67,66.67,100.00,75.58,99.00,62.34,92.83,97.40,57.84,74.55,57.48,80.89,83.59,48.70,75.78
MDA,Moldova,Europe & Central Asia,2022,Advanced,71.35,67.94,70.49,80.52,67.21,89.48,57.73,45.26,62.08,75.24,77.78,76.88,81.47,83.22,65.07,75.78,99.99,99.70,99.00,0.00,30.82,51.29,91.07,57.14,55.62,0.00,0.00,73.56,60.19,63.97,50.61,80.43,70.05,66.67,66.67,100.00,76.88,99.00,63.93,71.63,94.81,56.45,73.80,46.27,77.61,83.47,49.30,75.78
MDA,Moldova,Europe & Central Asia,2023,Advanced,72.45,70.93,71.52,80.99,67.07,91.07,63.61,45.26,61.04,78.86,77.78,80.43,81.93,80.62,64.90,75.78,99.99,99.90,99.20,14.34,36.32,63.78,90.73,57.14,55.62,0.00,0.00,72.52,59.15,62.93,49.57,84.05,73.67,66.67,66.67,100.00,80.43,99.00,64.87,75.69,85.54,56.68,73.80,46.63,76.16,83.69,48.85,75.78
MDA,Moldova,Europe & Central Asia,2024,Advanced,73.01,74.27,73.14,80.92,64.64,91.42,71.64,45.26,62.87,81.09,77.78,80.70,67.44,94.62,64.48,65.25,99.99,99.90,99.20,17.78,47.45,74.67,92.80,57.14,55.62,0.00,0.00,74.34,60.98,64.76,51.40,86.28,75.90,66.67,66.67,100.00,80.70,99.00,35.87,89.25,100.00,57.19,72.64,41.43,74.04,87.38,52.10,65.25
MDG,Madagascar,Sub-Saharan Africa,2014,Discoverer,22.79,23.17,13.10,50.21,17.72,31.23,1.78,49.80,1.67,11.52,39.12,24.67,54.52,71.43,19.95,8.80,75.00,40.58,0.00,,2.36,2.99,0.00,33.33,74.50,,,3.95,2.71,0.00,0.00,21.12,1.93,43.70,28.79,44.88,24.67,77.00,32.04,100.00,42.86,6.22,24.41,2.36,45.95,26.65,12.70,8.80
MDG,Madagascar,Sub-Saharan Africa,2015,Discoverer,23.98,25.63,12.19,51.23,20.66,36.13,3.04,49.80,2.60,8.31,39.12,27.54,54.72,71.43,22.96,11.47,75.00,46.56,6.27,,4.58,4.53,0.00,33.33,74.50,,,5.82,4.58,0.00,0.00,16.62,0.00,43.70,28.79,44.88,27.54,77.00,32.43,100.00,42.86,17.97,23.44,3.34,48.90,26.65,12.46,11.47
MDG,Madagascar,Sub-Saharan Africa,2016,Discoverer,26.13,36.90,12.85,44.44,22.13,40.32,27.02,49.80,3.52,14.20,28.83,24.65,55.10,53.57,24.13,14.13,74.99,53.43,9.87,,12.71,21.96,46.40,33.33,74.50,,,7.66,6.42,0.00,0.00,23.80,4.60,34.62,28.79,23.08,24.65,77.00,33.20,64.29,42.86,18.22,22.46,5.42,52.60,26.65,13.05,14.13
MDG,Madagascar,Sub-Saharan Africa,2017,Discoverer,26.89,41.98,16.71,31.01,24.05,46.34,33.71,49.80,12.40,14.97,28.83,25.66,54.49,12.88,25.86,16.80,78.01,61.31,15.53,,14.07,31.14,55.92,33.33,74.50,,,21.88,20.64,4.16,2.92,24.57,5.37,34.62,28.79,23.08,25.66,77.00,31.98,9.09,16.67,20.75,26.51,6.41,54.94,26.65,14.60,16.80
MDG,Madagascar,Sub-Saharan Africa,2018,Discoverer,33.97,44.19,21.52,56.18,24.94,51.83,32.96,51.33,16.31,23.08,28.83,27.00,54.05,87.50,26.27,19.60,79.02,65.07,25.00,,10.29,23.86,64.75,33.33,78.33,,,26.92,23.41,9.20,5.69,32.67,13.48,34.62,28.79,23.08,27.00,77.00,31.10,100.00,75.00,20.71,30.56,7.72,52.72,26.65,16.55,19.60
MDG,Madagascar,Sub-Saharan Africa,2019,Discoverer,30.70,45.63,20.08,38.07,25.46,56.14,32.26,51.33,2.70,29.83,35.35,30.30,53.22,30.68,26.46,21.47,80.00,70.36,30.00,,9.53,21.20,66.04,33.33,78.33,,,10.82,0.00,0.00,0.00,39.43,20.23,40.63,27.93,37.50,30.30,76.23,30.21,25.00,36.36,20.69,29.69,7.73,54.05,26.65,16.70,21.47
MDG,Madagascar,Sub-Saharan Africa,2020,Discoverer,29.45,49.66,13.47,41.75,26.92,63.40,32.77,55.95,3.48,15.93,28.54,34.05,51.07,40.14,27.82,23.33,80.00,76.16,42.35,,11.04,21.75,65.51,42.86,75.58,,,13.94,0.00,0.00,0.00,25.53,6.33,34.62,27.93,23.08,34.05,75.46,26.69,26.85,53.42,20.89,28.82,10.00,56.81,28.90,16.20,23.33
MDG,Madagascar,Sub-Saharan Africa,2021,Discoverer,33.74,47.90,22.36,43.83,27.61,64.92,33.00,43.68,6.04,32.19,35.35,37.10,50.15,44.23,28.68,23.33,80.00,82.44,59.78,0.35,10.50,18.65,69.83,42.86,74.17,0.00,0.00,20.95,0.00,3.23,0.00,41.78,22.59,40.63,27.93,37.50,37.10,74.69,25.61,28.70,59.76,21.32,31.99,10.18,59.19,28.18,17.10,23.33
MDG,Madagascar,Sub-Saharan Africa,2022,Discoverer,33.92,53.57,22.62,39.04,28.00,71.70,37.99,48.44,11.62,27.25,35.35,38.54,50.15,28.44,29.17,23.33,88.00,89.23,67.13,3.60,12.89,21.96,79.12,52.38,74.17,0.00,0.00,27.27,9.65,9.55,0.00,36.85,17.65,40.63,27.93,37.50,38.54,74.69,25.61,30.56,26.32,21.26,35.15,9.68,60.92,27.55,17.69,23.33
MDG,Madagascar,Sub-Saharan Africa,2023,Emerging,35.08,52.92,26.42,37.84,28.62,73.45,30.88,55.95,12.79,35.59,35.35,40.13,50.15,23.23,29.94,23.33,96.89,86.90,70.64,7.46,14.09,25.78,52.76,61.90,83.33,0.00,0.00,28.39,12.09,10.67,0.00,45.19,26.00,40.63,27.93,37.50,40.13,74.69,25.61,24.24,22.22,21.28,35.15,12.38,61.51,28.09,17.70,23.33
MDG,Madagascar,Sub-Saharan Africa,2024,Emerging,37.87,57.45,27.56,42.90,30.29,78.23,37.42,55.95,14.26,36.96,35.35,41.99,50.15,36.57,29.94,31.70,96.89,84.31,82.14,19.62,23.84,38.96,49.46,61.90,83.33,0.00,0.00,29.98,14.09,12.26,0.69,46.56,27.37,40.63,27.93,37.50,41.99,74.69,25.61,31.97,41.18,20.98,40.45,12.41,58.63,28.98,16.94,31.70
MDV,Maldives,South Asia,2014,Emerging,47.80,47.62,47.78,63.92,35.88,90.19,4.30,49.10,47.46,22.13,99.75,48.34,72.30,71.11,42.65,8.80,100.00,98.00,77.47,,5.44,7.47,0.00,47.62,51.33,,,57.88,51.05,42.05,38.84,28.74,15.52,100.00,99.24,100.00,48.34,99.00,45.61,93.06,49.17,49.75,36.22,39.89,70.42,35.08,0.00,8.80
MDV,Maldives,South Asia,2015,Transitioner,51.24,56.95,49.51,63.98,38.22,94.00,23.83,49.10,51.93,21.98,99.75,48.75,72.08,71.11,45.84,7.73,100.00,100.00,85.00,,9.41,16.97,45.10,47.62,51.33,,,62.88,50.50,56.07,38.28,28.60,15.36,100.00,99.24,100.00,48.75,98.50,45.67,93.06,49.17,58.61,29.70,47.20,73.46,35.08,0.00,7.73
MDV,Maldives,South Asia,2016,Transitioner,55.03,60.45,56.46,66.43,40.44,94.00,32.58,49.10,57.92,33.36,99.75,56.32,71.87,71.11,48.89,6.67,100.00,100.00,85.00,,12.99,23.79,60.95,47.62,51.33,,,69.19,58.15,58.43,45.92,39.98,26.74,100.00,99.24,100.00,56.32,98.00,45.73,93.06,49.17,57.53,23.19,62.59,77.64,35.08,0.00,6.67
MDV,Maldives,South Asia,2017,Transitioner,58.51,65.18,55.91,75.60,42.53,94.00,44.39,49.10,57.77,32.13,99.75,60.12,70.15,96.53,51.76,5.60,100.00,100.00,85.00,,18.71,31.71,82.76,47.62,51.33,,,70.58,59.58,53.57,47.35,38.75,25.50,100.00,99.24,100.00,60.12,94.51,45.80,93.06,100.00,58.33,36.25,66.51,80.77,35.08,0.00,5.60
MDV,Maldives,South Asia,2018,Transitioner,57.56,69.02,56.05,66.02,42.99,100.00,47.99,49.10,59.97,30.27,99.75,63.69,71.11,63.25,53.64,0.40,100.00,100.00,100.00,,21.03,37.20,85.74,47.62,51.33,,,71.14,59.82,60.53,48.40,36.46,24.08,100.00,99.24,100.00,63.69,96.36,45.86,93.06,33.45,57.88,49.31,70.40,80.16,35.08,0.00,0.40
MDV,Maldives,South Asia,2019,Transitioner,57.54,69.10,52.41,68.62,44.12,100.00,48.20,49.10,52.05,29.11,99.75,67.42,72.07,66.37,54.73,1.68,100.00,100.00,100.00,,20.75,39.59,84.26,47.62,51.33,,,59.48,56.04,48.06,44.62,35.30,22.93,100.00,99.24,100.00,67.42,98.21,45.93,93.06,39.68,59.04,46.42,74.19,82.13,35.08,0.00,1.68
MDV,Maldives,South Asia,2020,Transitioner,58.73,70.93,45.74,80.18,45.72,100.00,52.78,49.10,44.51,19.97,99.75,71.91,72.10,96.53,56.41,2.95,100.00,100.00,100.00,,29.71,43.76,84.87,47.62,51.33,,,51.94,48.50,40.53,37.09,26.15,13.79,100.00,99.24,100.00,71.91,98.21,45.99,93.06,100.00,59.69,43.53,72.93,84.13,43.53,0.00,2.95
MDV,Maldives,South Asia,2021,Transitioner,59.21,65.76,49.90,81.45,45.97,93.83,50.97,39.21,48.12,26.77,99.75,75.69,72.13,96.53,56.72,2.95,100.00,100.00,100.00,38.32,26.24,39.39,87.28,47.62,51.33,0.00,0.00,55.54,52.09,44.15,40.70,32.94,20.60,100.00,99.24,100.00,75.69,98.21,46.05,93.06,100.00,60.17,46.13,77.55,84.93,37.90,0.00,2.95
MDV,Maldives,South Asia,2022,Transitioner,58.97,69.18,45.96,82.44,46.14,94.80,58.55,39.21,50.91,15.50,96.97,78.67,72.13,96.53,56.93,2.95,100.00,100.00,100.00,48.00,38.27,50.42,86.98,47.62,51.33,0.00,0.00,58.34,54.90,46.93,43.49,21.68,9.31,100.00,90.92,100.00,78.67,98.21,46.05,93.06,100.00,60.27,48.73,71.14,84.87,44.02,0.00,2.95
MDV,Maldives,South Asia,2023,Transitioner,60.21,73.14,50.53,77.39,45.97,95.00,68.24,39.21,61.31,16.52,96.97,81.60,72.13,78.43,56.72,2.95,100.00,100.00,100.00,50.00,53.98,61.60,89.14,47.62,51.33,0.00,0.00,68.73,65.29,57.34,53.90,22.69,10.35,100.00,90.92,100.00,81.60,98.21,46.05,93.06,63.80,60.05,48.73,69.61,84.45,45.13,0.00,2.95
MDV,Maldives,South Asia,2024,Transitioner,64.17,78.40,51.29,83.54,50.46,96.00,80.39,39.21,62.24,17.51,96.97,81.96,72.13,96.53,59.37,14.82,100.00,100.00,100.00,60.00,70.16,81.53,89.47,47.62,51.33,0.00,0.00,69.67,66.23,58.26,54.82,23.68,11.33,100.00,90.92,100.00,81.96,98.21,46.05,93.06,100.00,60.21,62.20,72.35,80.66,52.56,0.00,14.82
MEX,Mexico,Latin America & Caribbean,2014,Transitioner,54.24,35.82,60.62,67.26,59.27,69.24,5.36,29.91,45.04,63.41,86.22,52.82,76.51,72.45,65.99,32.40,93.00,95.00,31.60,,6.59,9.50,0.00,21.33,42.78,,,61.02,50.23,39.85,29.05,74.88,51.94,81.03,77.61,100.00,52.82,95.00,58.02,57.14,87.76,53.35,66.14,40.18,67.90,93.05,84.75,32.40
MEX,Mexico,Latin America & Caribbean,2015,Transitioner,58.34,44.42,60.60,67.80,63.48,79.80,16.29,29.91,45.95,62.43,86.22,54.36,76.60,72.45,68.45,43.60,93.00,95.00,58.00,,8.58,13.95,26.36,21.33,42.78,,,61.94,51.14,40.76,29.97,73.90,50.96,81.03,77.61,100.00,54.36,94.00,59.19,57.14,87.76,54.11,75.46,43.03,71.10,93.05,86.50,43.60
MEX,Mexico,Latin America & Caribbean,2016,Transitioner,64.22,55.40,64.51,68.58,69.37,79.80,28.89,59.63,57.61,59.99,87.36,57.39,77.62,70.73,73.02,54.80,93.00,95.00,58.00,,12.76,25.04,48.88,64.19,52.78,,,73.10,62.31,52.91,42.12,70.93,49.05,81.03,81.03,100.00,57.39,95.00,60.24,53.70,87.76,54.53,84.78,56.47,73.51,93.05,90.25,54.80
MEX,Mexico,Latin America & Caribbean,2017,Advanced,68.26,62.28,64.93,73.33,73.21,88.10,37.80,59.63,59.00,59.63,87.36,59.99,79.14,80.85,75.01,66.00,93.00,95.00,78.75,,17.12,36.46,59.81,64.19,52.78,,,74.50,63.70,54.31,43.51,70.57,48.70,81.03,81.03,100.00,59.99,95.00,63.28,82.44,79.26,55.09,88.57,63.20,75.42,93.05,88.00,66.00
MEX,Mexico,Latin America & Caribbean,2018,Advanced,71.85,66.54,67.65,80.42,73.61,91.00,41.54,67.63,60.53,64.91,87.36,62.21,79.75,99.31,76.29,62.90,93.00,95.00,86.00,,19.24,37.43,67.95,64.19,72.78,,,75.68,64.89,56.17,45.38,75.48,54.34,81.03,81.03,100.00,62.21,95.00,64.50,98.62,100.00,56.15,92.36,67.44,73.38,93.05,90.50,62.90
MEX,Mexico,Latin America & Caribbean,2019,Advanced,71.91,67.60,65.02,80.42,75.66,92.54,42.64,67.63,46.98,71.89,87.36,64.03,79.99,97.22,76.50,72.29,92.68,95.00,90.00,,20.79,39.74,67.40,64.19,72.78,,,65.45,48.02,45.94,28.50,82.46,61.32,81.03,81.03,100.00,64.03,95.00,64.99,94.44,100.00,56.83,87.36,69.96,74.10,93.05,89.75,72.29
MEX,Mexico,Latin America & Caribbean,2020,Advanced,73.51,69.75,67.20,79.53,78.34,93.57,48.67,64.26,46.30,78.02,87.36,65.84,80.07,92.69,77.51,81.68,95.83,95.00,91.00,,26.88,44.58,74.54,64.19,64.37,,,64.44,47.29,45.32,28.17,88.38,67.66,81.03,81.03,100.00,65.84,95.00,65.14,94.17,91.20,57.26,82.35,78.27,74.75,92.84,86.50,81.68
MEX,Mexico,Latin America & Caribbean,2021,Advanced,72.56,62.26,69.85,80.69,79.00,84.40,43.53,55.42,50.40,80.53,87.36,68.28,79.65,94.15,78.33,81.68,96.02,95.20,91.80,0.00,18.45,36.41,75.72,64.62,64.55,25.00,0.00,66.25,52.92,47.89,34.56,90.48,70.59,81.03,81.03,100.00,68.28,95.00,64.30,93.89,94.42,57.63,82.40,79.76,74.95,92.87,90.50,81.68
MEX,Mexico,Latin America & Caribbean,2022,Advanced,73.83,65.20,72.73,80.44,77.92,89.78,46.16,54.10,49.40,88.73,87.36,70.27,78.55,92.50,76.98,81.68,96.02,95.80,93.40,45.00,22.59,40.37,75.51,64.62,60.13,25.00,0.00,62.48,54.68,44.12,36.33,98.68,78.79,81.03,81.03,100.00,70.27,95.00,62.11,92.77,92.23,57.69,82.45,73.45,73.74,93.28,91.00,81.68
MEX,Mexico,Latin America & Caribbean,2023,Advanced,75.16,68.30,73.84,81.46,77.69,90.92,53.42,52.80,55.58,85.34,87.36,72.22,78.55,93.60,76.69,81.68,96.05,96.48,94.44,49.46,36.01,51.45,72.81,63.67,57.38,25.00,0.00,64.76,64.76,46.40,46.40,95.28,75.39,81.03,81.03,100.00,72.22,95.00,62.11,91.32,95.88,57.70,82.45,69.33,72.40,97.81,90.00,81.68
MEX,Mexico,Latin America & Caribbean,2024,Advanced,75.66,71.81,70.66,83.20,77.60,91.78,61.36,52.80,51.39,85.83,78.87,73.34,78.55,97.71,75.56,85.76,98.05,97.00,94.44,54.00,49.08,59.52,75.47,63.67,57.38,25.00,0.00,65.69,52.10,47.33,40.46,95.77,75.89,73.37,81.03,82.22,73.34,95.00,62.11,100.00,95.42,57.74,76.37,71.20,67.28,97.19,92.38,85.76
MKD,North Macedonia,Europe & Central Asia,2014,Transitioner,55.20,46.53,60.39,77.55,42.61,76.79,16.16,46.76,56.05,53.70,82.49,75.97,73.64,83.04,49.59,14.70,99.00,96.48,46.00,,7.14,7.57,33.79,52.38,38.33,,,68.24,58.48,54.67,42.80,62.19,45.20,73.73,73.73,100.00,75.97,97.80,49.47,81.27,84.81,52.38,24.41,37.03,77.92,60.78,15.25,14.70
MKD,North Macedonia,Europe & Central Asia,2015,Transitioner,58.46,54.05,60.30,74.07,48.37,86.60,25.15,46.76,56.25,53.25,82.49,65.58,73.60,83.04,53.70,27.03,99.00,97.00,70.00,,9.12,12.28,54.06,52.38,38.33,,,71.59,59.64,50.24,43.52,61.98,44.52,73.73,73.73,100.00,65.58,97.80,49.40,81.27,84.81,57.46,42.64,38.88,79.19,60.78,21.72,27.03
MKD,North Macedonia,Europe & Central Asia,2016,Transitioner,63.32,62.81,62.22,77.17,53.31,97.14,36.50,46.76,58.59,55.73,82.49,75.56,74.67,81.29,56.80,39.37,99.70,98.00,95.00,,14.08,24.15,71.26,52.38,38.33,,,70.52,60.92,57.57,45.35,64.16,47.30,73.73,73.73,100.00,75.56,97.80,51.53,77.78,84.81,57.93,60.87,43.58,81.35,60.78,19.85,39.37
MKD,North Macedonia,Europe & Central Asia,2017,Advanced,66.10,68.11,62.88,77.49,57.54,99.74,47.15,46.76,59.37,56.58,82.49,78.09,75.03,79.35,59.00,51.70,99.70,100.00,99.50,,23.90,39.64,77.91,52.38,38.33,,,71.73,61.74,57.65,46.38,64.90,48.26,73.73,73.73,100.00,78.09,97.80,52.25,81.27,77.42,62.69,66.20,45.91,82.26,60.78,20.55,51.70
MKD,North Macedonia,Europe & Central Asia,2018,Advanced,68.69,70.94,62.69,78.56,63.74,99.81,54.15,46.76,56.70,58.79,82.49,79.73,75.39,80.55,59.68,80.00,99.70,100.00,99.67,,30.75,52.42,79.28,52.38,38.33,,,69.44,58.54,55.11,43.71,66.82,50.75,73.73,73.73,100.00,79.73,97.80,52.97,78.49,82.61,62.89,71.53,47.31,80.40,60.78,22.50,80.00
MKD,North Macedonia,Europe & Central Asia,2019,Advanced,68.87,74.07,58.95,78.19,65.89,100.00,61.80,46.76,47.64,58.50,82.49,80.45,74.92,79.20,61.13,84.96,100.00,100.00,100.00,,38.66,64.41,82.32,52.38,38.33,,,55.27,55.27,40.02,40.02,66.76,50.24,73.73,73.73,100.00,80.45,97.80,52.04,82.08,76.32,63.37,72.83,50.42,81.20,60.78,26.88,84.96
MKD,North Macedonia,Europe & Central Asia,2020,Advanced,69.55,76.75,59.22,75.27,68.40,100.00,68.49,46.76,48.37,58.43,82.49,81.16,74.16,70.48,63.02,89.92,100.00,100.00,100.00,,48.94,72.03,84.49,52.38,38.33,,,56.00,56.00,40.75,40.75,66.69,50.17,73.73,73.73,100.00,81.16,97.80,50.51,85.71,55.25,63.64,74.12,55.35,82.03,62.66,28.75,89.92
MKD,North Macedonia,Europe & Central Asia,2021,Advanced,68.01,67.34,60.35,76.01,69.28,90.00,59.50,37.69,47.70,61.92,82.49,81.62,74.11,72.30,64.12,89.92,100.00,100.00,100.00,0.00,32.79,59.17,86.53,52.38,38.33,0.00,0.00,55.33,55.33,40.08,40.08,70.18,53.66,73.73,73.73,100.00,81.62,97.80,50.43,89.35,55.25,63.69,72.16,62.79,82.38,62.44,26.50,89.92
MKD,North Macedonia,Europe & Central Asia,2022,Advanced,76.00,79.78,73.30,84.03,67.88,96.00,84.60,37.69,47.69,94.32,82.49,82.08,74.78,95.24,62.37,89.92,100.00,100.00,100.00,60.00,62.57,99.76,91.47,52.38,38.33,0.00,0.00,55.31,55.31,40.06,40.06,100.00,88.63,73.73,73.73,100.00,82.08,97.80,51.76,92.98,97.50,63.79,70.20,57.43,81.54,65.02,18.00,89.92
MKD,North Macedonia,Europe & Central Asia,2023,Advanced,77.15,84.23,75.03,85.12,65.87,98.00,93.73,37.69,50.72,95.61,82.49,82.37,74.78,98.21,59.86,89.92,100.00,100.00,100.00,80.00,88.24,100.00,92.94,52.38,38.33,0.00,0.00,58.34,58.34,43.09,43.09,100.00,91.23,73.73,73.73,100.00,82.37,97.80,51.76,96.42,100.00,64.60,70.20,45.32,80.70,64.34,18.50,89.92
MKD,North Macedonia,Europe & Central Asia,2024,Advanced,75.97,86.20,75.82,84.77,60.13,99.00,97.65,37.69,52.07,96.25,82.49,83.01,74.78,96.53,58.69,65.89,100.00,100.00,100.00,90.00,100.00,100.00,92.96,52.38,38.33,0.00,0.00,59.69,59.69,44.44,44.44,100.00,92.49,73.73,73.73,100.00,83.01,97.80,51.76,93.06,100.00,64.59,66.42,48.16,77.47,64.76,10.50,65.89
MLI,Mali,Sub-Saharan Africa,2014,Discoverer,22.21,20.31,28.01,19.02,22.47,24.17,10.47,32.29,16.97,18.86,68.42,29.32,21.90,5.83,25.89,8.80,78.00,21.43,0.00,,3.51,3.95,23.95,23.81,45.00,,,34.82,12.85,20.20,0.00,26.78,10.94,73.73,31.53,100.00,29.32,33.00,10.81,2.56,9.09,59.62,13.39,2.92,36.43,17.81,11.95,8.80
MLI,Mali,Sub-Saharan Africa,2015,Discoverer,22.17,19.18,26.65,19.77,23.90,24.74,7.05,32.29,17.77,14.50,68.70,31.05,22.43,5.83,27.90,7.87,78.00,22.86,0.00,,7.63,5.90,7.63,23.81,45.00,,,35.89,13.93,21.27,0.00,22.42,6.58,73.73,32.38,100.00,31.05,33.00,11.85,2.56,9.09,59.41,11.40,3.69,46.02,17.81,13.77,7.87
MLI,Mali,Sub-Saharan Africa,2016,Discoverer,24.63,23.98,29.84,20.93,24.56,26.23,17.59,32.29,18.33,22.09,68.35,36.16,22.10,4.55,28.96,6.93,78.00,26.57,0.00,,8.87,7.05,36.84,23.81,45.00,,,36.62,14.66,22.00,0.04,30.01,14.17,73.73,31.32,100.00,36.16,33.67,10.53,0.00,9.09,59.10,9.42,6.31,50.17,17.81,13.42,6.93
MLI,Mali,Sub-Saharan Africa,2017,Discoverer,27.72,30.93,30.32,24.55,25.65,33.80,27.39,32.29,19.12,22.50,68.37,37.38,22.59,13.68,30.57,6.00,81.00,36.81,7.20,,9.86,13.32,58.99,23.81,45.00,,,37.41,15.45,22.79,0.83,30.42,14.58,73.73,31.38,100.00,37.38,34.33,10.85,27.35,0.00,54.99,17.91,7.64,56.64,17.81,13.60,6.00
MLI,Mali,Sub-Saharan Africa,2018,Discoverer,29.78,40.20,33.06,22.03,26.85,55.00,29.35,32.29,19.68,29.00,67.96,38.28,23.07,4.73,31.44,8.50,81.00,66.00,31.00,,10.29,12.96,64.80,23.81,45.00,,,37.97,16.01,23.35,1.39,36.92,21.08,73.73,30.14,100.00,38.28,35.00,11.14,9.47,0.00,54.67,26.39,7.41,57.36,17.81,13.52,8.50
MLI,Mali,Sub-Saharan Africa,2019,Discoverer,29.72,47.10,18.89,31.23,28.09,64.80,36.81,32.29,5.63,7.06,69.09,39.09,22.98,31.62,32.78,9.32,100.00,71.00,41.00,,15.11,19.99,75.32,23.81,45.00,,,17.50,2.15,2.88,0.00,14.11,0.00,73.73,33.55,100.00,39.09,35.00,10.96,18.80,44.44,54.36,30.55,8.05,61.30,17.81,14.20,9.32
MLI,Mali,Sub-Saharan Africa,2020,Emerging,37.10,56.69,31.05,36.83,29.22,83.52,42.06,32.29,14.53,29.13,67.96,39.84,22.89,47.77,33.99,10.14,100.00,95.50,63.30,,21.84,26.32,78.02,23.81,45.00,,,32.36,7.62,18.14,0.00,36.83,21.43,73.73,30.14,100.00,39.84,35.00,10.78,47.15,48.39,54.06,34.71,9.64,63.42,18.56,13.86,10.14
MLI,Mali,Sub-Saharan Africa,2021,Emerging,39.30,55.33,32.73,44.74,29.44,85.44,40.19,25.40,18.06,29.79,67.96,40.74,22.80,70.67,34.27,10.14,100.00,97.90,90.70,0.00,14.20,24.63,81.76,23.81,45.00,0.00,0.00,32.97,17.37,18.75,3.16,37.49,22.09,73.73,30.14,100.00,40.74,35.00,10.60,62.03,79.31,53.77,35.62,9.58,63.49,19.69,14.03,10.14
MLI,Mali,Sub-Saharan Africa,2022,Emerging,37.39,54.42,32.22,37.64,29.61,85.44,37.90,25.40,18.68,27.75,68.23,41.75,22.80,48.38,34.48,10.14,100.00,97.90,90.70,0.00,15.22,31.62,66.85,23.81,45.00,0.00,0.00,34.59,16.97,20.38,2.76,35.45,20.05,73.73,30.97,100.00,41.75,35.00,10.60,54.55,42.22,53.46,36.52,7.41,63.50,23.11,13.35,10.14
MLI,Mali,Sub-Saharan Africa,2023,Emerging,35.97,60.51,30.66,35.94,25.12,85.96,41.85,46.95,20.53,21.81,68.62,42.88,22.80,42.13,28.86,10.14,100.00,97.90,92.00,0.00,20.48,35.34,69.73,61.90,53.33,0.00,0.00,35.43,19.84,21.22,5.62,29.52,14.11,73.73,32.13,100.00,42.88,35.00,10.60,40.07,44.19,24.54,36.52,9.09,60.94,24.97,13.01,10.14
MLI,Mali,Sub-Saharan Africa,2024,Emerging,35.59,63.34,27.36,33.77,27.42,86.12,48.76,46.95,11.46,22.63,68.62,44.13,22.80,34.39,26.91,29.47,100.00,98.30,92.00,0.00,26.47,38.43,81.37,61.90,53.33,0.00,0.00,22.78,14.48,8.56,0.00,30.33,14.93,73.73,32.13,100.00,44.13,35.00,10.60,17.56,51.22,24.30,33.34,9.02,53.28,24.54,13.43,29.47
MLT,Malta,Europe & Central Asia,2014,Advanced,67.04,53.48,72.09,81.59,64.23,84.40,31.83,34.92,74.06,70.80,70.72,82.06,81.37,81.34,71.46,35.30,100.00,99.00,62.00,,16.86,15.56,63.08,33.33,37.30,,,86.47,74.26,72.65,62.85,76.98,64.62,63.22,73.73,75.21,82.06,94.50,68.25,75.18,87.50,76.97,40.16,44.30,93.01,75.60,94.74,35.30
MLT,Malta,Europe & Central Asia,2015,Advanced,69.14,61.33,71.09,76.57,68.43,99.20,36.67,34.92,74.84,71.17,63.42,66.92,81.44,81.34,76.34,36.83,100.00,99.00,99.00,,22.61,20.37,67.02,33.33,37.30,,,85.97,76.33,72.35,64.73,77.45,64.89,59.84,63.22,67.21,66.92,94.50,68.38,75.18,87.50,81.58,59.93,49.77,96.54,75.60,96.43,36.83
MLT,Malta,Europe & Central Asia,2016,Advanced,72.95,63.64,73.37,83.80,72.37,99.20,42.44,34.92,75.86,74.11,66.93,79.62,81.70,90.09,80.88,38.37,100.00,99.00,99.00,,24.04,26.01,77.27,33.33,37.30,,,85.49,77.03,75.40,65.52,80.35,67.88,59.84,73.73,67.21,79.62,94.50,68.90,92.67,87.50,81.80,79.71,61.23,97.99,75.60,95.80,38.37
MLT,Malta,Europe & Central Asia,2017,Advanced,74.07,65.16,74.20,84.44,73.72,99.20,46.25,34.92,77.52,74.52,66.93,82.25,81.58,89.47,82.17,39.90,100.00,99.00,99.00,,29.40,34.22,75.13,33.33,37.30,,,87.64,79.40,75.21,67.83,80.78,68.25,59.84,73.73,67.21,82.25,94.50,68.66,78.95,100.00,81.70,81.87,65.91,99.03,75.60,95.37,39.90
MLT,Malta,Europe & Central Asia,2018,Advanced,77.76,72.30,75.56,87.98,76.07,99.20,50.85,61.40,79.60,75.84,66.93,83.90,81.80,98.25,83.11,47.90,100.00,99.00,99.00,,35.70,38.86,77.98,61.90,60.63,,,92.13,80.41,76.76,69.08,81.97,69.70,59.84,73.73,67.21,83.90,94.50,69.10,96.49,100.00,82.92,84.03,70.34,97.18,75.60,95.01,47.90
MLT,Malta,Europe & Central Asia,2019,Advanced,78.16,74.70,69.73,88.99,80.50,99.20,56.84,61.40,66.05,74.82,66.93,84.52,82.44,100.00,84.18,65.78,100.00,99.00,99.00,,37.36,47.27,85.90,61.90,60.63,,,72.11,72.11,59.99,59.99,81.38,68.25,59.84,73.73,67.21,84.52,94.50,70.39,100.00,100.00,83.09,82.61,76.67,96.68,75.60,95.05,65.78
MLT,Malta,Europe & Central Asia,2020,Advanced,78.92,73.71,69.30,89.09,85.26,99.20,54.38,61.40,65.92,73.87,66.93,85.10,82.17,100.00,85.66,83.65,100.00,99.00,99.00,,35.36,38.98,88.81,61.90,60.63,,,72.12,72.12,59.72,59.72,80.59,67.16,59.84,73.73,67.21,85.10,94.50,69.84,100.00,100.00,83.21,81.18,78.59,97.54,80.82,95.10,83.65
MLT,Malta,Europe & Central Asia,2021,Advanced,78.40,69.19,75.24,84.34,86.06,99.25,49.15,49.14,76.16,78.49,66.93,85.84,81.91,85.27,86.66,83.65,100.00,99.30,99.00,99.30,25.90,31.99,89.57,61.90,60.63,0.00,0.00,82.26,82.26,70.06,70.06,85.10,71.88,59.84,73.73,67.21,85.84,94.50,69.31,89.90,80.65,83.29,84.84,82.48,98.11,79.50,94.96,83.65
MLT,Malta,Europe & Central Asia,2022,Leader,80.32,72.99,74.69,89.50,85.31,99.33,58.57,49.14,74.78,78.49,66.93,86.63,82.98,98.88,85.73,83.65,100.00,99.46,99.00,99.46,39.39,46.26,90.05,61.90,60.63,0.00,0.00,81.64,81.64,67.92,67.92,85.92,71.07,59.84,73.73,67.21,86.63,94.50,71.46,100.00,97.75,83.12,88.49,77.68,96.18,79.36,96.13,83.65
MLT,Malta,Europe & Central Asia,2023,Leader,82.66,82.51,76.15,89.02,83.45,99.33,82.39,49.14,76.31,80.61,66.93,86.89,82.98,97.19,83.41,83.65,100.00,99.46,99.00,99.46,76.60,79.03,91.53,61.90,60.63,0.00,0.00,83.17,83.17,69.45,69.45,88.04,73.18,59.84,73.73,67.21,86.89,94.50,71.46,96.56,97.83,83.33,88.49,66.49,95.24,80.20,95.05,83.65
MLT,Malta,Europe & Central Asia,2024,Leader,85.75,88.57,81.31,88.16,85.17,99.33,97.52,49.14,87.72,82.08,66.93,87.11,82.98,94.40,83.11,93.42,100.00,99.46,99.00,99.46,100.00,99.27,93.29,61.90,60.63,0.00,0.00,94.58,94.58,80.86,80.86,89.52,74.65,59.84,73.73,67.21,87.11,94.50,71.46,93.20,95.60,83.32,87.49,68.77,92.51,79.54,95.29,93.42
MMR,Myanmar,East Asia & Pacific,2014,Discoverer,31.03,19.15,36.72,52.12,25.31,34.60,1.70,23.14,19.00,25.66,94.30,21.79,61.29,73.29,22.09,38.20,73.00,50.00,0.00,,1.24,3.84,0.00,28.57,15.00,,,35.64,17.09,20.92,2.36,33.63,17.68,100.00,82.90,100.00,21.79,90.00,32.58,95.37,51.22,0.00,2.36,5.46,38.27,52.90,25.25,38.20
MMR,Myanmar,East Asia & Pacific,2015,Emerging,36.69,27.73,39.52,58.30,28.37,45.80,11.28,24.48,26.70,24.95,94.30,43.03,58.57,73.29,26.91,34.23,73.00,78.00,0.00,,4.70,6.50,22.63,28.57,18.33,,,43.35,24.79,28.62,10.06,32.92,16.97,100.00,82.90,100.00,43.03,82.80,34.34,95.37,51.22,10.32,9.15,12.19,41.93,52.90,25.25,34.23
MMR,Myanmar,East Asia & Pacific,2016,Emerging,42.25,37.52,46.05,60.22,30.64,56.68,23.56,27.14,32.30,35.67,94.30,55.95,55.85,68.85,30.73,30.27,95.00,87.00,7.20,,10.19,13.75,46.74,28.57,25.00,,,48.94,30.38,34.22,15.66,43.65,27.70,100.00,82.90,100.00,55.95,75.60,36.11,86.49,51.22,10.49,15.94,24.96,44.71,52.90,25.25,30.27
MMR,Myanmar,East Asia & Pacific,2017,Emerging,45.58,48.87,55.98,50.06,31.51,66.34,35.51,40.67,57.81,34.99,94.30,59.52,58.97,31.69,32.81,26.30,94.83,89.96,28.48,,15.12,30.52,60.89,33.33,51.67,,,72.89,54.33,61.30,42.74,41.26,28.71,100.00,82.90,100.00,59.52,80.07,37.88,35.06,28.31,10.82,19.43,30.49,47.49,52.90,25.25,26.30
MMR,Myanmar,East Asia & Pacific,2018,Transitioner,50.70,60.65,63.83,53.72,31.78,76.57,54.72,40.67,70.71,41.70,94.30,62.77,62.09,36.31,35.43,17.20,94.83,90.00,54.00,,28.09,63.97,72.11,33.33,51.67,,,80.41,72.60,68.82,61.02,47.98,35.43,100.00,82.90,100.00,62.77,84.53,39.64,51.57,21.06,14.70,22.92,39.73,45.73,52.90,25.25,17.20
MMR,Myanmar,East Asia & Pacific,2019,Transitioner,53.26,66.97,58.51,59.42,34.56,87.03,60.05,40.67,48.12,48.16,100.00,66.08,65.21,46.96,36.49,26.81,95.15,90.00,80.00,,28.68,71.74,79.74,33.33,51.67,,,68.73,39.09,57.14,27.51,54.43,41.88,100.00,100.00,100.00,66.08,89.00,41.41,53.73,40.19,14.78,24.40,41.25,48.72,52.90,25.25,26.81
MMR,Myanmar,East Asia & Pacific,2020,Transitioner,55.29,70.29,55.61,60.21,39.69,91.26,64.14,40.67,47.87,41.15,100.00,70.28,66.15,44.21,40.51,36.41,96.30,90.00,90.00,,31.11,78.75,82.56,33.33,51.67,,,70.06,37.26,58.48,25.68,47.43,34.88,100.00,100.00,100.00,70.28,89.00,43.31,53.73,34.68,15.06,25.88,53.99,50.81,57.13,25.25,36.41
MMR,Myanmar,East Asia & Pacific,2021,Transitioner,52.40,56.68,55.97,63.58,37.38,81.67,43.95,32.17,48.42,41.49,100.00,73.72,67.12,49.90,37.62,36.41,96.70,90.00,90.00,0.00,16.90,48.84,66.12,33.33,51.67,0.00,0.00,70.41,38.01,58.83,26.43,47.77,35.22,100.00,100.00,100.00,73.72,89.00,45.25,53.73,46.07,15.83,28.31,38.36,51.14,58.13,21.00,36.41
MMR,Myanmar,East Asia & Pacific,2022,Transitioner,50.26,61.48,43.97,64.77,36.44,81.67,55.95,32.17,39.06,20.86,100.00,76.40,67.12,50.78,36.44,36.41,96.70,90.00,90.00,0.00,23.83,59.64,84.39,33.33,51.67,0.00,0.00,59.89,29.82,48.30,18.24,27.14,14.59,100.00,100.00,100.00,76.40,89.00,45.25,53.73,47.82,15.52,30.73,27.58,51.65,61.34,21.50,36.41
MMR,Myanmar,East Asia & Pacific,2023,Transitioner,52.02,61.95,45.41,69.30,37.55,81.92,56.87,32.17,41.02,22.50,100.00,79.34,67.12,61.43,37.83,36.41,98.43,90.10,90.10,0.00,25.79,63.40,81.41,33.33,51.67,0.00,0.00,62.29,31.34,50.71,19.75,28.78,16.23,100.00,100.00,100.00,79.34,89.00,45.25,53.73,69.13,16.28,30.73,33.43,51.73,61.62,21.50,36.41
MMR,Myanmar,East Asia & Pacific,2024,Transitioner,54.48,63.61,42.57,72.96,44.60,82.44,60.51,32.17,34.11,22.30,100.00,79.81,67.12,71.93,37.35,73.58,96.38,91.00,91.00,0.00,31.05,67.76,82.71,33.33,51.67,0.00,0.00,46.53,34.51,34.95,20.45,28.58,16.03,100.00,100.00,100.00,79.81,89.00,45.25,53.73,90.14,16.33,32.59,35.37,48.79,61.20,17.50,73.58
MNE,Montenegro,Europe & Central Asia,2014,Transitioner,60.42,49.69,58.82,81.21,56.16,83.50,21.17,39.10,51.93,57.10,76.04,79.96,82.49,81.18,60.65,38.20,99.50,97.00,62.00,,8.87,12.56,42.07,32.95,48.33,,,66.74,57.12,46.75,37.11,70.33,43.88,70.17,57.95,100.00,79.96,98.53,66.44,93.13,69.23,100.00,52.76,37.85,67.89,49.41,43.45,38.20
MNE,Montenegro,Europe & Central Asia,2015,Transitioner,61.45,54.15,59.84,75.84,58.01,84.70,31.12,39.10,54.57,54.97,80.11,63.58,82.76,81.18,62.63,39.53,99.50,97.00,65.00,,14.89,18.97,59.50,32.95,48.33,,,63.48,56.00,54.14,44.66,66.75,43.19,70.17,70.17,100.00,63.58,98.53,66.99,93.13,69.23,100.00,60.44,41.03,70.75,49.41,43.45,39.53
MNE,Montenegro,Europe & Central Asia,2016,Advanced,66.10,64.04,61.43,80.74,60.11,89.90,39.90,60.58,58.00,55.53,80.11,79.77,83.04,79.41,64.91,40.87,99.50,97.00,78.00,,20.12,25.54,74.04,61.52,59.17,,,72.75,65.31,50.64,43.30,64.76,46.30,70.17,70.17,100.00,79.77,98.53,67.54,89.58,69.23,100.00,68.12,45.82,73.56,49.41,43.45,40.87
MNE,Montenegro,Europe & Central Asia,2017,Advanced,68.02,71.12,60.68,80.89,61.31,96.70,50.81,60.58,54.20,57.43,80.11,82.37,81.67,78.64,66.09,42.20,99.50,97.00,95.00,,27.81,37.09,87.54,61.52,59.17,,,67.34,57.37,49.97,42.14,67.35,47.51,70.17,70.17,100.00,82.37,98.53,64.81,82.64,74.65,100.00,67.39,49.05,76.54,49.41,43.45,42.20
MNE,Montenegro,Europe & Central Asia,2018,Advanced,71.02,72.58,61.11,86.70,66.16,97.10,54.06,60.58,54.96,57.77,80.11,84.00,82.30,93.79,66.73,63.90,99.50,97.00,96.00,,34.17,40.02,87.98,61.52,59.17,,,62.68,60.77,53.16,43.23,70.16,45.37,70.17,70.17,100.00,84.00,98.53,66.07,93.13,94.44,100.00,66.67,52.30,76.86,49.41,43.45,63.90
MNE,Montenegro,Europe & Central Asia,2019,Advanced,73.01,74.33,65.07,89.01,65.99,97.50,58.02,60.58,57.93,67.02,75.48,84.63,82.40,100.00,67.84,58.57,99.58,97.00,96.97,,35.48,49.97,88.61,61.52,59.17,,,66.80,53.81,56.31,54.79,76.22,57.82,63.22,63.22,100.00,84.63,98.53,66.27,100.00,100.00,100.00,60.40,60.55,77.33,49.41,43.45,58.57
MNE,Montenegro,Europe & Central Asia,2020,Advanced,71.30,75.92,61.90,83.08,66.19,97.52,62.00,60.58,54.69,62.33,75.48,85.21,82.25,81.78,69.43,53.23,99.58,97.00,97.00,,39.00,57.24,89.75,61.52,59.17,,,65.79,53.86,55.91,43.19,72.99,51.68,63.22,63.22,100.00,85.21,98.53,65.96,100.00,63.56,100.00,54.12,66.71,78.30,53.35,43.45,53.23
MNE,Montenegro,Europe & Central Asia,2021,Advanced,69.83,65.53,63.63,82.81,68.87,88.36,51.20,48.51,60.04,61.29,75.48,85.62,82.73,80.09,72.78,53.23,99.58,98.00,98.00,0.00,21.81,41.57,90.24,61.52,59.17,0.00,0.00,72.58,61.45,58.75,47.38,69.53,53.06,63.22,63.22,100.00,85.62,98.53,66.92,96.63,63.56,100.00,54.70,80.48,78.56,54.40,46.18,53.23
MNE,Montenegro,Europe & Central Asia,2022,Advanced,71.39,72.24,61.52,84.92,68.83,95.96,60.39,48.51,54.61,61.44,75.48,86.14,82.89,85.72,72.73,53.23,99.58,98.00,98.00,76.00,32.07,58.42,90.67,61.52,59.17,0.00,0.00,69.39,56.39,52.07,40.58,65.87,57.02,63.22,63.22,100.00,86.14,98.53,67.25,93.13,78.31,100.00,55.28,74.59,78.99,56.03,52.81,53.23
MNE,Montenegro,Europe & Central Asia,2023,Advanced,72.80,78.41,60.29,88.30,67.31,96.66,75.11,48.51,39.44,73.53,75.48,86.58,82.32,95.99,70.83,53.23,99.58,98.00,98.00,83.00,53.71,78.93,92.68,61.52,59.17,0.00,0.00,51.17,42.74,36.14,27.71,81.68,65.39,63.22,63.22,100.00,86.58,98.53,66.10,96.63,95.35,100.00,55.28,64.11,78.04,58.55,51.64,53.23
MNE,Montenegro,Europe & Central Asia,2024,Advanced,75.57,86.14,58.62,89.71,71.99,96.65,94.45,48.51,33.98,74.83,75.48,86.82,82.32,100.00,71.28,74.83,98.46,98.00,98.00,84.00,89.78,100.00,93.58,61.52,59.17,0.00,0.00,45.72,37.29,30.67,22.24,82.98,66.67,63.22,63.22,100.00,86.82,98.53,66.10,100.00,100.00,100.00,52.14,64.90,75.96,62.86,53.20,74.83
MNG,Mongolia,East Asia & Pacific,2014,Transitioner,51.80,32.47,58.58,80.19,47.21,47.44,10.22,47.07,48.80,50.50,94.30,61.20,79.37,100.00,48.71,41.20,99.00,69.09,0.00,,5.49,5.68,19.47,44.00,51.67,,,56.15,54.12,43.48,41.45,57.36,43.64,100.00,82.90,100.00,61.20,96.90,61.85,100.00,100.00,43.15,61.42,27.95,73.90,67.84,0.00,41.20
MNG,Mongolia,East Asia & Pacific,2015,Transitioner,55.84,42.82,58.62,80.55,48.10,57.80,25.71,47.07,52.46,46.93,94.30,62.24,79.40,100.00,51.36,35.07,99.00,95.00,0.00,,8.75,7.07,61.32,44.00,51.67,,,59.81,57.78,47.14,45.11,53.80,40.07,100.00,82.90,100.00,62.24,96.90,61.90,100.00,100.00,44.91,56.43,40.04,75.77,67.84,0.00,35.07
MNG,Mongolia,East Asia & Pacific,2016,Transitioner,59.29,52.25,62.32,78.53,48.33,60.56,31.67,76.78,52.77,55.87,94.30,56.18,79.42,100.00,53.17,28.93,99.00,95.00,6.90,,10.28,11.96,72.78,86.86,61.67,,,60.25,58.23,47.31,45.28,62.89,48.86,100.00,82.90,100.00,56.18,96.90,61.95,100.00,100.00,44.93,51.45,48.97,78.39,67.84,0.00,28.93
MNG,Mongolia,East Asia & Pacific,2017,Transitioner,61.02,56.77,61.05,79.61,50.23,66.20,33.15,85.16,52.12,53.34,94.30,59.39,79.45,100.00,57.09,22.80,99.00,95.00,21.00,,9.91,18.61,70.95,96.38,68.33,,,59.61,57.58,46.66,44.63,60.36,46.33,100.00,82.90,100.00,59.39,96.90,62.00,100.00,100.00,48.82,55.58,60.70,80.28,67.84,0.00,22.80
MNG,Mongolia,East Asia & Pacific,2018,Transitioner,63.07,61.80,56.86,80.60,55.86,75.80,36.12,85.16,54.57,40.43,94.30,62.34,79.47,100.00,58.20,46.50,99.00,95.00,45.00,,12.06,25.25,71.04,96.38,68.33,,,62.15,60.12,49.02,46.99,47.54,33.31,100.00,82.90,100.00,62.34,96.90,62.04,100.00,100.00,48.76,59.72,65.66,78.89,67.84,0.00,46.50
MNG,Mongolia,East Asia & Pacific,2019,Transitioner,62.83,65.38,54.10,81.84,53.83,81.60,39.27,85.16,49.18,38.92,94.30,65.50,80.02,100.00,58.20,36.35,100.00,95.00,59.00,,14.42,34.43,68.97,96.38,68.33,,,62.41,49.08,49.27,35.94,46.04,31.81,100.00,82.90,100.00,65.50,97.95,62.09,100.00,100.00,48.51,56.33,66.71,79.78,67.84,0.00,36.35
MNG,Mongolia,East Asia & Pacific,2020,Transitioner,62.20,69.19,48.16,83.43,53.82,89.42,40.98,85.16,49.06,24.20,94.30,69.71,80.57,100.00,60.73,26.20,100.00,95.00,78.54,,16.06,36.94,69.93,96.38,68.33,,,60.81,50.44,47.67,37.30,31.32,17.09,100.00,82.90,100.00,69.71,99.00,62.14,100.00,100.00,48.28,52.94,77.58,81.76,69.54,0.00,26.20
MNG,Mongolia,East Asia & Pacific,2021,Transitioner,63.09,63.58,52.94,84.60,55.64,82.00,34.72,84.44,57.27,27.92,94.30,73.26,80.53,100.00,63.00,26.20,100.00,95.00,85.00,0.00,10.57,26.66,66.95,96.38,83.33,75.00,0.00,70.82,56.30,58.25,43.72,34.74,21.11,100.00,82.90,100.00,73.26,98.86,62.19,100.00,100.00,47.85,57.79,83.82,83.84,70.58,0.00,26.20
MNG,Mongolia,East Asia & Pacific,2022,Advanced,67.24,65.75,65.55,85.53,55.45,82.00,40.15,84.44,65.77,50.96,94.30,76.13,80.46,100.00,62.76,26.20,100.00,95.00,85.00,0.00,12.05,29.43,78.96,96.38,83.33,75.00,0.00,75.39,68.72,62.81,56.14,57.77,44.15,100.00,82.90,100.00,76.13,98.73,62.19,100.00,100.00,50.16,62.63,73.04,84.59,74.68,0.00,26.20
MNG,Mongolia,East Asia & Pacific,2023,Advanced,67.04,67.01,63.15,86.43,55.23,82.00,43.31,84.44,74.14,36.58,94.30,78.82,80.46,100.00,62.49,26.20,100.00,95.00,85.00,0.00,14.63,35.03,80.26,96.38,83.33,75.00,0.00,87.00,73.86,74.42,61.28,43.39,29.76,100.00,82.90,100.00,78.82,98.73,62.19,100.00,100.00,50.05,62.63,70.75,84.95,75.37,0.00,26.20
MNG,Mongolia,East Asia & Pacific,2024,Advanced,67.46,67.81,56.09,86.65,62.84,82.42,44.89,84.44,53.62,39.45,94.30,79.50,80.46,100.00,64.45,56.37,100.00,95.00,86.04,0.00,15.80,35.04,83.84,96.38,83.33,75.00,0.00,64.87,55.63,52.29,41.69,46.26,32.64,100.00,82.90,100.00,79.50,98.73,62.19,100.00,100.00,50.12,82.22,73.95,82.40,74.68,0.00,56.37
MOZ,Mozambique,Sub-Saharan Africa,2014,Discoverer,22.08,16.40,28.21,31.11,16.51,24.65,3.79,25.12,13.84,19.20,74.96,30.62,44.86,17.84,19.16,5.90,72.00,25.63,0.00,,4.45,6.92,0.00,22.29,29.37,,,25.58,25.58,2.10,2.10,31.92,6.49,77.35,47.54,100.00,30.62,56.00,33.73,35.67,0.00,11.51,31.50,3.33,23.48,27.60,28.27,5.90
MOZ,Mozambique,Sub-Saharan Africa,2015,Discoverer,22.78,17.55,26.04,31.18,18.90,26.69,4.64,25.12,12.96,14.67,74.96,31.02,44.69,17.84,20.92,10.80,72.00,30.72,0.00,,6.68,7.23,0.00,22.29,29.37,,,24.70,24.70,1.22,1.22,27.39,1.95,77.35,47.54,100.00,31.02,56.00,33.38,35.67,0.00,15.45,25.89,3.41,28.47,27.60,33.47,10.80
MOZ,Mozambique,Sub-Saharan Africa,2016,Discoverer,27.08,25.83,30.36,32.91,20.84,31.14,20.88,25.12,23.65,14.77,74.96,23.08,45.98,29.68,22.12,15.70,78.00,38.86,0.00,,10.78,11.84,40.00,22.29,29.37,,,35.38,35.38,11.91,11.91,27.49,2.06,77.35,47.53,100.00,23.08,58.50,33.47,59.36,0.00,15.26,20.29,4.98,35.45,27.60,34.36,15.70
MOZ,Mozambique,Sub-Saharan Africa,2017,Discoverer,31.91,31.30,31.86,42.72,24.35,32.40,33.30,25.12,25.91,16.24,74.96,24.16,47.25,56.74,25.29,20.60,80.00,41.00,0.00,,12.57,16.27,71.05,22.29,29.37,,,36.79,36.79,15.03,15.03,28.03,4.46,77.35,47.54,100.00,24.16,61.00,33.51,83.05,30.43,20.35,31.33,6.21,39.43,27.60,34.38,20.60
MOZ,Mozambique,Sub-Saharan Africa,2018,Discoverer,29.69,36.59,32.03,27.15,24.42,38.40,31.95,42.26,26.52,16.08,74.96,25.11,47.11,9.23,26.58,15.80,80.00,48.00,8.00,,10.44,14.93,70.48,50.86,29.37,,,37.41,37.41,15.64,15.64,27.87,4.29,77.35,47.54,100.00,25.11,60.67,33.55,18.46,0.00,20.66,42.36,7.37,39.70,27.60,32.79,15.80
MOZ,Mozambique,Sub-Saharan Africa,2019,Discoverer,31.46,40.31,25.78,35.20,26.78,49.52,30.11,42.26,15.64,11.34,74.96,25.84,47.35,32.41,28.48,19.99,85.00,56.10,25.20,,10.51,16.03,63.80,50.86,29.37,,,38.16,8.00,16.40,0.00,22.68,0.00,77.35,47.54,100.00,25.84,60.33,34.37,43.62,21.20,21.65,47.06,7.89,43.50,27.60,36.45,19.99
MOZ,Mozambique,Sub-Saharan Africa,2020,Discoverer,32.58,43.75,27.83,31.42,29.45,53.80,34.46,42.26,15.47,16.61,74.96,26.64,47.60,20.01,30.77,24.18,85.00,60.00,32.00,,10.98,16.51,75.88,50.86,29.37,,,37.90,7.86,16.14,0.00,28.40,4.83,77.35,47.54,100.00,26.64,60.00,35.20,11.46,28.57,22.42,51.76,9.24,45.96,32.71,35.30,24.18
MOZ,Mozambique,Sub-Saharan Africa,2021,Discoverer,33.93,42.13,31.47,35.36,28.27,55.30,32.90,34.24,15.20,25.99,74.96,27.52,48.02,30.55,29.30,24.18,85.00,69.00,48.00,0.00,6.83,15.68,76.20,50.86,29.37,0.00,0.00,35.24,12.09,13.48,0.00,37.78,14.20,77.35,47.53,100.00,27.52,60.00,36.04,34.43,26.67,22.86,43.70,9.08,42.28,33.21,34.40,24.18
MOZ,Mozambique,Sub-Saharan Africa,2022,Emerging,35.56,48.64,32.55,36.54,27.66,69.10,35.38,34.24,15.79,28.10,74.96,28.42,48.02,33.18,28.52,24.18,87.00,77.00,74.00,0.00,8.43,20.74,76.98,50.86,29.37,0.00,0.00,37.19,10.53,15.43,0.00,39.89,16.31,77.35,47.53,100.00,28.42,60.00,36.04,49.69,16.67,23.30,35.63,7.48,42.11,35.04,33.76,24.18
MOZ,Mozambique,Sub-Saharan Africa,2023,Emerging,39.01,53.57,36.88,41.36,28.35,77.20,39.59,34.24,25.02,29.70,74.96,29.07,48.02,46.99,29.40,24.18,87.00,85.00,85.00,5.00,13.03,27.65,78.10,50.86,29.37,0.00,0.00,38.67,33.14,16.91,11.37,41.49,17.91,77.35,47.53,100.00,29.07,60.00,36.04,49.15,44.83,23.59,35.63,9.17,40.61,39.04,33.54,24.18
MOZ,Mozambique,Sub-Saharan Africa,2024,Emerging,38.70,56.17,31.39,34.84,36.52,80.69,42.61,34.24,16.80,30.08,63.17,30.52,48.02,25.97,29.13,66.07,88.50,88.50,88.50,10.36,15.83,31.51,80.48,50.86,29.37,0.00,0.00,34.72,18.67,12.96,0.84,41.87,18.29,77.35,12.16,100.00,30.52,60.00,36.04,42.86,9.09,22.70,39.59,10.47,33.28,40.58,37.63,66.07
MRT,Mauritania,Middle East & North Africa,2014,Discoverer,26.19,20.14,31.50,54.95,13.48,33.60,1.03,31.45,21.48,28.19,58.17,45.07,42.85,76.92,13.18,14.70,90.00,39.00,0.00,,1.13,1.97,0.00,32.89,29.31,,,34.86,21.53,21.43,8.10,35.47,20.92,73.73,0.77,100.00,45.07,65.11,20.59,100.00,53.85,0.00,4.72,4.78,42.50,4.38,23.79,14.70
MRT,Mauritania,Middle East & North Africa,2015,Discoverer,28.50,20.59,34.86,55.56,16.53,34.23,1.53,31.45,28.43,24.52,68.38,46.64,43.11,76.92,17.00,14.67,90.00,40.58,0.00,,2.41,2.17,0.00,32.89,29.31,,,41.81,28.48,28.38,15.05,31.79,17.25,73.73,65.32,66.10,46.64,65.11,21.10,100.00,53.85,18.17,5.62,5.25,42.50,4.38,23.79,14.67
MRT,Mauritania,Middle East & North Africa,2016,Discoverer,31.09,21.31,41.01,54.56,19.59,34.83,2.73,31.45,30.49,31.64,80.80,50.68,40.46,72.54,20.84,14.63,90.00,42.07,0.00,,2.16,3.93,2.11,32.89,29.31,,,43.87,30.54,30.44,17.11,38.92,24.37,84.78,57.61,100.00,50.68,59.31,21.62,91.23,53.85,19.43,6.52,10.47,52.12,4.38,29.03,14.63
MRT,Mauritania,Middle East & North Africa,2017,Discoverer,29.83,21.16,35.76,49.30,21.23,34.83,2.36,31.45,30.28,31.85,54.54,52.60,35.97,59.33,22.89,14.60,90.00,42.07,0.00,,2.80,4.27,0.00,32.89,29.31,,,43.46,30.13,30.42,17.09,38.91,24.79,73.73,6.83,83.05,52.60,53.50,18.45,67.14,51.52,37.75,11.25,14.47,36.54,4.38,31.40,14.60
MRT,Mauritania,Middle East & North Africa,2018,Discoverer,32.97,28.86,37.49,51.83,21.08,42.20,14.23,31.45,35.34,31.07,54.61,53.91,36.64,64.95,23.67,10.70,95.00,58.00,0.00,,4.03,7.60,31.05,32.89,29.31,,,52.43,31.30,39.38,18.26,38.14,24.01,73.73,7.05,83.05,53.91,55.51,17.77,57.81,72.09,37.67,15.97,17.33,33.84,4.38,34.32,10.70
MRT,Mauritania,Middle East & North Africa,2019,Emerging,35.45,28.58,41.92,58.83,22.41,43.20,12.52,31.45,36.49,41.21,54.24,54.94,39.14,82.42,24.31,14.82,96.00,60.00,0.00,,4.35,9.00,24.21,32.89,29.31,,,53.56,32.46,40.52,19.41,48.27,34.14,73.73,5.93,83.05,54.94,57.52,20.76,90.48,74.36,37.00,12.99,17.69,37.26,4.38,37.49,14.82
MRT,Mauritania,Middle East & North Africa,2020,Emerging,36.77,33.90,48.47,45.08,24.69,46.06,22.95,31.45,34.76,59.98,52.86,55.92,40.88,38.43,26.13,18.94,96.30,67.00,0.00,,5.92,8.20,54.74,32.89,29.31,,,54.93,27.63,41.89,14.59,67.04,52.91,73.73,1.79,83.05,55.92,59.53,22.22,74.68,2.19,36.65,10.00,20.55,43.62,5.14,39.35,18.94
MRT,Mauritania,Middle East & North Africa,2021,Discoverer,34.36,42.20,30.18,42.05,26.03,64.45,28.43,25.24,22.62,25.61,54.45,57.06,38.56,30.54,27.81,18.94,96.50,74.00,63.00,0.00,5.66,8.91,70.72,32.89,29.31,0.00,0.00,34.05,24.23,21.01,11.19,32.67,18.54,73.73,6.57,83.05,57.06,59.53,17.60,58.89,2.19,36.55,9.76,21.38,48.97,5.46,43.59,18.94
MRT,Mauritania,Middle East & North Africa,2022,Emerging,35.63,41.62,32.14,45.97,26.22,66.86,24.58,25.24,26.99,26.12,54.45,58.00,38.56,41.36,28.04,18.94,96.60,74.00,69.00,0.00,5.67,10.40,57.66,32.89,29.31,0.00,0.00,42.33,24.70,29.28,11.66,33.19,19.05,73.73,6.57,83.05,58.00,59.53,17.60,43.09,39.62,36.32,9.52,16.98,51.77,8.61,43.55,18.94
MRT,Mauritania,Middle East & North Africa,2023,Emerging,40.17,41.98,44.56,53.97,25.79,66.87,25.46,25.24,44.11,40.43,53.73,58.98,38.56,64.38,27.50,18.94,96.70,74.00,69.00,0.00,8.23,13.39,54.77,32.89,29.31,0.00,0.00,57.30,43.97,44.26,30.93,47.50,33.37,73.73,4.42,83.05,58.98,59.53,17.60,63.37,65.38,23.17,9.52,25.13,52.12,11.47,41.70,18.94
MRT,Mauritania,Middle East & North Africa,2024,Emerging,42.17,46.68,39.96,53.99,31.40,70.87,33.20,25.24,32.96,40.07,53.73,60.14,38.56,63.27,29.42,39.33,96.70,79.00,74.00,0.00,10.57,18.18,70.85,32.89,29.31,0.00,0.00,45.37,31.63,32.32,22.54,47.13,33.00,73.73,4.42,83.05,60.14,59.53,17.60,58.80,67.74,25.73,16.88,30.94,49.68,11.58,41.46,39.33
MUS,Mauritius,Sub-Saharan Africa,2014,Transitioner,55.18,36.86,65.22,70.19,54.95,68.20,4.95,38.00,69.26,48.86,89.86,57.77,77.59,75.22,53.99,58.80,99.00,90.00,31.00,,8.35,6.49,0.00,33.33,45.00,,,76.52,76.52,62.01,62.01,56.73,41.00,84.78,84.78,100.00,57.77,92.00,63.19,67.39,83.05,60.29,47.24,30.94,74.76,45.96,68.78,58.80
MUS,Mauritius,Sub-Saharan Africa,2015,Transitioner,59.50,47.91,61.07,71.13,60.22,71.80,28.96,38.00,62.46,45.28,89.86,58.62,79.56,75.22,58.56,66.87,99.00,90.00,40.00,,12.68,12.70,61.51,33.33,45.00,,,69.72,69.72,55.20,55.20,53.14,37.41,84.78,84.78,100.00,58.62,93.00,66.12,67.39,83.05,63.82,58.77,36.33,78.22,45.96,78.18,66.87
MUS,Mauritius,Sub-Saharan Africa,2016,Transitioner,63.29,53.41,64.67,71.67,64.81,83.51,31.01,38.00,63.64,53.10,89.86,61.28,78.51,75.22,62.28,74.93,99.00,95.40,63.88,,13.37,14.96,64.71,33.33,45.00,,,70.90,70.90,56.38,56.38,60.97,45.24,84.78,84.78,100.00,61.28,93.00,64.03,67.39,83.05,64.29,70.29,47.90,79.40,45.96,77.39,74.93
MUS,Mauritius,Sub-Saharan Africa,2017,Advanced,66.26,60.74,65.46,71.51,67.79,99.00,33.86,38.00,64.68,54.04,89.86,64.12,78.22,72.19,63.99,83.00,99.00,99.00,99.00,,13.70,17.03,70.85,33.33,45.00,,,71.94,71.94,57.41,57.41,61.91,46.17,84.78,84.78,100.00,64.12,92.15,64.29,65.91,78.46,64.61,71.61,54.05,80.86,45.96,77.39,83.00
MUS,Mauritius,Sub-Saharan Africa,2018,Advanced,66.35,61.85,65.60,69.28,68.97,99.00,36.62,38.00,65.73,53.33,89.86,66.61,77.63,63.59,64.22,88.00,99.00,99.00,99.00,,14.30,20.35,75.21,33.33,45.00,,,73.00,73.00,58.47,58.47,61.19,45.46,84.78,84.78,100.00,66.61,91.30,63.96,56.52,70.67,64.98,72.92,59.42,78.31,45.96,71.93,88.00
MUS,Mauritius,Sub-Saharan Africa,2019,Advanced,67.17,63.87,62.27,71.61,71.48,99.00,41.66,38.00,56.96,53.79,89.86,68.48,77.68,68.66,66.24,92.45,99.00,99.00,99.00,,19.85,29.15,76.00,33.33,45.00,,,72.54,55.90,58.03,41.39,61.66,45.93,84.78,84.78,100.00,68.48,91.30,64.07,52.90,84.42,65.49,71.46,65.37,80.76,45.96,75.77,92.45
MUS,Mauritius,Sub-Saharan Africa,2020,Advanced,67.85,66.95,60.05,71.39,73.84,99.00,49.38,38.00,55.53,49.66,89.86,70.55,78.10,65.52,68.08,96.89,99.00,99.00,99.00,,24.23,37.74,86.18,33.33,45.00,,,71.77,53.81,57.25,39.29,57.52,41.79,84.78,84.78,100.00,70.55,91.30,64.90,56.04,75.00,65.97,70.00,70.70,82.95,49.34,72.86,96.89
MUS,Mauritius,Sub-Saharan Africa,2021,Advanced,69.41,65.50,61.82,77.10,74.36,90.60,43.67,58.95,58.62,51.01,89.86,72.79,77.06,81.43,68.73,96.89,99.00,99.00,99.00,15.00,14.85,27.62,88.54,61.90,68.33,50.00,0.00,65.89,65.89,51.36,51.36,58.87,43.14,84.78,84.78,100.00,72.79,91.30,62.83,74.91,87.95,66.14,66.41,76.16,84.36,49.01,69.56,96.89
MUS,Mauritius,Sub-Saharan Africa,2022,Advanced,70.17,66.06,63.16,79.90,72.74,91.81,43.86,58.95,60.92,52.05,89.86,75.06,77.06,87.56,66.70,96.89,99.00,99.00,99.00,27.12,14.46,29.83,87.27,61.90,68.33,50.00,0.00,68.17,68.17,53.66,53.66,59.91,44.19,84.78,84.78,100.00,75.06,91.30,62.83,82.27,92.86,66.01,62.82,66.97,83.32,49.21,73.21,96.89
MUS,Mauritius,Sub-Saharan Africa,2023,Advanced,71.66,70.42,64.90,80.22,71.95,96.30,50.28,58.95,63.41,53.91,89.86,76.54,77.06,87.04,65.71,96.89,99.00,99.00,99.00,72.00,22.06,41.23,87.55,61.90,68.33,50.00,0.00,70.67,70.67,56.16,56.16,61.77,46.04,84.78,84.78,100.00,76.54,91.30,62.83,89.47,84.62,66.21,62.82,63.01,82.22,50.01,71.39,96.89
MUS,Mauritius,Sub-Saharan Africa,2024,Advanced,72.96,73.31,66.05,81.13,72.15,97.22,56.57,58.95,65.02,55.16,89.86,77.14,77.06,89.17,65.19,100.00,99.00,99.30,99.00,80.00,32.71,48.89,88.12,61.90,68.33,50.00,0.00,72.28,72.28,57.77,57.77,63.02,47.30,84.78,84.78,100.00,77.14,91.30,62.83,89.58,88.76,66.21,59.03,65.66,78.95,51.41,68.34,100.00
MWI,Malawi,Sub-Saharan Africa,2014,Discoverer,18.61,16.34,16.14,29.66,15.32,28.40,1.63,21.61,7.96,8.16,48.46,22.93,51.31,14.74,14.75,17.60,82.00,30.00,0.00,,2.71,2.19,0.00,15.24,31.17,,,21.04,7.15,3.66,0.00,16.33,0.00,45.26,79.18,20.95,22.93,65.10,37.51,18.37,11.11,13.40,17.32,2.87,15.92,30.91,4.00,17.60
MWI,Malawi,Sub-Saharan Africa,2015,Discoverer,20.78,21.38,17.07,31.72,16.11,32.40,8.57,24.94,10.88,7.56,48.46,30.33,50.08,14.74,16.51,14.53,82.00,40.00,0.00,,7.03,6.06,12.63,15.24,39.50,,,24.93,11.04,7.55,0.00,15.11,0.00,45.26,79.18,20.95,30.33,62.10,38.06,18.37,11.11,21.89,19.53,3.32,14.65,30.91,4.00,14.53
MWI,Malawi,Sub-Saharan Africa,2016,Discoverer,24.46,32.30,17.10,35.55,18.21,39.28,25.48,31.99,9.44,9.09,48.46,27.71,51.16,27.78,19.90,11.47,82.00,50.00,7.20,,8.51,7.63,60.31,22.10,46.83,,,23.01,9.12,5.63,0.00,18.17,0.00,45.26,79.18,20.95,27.71,63.71,38.61,44.44,11.11,28.64,21.74,3.74,23.33,30.91,4.00,11.47
MWI,Malawi,Sub-Saharan Africa,2017,Discoverer,26.17,34.17,20.91,35.36,18.57,46.37,23.05,31.99,17.67,10.37,48.46,29.05,52.24,24.78,21.12,8.40,82.00,60.00,14.93,,8.56,9.39,51.22,22.10,46.83,,,33.31,19.42,15.92,2.04,19.79,0.96,45.26,79.18,20.95,29.05,65.32,39.16,40.48,9.09,28.45,23.71,2.48,29.88,30.91,4.00,8.40
MWI,Malawi,Sub-Saharan Africa,2018,Discoverer,30.29,44.85,22.24,37.33,22.60,65.60,30.53,31.99,20.61,10.77,48.46,30.28,53.32,28.40,21.37,27.50,82.00,76.00,47.00,,10.77,15.26,65.54,22.10,46.83,,,37.10,19.48,21.75,4.13,19.08,2.45,45.26,79.18,20.95,30.28,66.93,39.72,56.79,0.00,28.15,25.69,2.74,30.21,30.91,4.00,27.50
MWI,Malawi,Sub-Saharan Africa,2019,Discoverer,29.43,49.25,15.76,41.19,23.47,70.80,35.54,33.56,5.31,9.87,48.46,31.29,54.41,37.88,21.29,32.17,84.00,80.00,55.00,,14.20,19.89,72.51,22.10,50.77,,,18.30,0.00,2.94,0.00,18.19,1.55,45.26,79.18,20.95,31.29,68.54,40.28,54.02,21.74,20.39,34.02,2.61,33.56,30.91,4.00,32.17
MWI,Malawi,Sub-Saharan Africa,2020,Discoverer,30.12,54.28,15.41,36.81,26.71,72.80,41.39,43.03,5.85,8.45,48.46,32.40,55.50,22.52,24.18,36.83,84.00,81.00,59.00,,16.08,25.02,83.07,36.76,52.43,,,19.38,0.00,4.02,0.00,16.77,0.14,45.26,79.18,20.95,32.40,70.15,40.84,45.05,0.00,20.90,42.35,3.34,38.12,35.34,4.00,36.83
MWI,Malawi,Sub-Saharan Africa,2021,Emerging,35.22,51.19,27.99,39.98,26.85,67.80,38.78,42.77,6.78,38.97,48.46,33.62,55.78,30.54,24.35,36.83,86.00,84.00,64.00,0.00,12.12,23.15,81.08,46.29,59.17,12.50,0.00,21.20,0.08,5.85,0.00,47.28,30.65,45.26,79.18,20.95,33.62,70.15,41.41,36.07,25.00,21.19,39.21,3.97,39.40,35.59,4.00,36.83
MWI,Malawi,Sub-Saharan Africa,2022,Emerging,35.19,51.11,23.39,47.57,26.97,69.83,36.05,43.77,12.96,21.30,48.46,34.89,55.78,52.05,24.50,36.83,86.30,84.40,68.60,0.00,8.85,20.46,78.85,46.29,62.50,12.50,0.00,30.87,5.45,15.51,0.00,29.61,12.98,45.26,79.18,20.95,34.89,70.15,41.41,50.25,53.85,20.80,36.07,3.79,39.16,38.70,4.00,36.83
MWI,Malawi,Sub-Saharan Africa,2023,Emerging,36.90,55.30,27.88,44.65,26.93,74.35,41.07,45.64,18.33,27.13,48.46,35.86,55.78,42.31,24.46,36.83,89.13,88.69,74.91,0.00,13.99,29.00,80.22,46.29,62.50,25.00,0.00,31.76,20.26,16.40,4.90,35.45,18.82,45.26,79.18,20.95,35.86,70.15,41.41,69.23,15.38,20.75,36.07,5.90,38.29,37.30,4.00,36.83
MWI,Malawi,Sub-Saharan Africa,2024,Emerging,39.56,58.33,23.86,48.73,36.10,78.55,42.07,50.40,11.58,23.83,48.46,37.42,58.46,50.32,25.02,80.42,90.00,89.00,84.67,0.80,15.35,30.97,79.87,55.81,62.50,25.00,0.00,24.53,12.63,9.17,0.00,32.14,15.51,45.26,79.18,20.95,37.42,75.50,41.41,64.65,36.00,20.06,46.25,8.27,30.93,40.74,4.00,80.42
MYS,Malaysia,East Asia & Pacific,2014,Transitioner,59.51,41.36,66.83,71.99,63.06,67.44,14.07,43.76,64.30,52.76,100.00,54.56,73.37,88.03,59.69,76.50,95.20,88.00,33.00,,8.53,13.78,19.91,25.71,70.83,,,73.17,73.17,55.43,55.43,62.37,43.15,100.00,100.00,100.00,54.56,95.00,51.74,95.78,80.28,59.01,67.72,48.64,76.50,51.99,56.95,76.50
MYS,Malaysia,East Asia & Pacific,2015,Transitioner,63.45,52.63,65.05,72.28,65.48,84.28,25.41,43.76,65.05,47.57,100.00,55.02,73.80,88.03,61.66,80.77,95.40,92.00,71.00,,14.13,23.95,38.15,25.71,70.83,,,73.92,73.92,56.18,56.18,57.18,37.96,100.00,100.00,100.00,55.02,95.00,52.60,95.78,80.28,60.72,69.73,51.12,79.63,51.99,59.97,80.77
MYS,Malaysia,East Asia & Pacific,2016,Advanced,67.78,63.85,65.90,72.57,69.12,91.20,38.07,60.71,64.68,50.08,100.00,57.03,74.35,86.34,65.14,85.03,96.00,95.00,85.00,,18.44,34.65,61.11,42.86,87.50,,,73.55,73.55,55.81,55.81,59.69,40.47,100.00,100.00,100.00,57.03,95.00,53.69,92.41,80.28,60.93,71.74,62.99,82.44,51.99,62.98,85.03
MYS,Malaysia,East Asia & Pacific,2017,Advanced,68.70,68.44,63.26,71.52,71.94,94.00,46.74,60.71,56.79,51.36,100.00,60.73,74.96,78.86,67.60,89.30,96.00,95.00,92.00,,21.16,41.79,77.27,42.86,87.50,,,65.78,65.78,47.80,47.80,61.10,41.61,100.00,100.00,100.00,60.73,95.00,54.92,89.04,68.68,61.11,80.31,68.35,84.66,51.99,63.49,89.30
MYS,Malaysia,East Asia & Pacific,2018,Advanced,70.25,70.80,62.50,75.03,73.37,94.36,52.28,60.71,57.60,48.65,100.00,64.12,74.32,86.66,69.39,89.30,95.80,95.00,93.00,,25.70,50.92,80.21,42.86,87.50,,,66.60,66.60,48.61,48.61,58.39,38.91,100.00,100.00,100.00,64.12,95.00,53.64,85.66,87.65,61.10,88.89,73.62,82.87,51.99,65.83,89.30
MYS,Malaysia,East Asia & Pacific,2019,Advanced,72.61,74.00,67.58,74.07,75.02,94.45,59.69,61.71,67.18,51.78,100.00,67.58,73.88,80.74,70.36,93.68,95.80,95.00,93.23,,32.14,65.51,81.43,42.86,90.00,,,80.69,71.65,62.71,53.67,61.52,42.04,100.00,100.00,100.00,67.58,95.00,52.75,81.48,80.00,60.90,87.09,78.38,83.71,51.99,66.50,93.68
MYS,Malaysia,East Asia & Pacific,2020,Advanced,74.54,75.40,65.01,81.95,76.83,94.94,62.71,61.71,64.95,47.57,100.00,71.98,73.87,100.00,71.52,98.06,96.70,95.00,94.00,,35.30,67.77,85.07,42.86,90.00,,,79.49,67.92,61.99,50.42,57.05,38.09,100.00,100.00,100.00,71.98,95.33,52.41,100.00,100.00,61.17,85.29,83.36,84.09,54.15,64.32,98.06
MYS,Malaysia,East Asia & Pacific,2021,Advanced,71.31,65.93,61.08,82.48,77.84,85.55,55.07,48.43,65.70,49.33,75.36,75.56,73.55,98.32,72.79,98.06,96.70,95.00,94.46,1.00,25.22,52.49,87.49,42.86,90.00,0.00,0.00,81.11,67.78,63.61,50.28,58.81,39.85,77.35,100.00,48.72,75.56,95.67,51.44,96.63,100.00,61.35,80.80,89.08,84.05,53.03,72.06,98.06
MYS,Malaysia,East Asia & Pacific,2022,Advanced,75.62,74.98,71.36,81.48,74.99,89.00,63.90,69.13,61.78,78.94,75.36,78.30,73.63,92.52,69.22,98.06,98.50,96.35,96.35,20.67,42.98,60.64,88.06,71.43,90.00,25.00,53.33,70.53,70.53,53.03,53.03,88.42,69.46,77.35,100.00,48.72,78.30,96.00,51.26,89.58,95.45,61.43,76.30,77.20,82.54,52.92,67.68,98.06
MYS,Malaysia,East Asia & Pacific,2023,Advanced,78.39,90.60,68.90,79.84,75.78,95.24,96.68,69.13,61.15,73.43,75.36,81.32,73.63,84.58,70.21,98.06,98.60,96.70,96.70,80.21,100.00,100.00,90.05,71.43,90.00,25.00,53.33,69.90,69.90,52.40,52.40,82.91,63.95,77.35,100.00,48.72,81.32,96.00,51.26,82.64,86.52,61.42,76.30,82.18,81.46,53.67,68.35,98.06
MYS,Malaysia,East Asia & Pacific,2024,Leader,81.49,93.19,75.29,83.79,75.02,96.02,96.93,80.02,76.34,74.19,75.36,81.76,73.63,95.97,69.07,98.82,98.60,97.40,97.40,82.40,100.00,100.00,90.79,85.71,90.00,50.00,53.33,94.33,71.46,76.83,62.75,83.67,64.71,77.35,100.00,48.72,81.76,96.00,51.26,96.49,95.45,61.43,72.80,71.44,77.21,65.94,65.86,98.82
NAM,Namibia,Sub-Saharan Africa,2014,Emerging,42.16,40.70,59.07,61.80,21.26,59.71,20.29,43.47,57.15,45.59,89.86,30.65,66.74,88.03,26.58,0.00,100.00,57.66,41.62,,7.89,11.84,41.15,33.33,58.67,,,85.97,57.90,56.41,28.34,61.60,29.57,84.78,84.78,100.00,30.65,91.50,41.97,100.00,76.05,52.97,32.28,16.79,0.00,22.21,49.57,0.00
NAM,Namibia,Sub-Saharan Africa,2015,Emerging,43.27,43.54,54.90,62.39,23.51,61.98,25.13,43.47,50.78,41.54,89.86,32.31,66.82,88.03,28.84,2.20,100.00,61.64,43.31,,7.41,13.23,54.75,33.33,58.67,,,79.59,51.52,50.03,21.96,57.55,25.53,84.78,84.78,100.00,32.31,91.50,42.14,100.00,76.05,56.82,30.27,17.80,1.74,22.21,60.95,2.20
NAM,Namibia,Sub-Saharan Africa,2016,Emerging,47.06,48.41,58.79,66.61,25.87,64.03,35.27,43.47,55.60,46.45,89.86,44.90,66.91,88.03,31.23,4.40,100.00,65.00,45.07,,10.54,22.32,72.94,33.33,58.67,,,84.41,56.34,54.86,26.79,62.46,30.44,84.78,84.78,100.00,44.90,91.50,42.31,100.00,76.05,57.23,28.26,22.18,11.97,22.21,56.89,4.40
NAM,Namibia,Sub-Saharan Africa,2017,Emerging,49.08,52.11,59.55,66.76,28.00,65.72,42.83,43.47,55.05,48.90,89.86,47.00,66.99,86.27,33.35,6.60,100.00,66.00,48.30,,12.66,34.58,81.26,33.33,58.67,,,83.86,55.79,54.30,26.23,64.91,32.89,84.78,84.78,100.00,47.00,91.50,42.48,100.00,72.55,57.32,36.70,23.90,14.60,22.21,60.76,6.60
NAM,Namibia,Sub-Saharan Africa,2018,Emerging,49.30,54.51,56.82,67.44,28.27,70.00,44.54,43.47,49.76,47.38,89.86,48.57,67.08,86.67,32.16,12.70,100.00,73.00,52.00,,13.76,37.07,82.78,33.33,58.67,,,80.72,48.35,51.16,18.79,63.39,31.37,84.78,84.78,100.00,48.57,91.50,42.66,100.00,73.33,58.46,45.14,25.55,0.00,22.21,64.04,12.70
NAM,Namibia,Sub-Saharan Africa,2019,Emerging,49.08,56.38,48.54,70.77,29.96,74.40,44.81,43.47,30.54,45.87,89.86,49.60,67.16,95.56,34.42,12.09,100.00,78.00,58.00,,14.84,39.21,80.38,33.33,58.67,,,46.80,43.84,17.25,14.28,61.88,29.86,84.78,84.78,100.00,49.60,91.50,42.83,100.00,91.11,58.57,48.75,28.28,12.70,22.21,51.99,12.09
NAM,Namibia,Sub-Saharan Africa,2020,Emerging,48.63,59.27,42.09,70.83,31.64,77.20,49.25,43.47,26.16,34.13,89.86,51.00,67.25,94.24,36.69,11.47,100.00,82.00,61.00,,18.05,47.74,81.96,33.33,58.67,,,45.31,36.56,15.75,7.00,50.15,18.12,84.78,84.78,100.00,51.00,91.50,43.00,100.00,88.47,58.91,52.35,31.30,16.71,21.30,58.06,11.47
NAM,Namibia,Sub-Saharan Africa,2021,Emerging,47.38,53.47,44.81,67.23,31.30,70.40,46.13,34.27,26.21,40.88,89.86,52.57,67.34,81.77,36.25,11.47,100.00,87.00,64.00,0.00,13.68,40.98,83.73,33.33,58.67,0.00,0.00,45.91,36.08,16.34,6.52,56.90,24.87,84.78,84.78,100.00,52.57,91.50,43.17,83.54,80.00,58.81,47.76,32.83,12.10,21.47,64.34,11.47
NAM,Namibia,Sub-Saharan Africa,2022,Emerging,48.81,55.65,48.34,69.19,30.49,74.40,47.58,34.27,33.31,42.61,89.86,53.40,67.34,86.83,35.25,11.47,100.00,90.00,71.00,0.00,15.54,44.68,82.54,33.33,58.67,0.00,0.00,48.95,47.22,19.39,17.67,58.62,26.60,84.78,84.78,100.00,53.40,91.50,43.17,95.88,77.78,58.91,43.16,27.92,15.21,25.28,54.69,11.47
NAM,Namibia,Sub-Saharan Africa,2023,Transitioner,52.89,66.05,53.67,71.80,30.74,80.00,48.47,73.29,45.71,43.55,89.86,54.24,67.34,93.83,35.56,11.47,100.00,93.00,82.00,0.00,18.18,45.00,82.23,90.48,83.00,21.00,0.00,64.39,56.59,34.83,27.03,59.56,27.54,84.78,84.78,100.00,54.24,91.50,43.17,87.65,100.00,58.82,43.16,26.46,15.82,26.14,57.95,11.47
NAM,Namibia,Sub-Saharan Africa,2024,Transitioner,55.88,67.99,52.89,72.27,37.51,82.60,50.74,73.29,42.61,44.68,89.86,55.57,67.34,93.90,37.65,36.92,100.00,95.00,86.50,0.00,21.28,49.80,81.13,90.48,83.00,21.00,0.00,63.59,50.03,34.03,22.79,60.69,28.67,84.78,84.78,100.00,55.57,91.50,43.17,87.80,100.00,58.27,49.96,28.18,13.74,27.60,70.97,36.92
NER,Niger,Sub-Saharan Africa,2014,Discoverer,15.03,15.81,14.49,11.84,18.81,22.80,1.56,30.34,3.99,3.46,57.53,19.01,16.52,0.00,21.32,8.80,80.00,17.00,0.00,,1.21,3.47,0.00,28.57,33.00,,,7.99,7.99,0.00,0.00,6.92,0.00,63.22,34.17,75.21,19.01,33.05,0.00,0.00,0.00,29.84,12.60,0.76,24.46,40.77,8.92,8.80
NER,Niger,Sub-Saharan Africa,2015,Discoverer,15.89,16.62,14.25,12.48,21.57,23.60,2.79,30.34,2.54,1.00,64.19,20.57,16.86,0.00,24.08,11.53,80.00,19.00,0.00,,3.44,4.91,0.00,28.57,33.00,,,5.09,5.09,0.00,0.00,2.00,0.00,59.84,57.32,75.41,20.57,33.05,0.67,0.00,0.00,32.42,9.92,0.78,36.26,40.77,10.37,11.53
NER,Niger,Sub-Saharan Africa,2016,Discoverer,18.00,16.89,13.88,19.17,23.35,24.00,3.06,30.34,4.97,4.71,50.05,26.18,17.68,13.64,25.63,14.27,80.00,20.00,0.00,,3.36,5.80,0.00,28.57,33.00,,,9.94,9.94,0.00,0.00,9.42,0.00,59.84,14.91,75.41,26.18,33.05,2.31,27.27,0.00,32.63,7.25,1.69,44.32,40.77,10.20,14.27
NER,Niger,Sub-Saharan Africa,2017,Discoverer,18.93,18.49,18.49,15.25,24.61,27.40,3.66,30.34,16.50,4.70,50.07,27.05,18.71,0.00,26.51,17.00,89.00,24.00,0.00,,3.92,7.07,0.00,28.57,33.00,,,23.65,23.65,9.34,9.34,9.41,0.00,59.84,14.97,75.41,27.05,33.05,4.38,0.00,0.00,32.69,11.61,1.99,46.23,40.77,10.13,17.00
NER,Niger,Sub-Saharan Africa,2018,Discoverer,19.27,21.61,18.23,15.69,22.32,32.07,3.92,36.06,17.52,2.56,51.00,27.69,19.38,0.00,25.55,9.40,92.00,34.18,0.00,,3.70,8.07,0.00,38.10,33.00,,,24.68,24.68,10.36,10.36,5.12,0.00,59.84,17.77,75.41,27.69,33.05,5.71,0.00,0.00,32.77,15.97,1.96,39.51,40.77,9.56,9.40
NER,Niger,Sub-Saharan Africa,2019,Discoverer,19.58,24.58,15.97,16.30,22.97,39.20,4.21,36.06,8.97,5.50,50.93,28.25,20.65,0.00,26.12,10.39,92.00,44.80,7.20,,4.17,8.47,0.00,38.10,33.00,,,25.09,0.00,10.77,0.00,11.01,0.00,59.84,17.53,75.41,28.25,33.69,7.60,0.00,0.00,32.67,22.69,2.03,38.61,40.77,10.34,10.39
NER,Niger,Sub-Saharan Africa,2020,Discoverer,20.93,28.39,16.23,16.90,24.64,47.89,5.05,36.06,9.54,5.57,50.93,28.75,21.95,0.00,27.96,11.38,92.00,58.73,15.00,,6.30,8.86,0.00,38.10,33.00,,,25.22,0.00,12.92,0.00,11.15,0.00,59.84,17.53,75.41,28.75,34.33,9.57,0.00,0.00,32.92,29.41,2.36,38.62,46.04,10.30,11.38
NER,Niger,Sub-Saharan Africa,2021,Discoverer,22.57,32.88,18.04,17.62,24.83,48.31,19.41,28.95,11.54,8.14,50.86,29.33,23.30,0.23,28.19,11.38,92.00,66.68,31.10,0.00,5.13,8.02,45.07,38.10,33.00,0.00,0.00,25.36,7.74,13.06,0.00,14.80,1.48,59.84,17.34,75.41,29.33,34.97,11.63,0.46,0.00,32.67,34.23,2.46,37.78,45.81,10.21,11.38
NER,Niger,Sub-Saharan Africa,2022,Discoverer,24.08,35.34,21.15,18.91,23.77,52.07,21.80,28.95,13.18,14.31,50.78,30.00,23.62,3.13,26.87,11.38,92.00,72.18,35.00,0.00,5.28,9.98,50.15,38.10,33.00,0.00,0.00,27.54,9.92,15.24,0.00,20.97,7.65,59.84,17.10,75.41,30.00,35.61,11.63,6.25,0.00,32.16,39.04,1.73,33.66,42.39,9.75,11.38
NER,Niger,Sub-Saharan Africa,2023,Discoverer,29.44,35.73,22.23,39.85,23.73,56.40,17.95,29.95,15.28,14.91,50.78,30.76,23.62,65.17,26.82,11.38,92.00,78.00,40.00,0.00,6.15,13.48,34.21,38.10,36.33,0.00,0.00,28.10,14.77,15.80,2.47,21.57,8.24,59.84,17.09,75.41,30.76,35.61,11.63,30.35,100.00,31.74,39.04,2.20,32.23,43.67,9.49,11.38
NER,Niger,Sub-Saharan Africa,2024,Discoverer,27.19,42.60,22.78,19.38,29.07,60.32,31.20,29.95,13.95,17.62,50.78,32.13,23.62,2.38,25.87,41.86,92.00,84.85,42.96,0.00,9.62,17.62,66.35,38.10,36.33,0.00,0.00,26.27,13.37,13.97,2.19,24.28,10.96,59.84,17.09,75.41,32.13,35.61,11.63,0.00,4.76,30.58,30.84,2.32,27.15,48.80,10.21,41.86
NGA,Nigeria,Sub-Saharan Africa,2014,Emerging,37.20,28.98,48.52,40.88,33.32,41.64,2.90,55.81,24.10,47.19,100.00,37.78,40.80,44.05,30.63,44.10,87.20,60.50,0.00,,4.09,4.62,0.00,61.90,46.67,,,38.28,24.95,23.24,9.91,55.34,39.05,100.00,100.00,100.00,37.78,58.22,23.38,63.77,24.32,27.75,30.71,6.82,40.44,36.27,53.00,44.10
NGA,Nigeria,Sub-Saharan Africa,2015,Emerging,38.32,32.00,45.52,41.69,35.51,41.84,4.55,67.24,24.37,43.75,91.38,39.50,41.52,44.05,32.30,48.37,87.20,61.00,0.00,,7.08,6.56,0.00,80.95,46.67,,,38.55,25.22,23.51,10.18,51.89,35.60,100.00,74.15,100.00,39.50,58.22,24.83,63.77,24.32,29.29,36.01,5.90,45.54,36.27,53.00,48.37
NGA,Nigeria,Sub-Saharan Africa,2016,Emerging,42.49,37.18,55.23,42.07,37.71,47.04,10.29,71.24,49.45,42.94,91.39,43.64,42.25,40.34,33.98,52.63,89.00,62.05,11.04,,8.87,8.63,13.36,80.95,56.67,,,63.63,50.30,48.59,35.26,51.09,34.80,100.00,74.18,100.00,43.64,58.22,26.27,56.35,24.32,29.54,41.30,7.85,49.10,36.27,53.00,52.63
NGA,Nigeria,Sub-Saharan Africa,2017,Emerging,47.10,44.05,55.46,50.12,40.17,49.92,24.60,71.24,51.29,40.33,94.06,45.13,43.91,61.32,35.99,56.90,89.00,66.13,14.17,,9.53,11.33,52.92,80.95,56.67,,,65.27,51.94,50.65,37.32,48.25,32.41,100.00,82.18,100.00,45.13,60.11,27.72,85.81,36.83,32.51,47.04,8.68,52.49,36.27,53.00,56.90
NGA,Nigeria,Sub-Saharan Africa,2018,Emerging,48.45,45.93,54.77,51.32,42.69,52.80,26.40,71.24,61.24,28.60,94.18,46.24,45.58,62.14,37.11,65.00,89.00,70.20,17.30,,10.59,13.79,54.83,80.95,56.67,,,68.55,68.55,53.93,53.93,36.52,20.68,100.00,82.55,100.00,46.24,62.00,29.16,83.06,41.22,33.51,52.78,11.45,51.44,36.27,53.00,65.00
NGA,Nigeria,Sub-Saharan Africa,2019,Emerging,49.02,54.42,45.78,51.14,45.33,67.74,31.37,73.90,40.88,26.47,94.21,47.22,46.50,59.71,37.94,74.88,89.00,78.30,46.54,,11.83,17.91,64.36,80.95,63.33,,,57.00,39.38,42.38,24.76,34.39,18.55,100.00,82.62,100.00,47.22,62.39,30.61,77.31,42.11,34.00,52.27,13.03,53.77,36.27,53.00,74.88
NGA,Nigeria,Sub-Saharan Africa,2020,Transitioner,54.01,57.90,55.44,53.76,49.31,74.00,33.80,73.90,40.50,52.80,90.59,48.11,47.35,65.81,40.44,84.76,89.80,80.00,60.10,,13.47,19.38,68.56,80.95,63.33,,,55.66,39.97,41.04,25.34,60.73,44.88,100.00,71.78,100.00,48.11,62.77,31.93,88.76,42.86,34.91,51.76,15.52,56.95,42.45,53.00,84.76
NGA,Nigeria,Sub-Saharan Africa,2021,Transitioner,53.39,54.88,58.63,51.28,49.25,70.16,33.55,66.98,44.74,56.57,90.54,49.13,48.21,56.49,40.38,84.76,90.80,82.40,70.30,0.00,10.16,18.15,72.33,80.95,63.33,50.00,0.00,60.86,43.24,46.24,28.62,64.49,48.65,100.00,71.63,100.00,49.13,63.16,33.26,84.86,28.13,34.75,52.13,15.07,57.91,41.59,53.00,84.76
NGA,Nigeria,Sub-Saharan Africa,2022,Transitioner,54.73,59.42,60.36,50.54,49.49,74.32,35.88,76.73,46.82,58.82,90.54,50.31,48.87,52.45,40.67,84.76,92.00,83.00,79.00,3.20,10.99,21.45,75.20,80.95,83.33,75.00,0.00,62.94,45.32,48.32,30.69,66.74,50.90,100.00,71.63,100.00,50.31,63.16,34.58,81.71,23.18,34.74,52.50,14.26,59.17,42.42,53.00,84.76
NGA,Nigeria,Sub-Saharan Africa,2023,Transitioner,52.84,62.32,48.24,52.02,49.83,77.63,39.81,76.73,42.70,32.49,90.84,51.65,48.87,55.54,41.10,84.76,93.00,86.00,82.00,11.30,17.60,27.87,73.97,80.95,83.33,75.00,0.00,58.82,41.20,44.20,26.57,40.41,24.57,100.00,72.51,100.00,51.65,63.16,34.58,84.31,26.76,35.38,52.50,16.12,58.11,43.13,53.00,84.76
NGA,Nigeria,Sub-Saharan Africa,2024,Transitioner,51.62,65.66,40.17,55.05,48.92,80.03,45.74,76.73,36.79,18.18,90.90,52.66,48.87,63.62,40.54,82.40,94.14,89.00,84.00,14.20,24.02,36.36,76.85,80.95,83.33,75.00,0.00,55.03,37.36,40.41,14.34,26.10,10.26,100.00,72.70,100.00,52.66,63.16,34.58,92.51,34.73,35.70,53.72,16.55,52.13,44.99,53.00,82.40
NIC,Nicaragua,Latin America & Caribbean,2014,Emerging,41.16,32.15,36.42,57.66,42.53,42.80,11.67,51.81,21.05,38.23,63.54,41.34,60.97,70.67,49.48,14.70,72.00,71.00,0.00,,5.21,5.06,24.74,61.90,36.67,,,21.03,40.85,1.25,21.07,48.94,27.51,84.78,5.84,100.00,41.34,82.60,39.35,91.34,50.00,42.94,9.45,16.63,47.49,95.89,79.50,14.70
NIC,Nicaragua,Latin America & Caribbean,2015,Emerging,45.32,41.04,39.11,57.08,46.05,57.80,18.89,51.81,24.91,41.32,63.12,38.97,61.60,70.67,53.90,14.67,75.00,75.00,32.00,,6.49,5.89,44.30,61.90,36.67,,,24.89,44.70,5.11,24.92,52.03,30.60,84.78,4.57,100.00,38.97,82.60,40.60,91.34,50.00,47.52,23.93,20.49,52.40,95.89,82.49,14.67
NIC,Nicaragua,Latin America & Caribbean,2016,Emerging,47.69,44.16,37.94,62.08,49.73,63.60,20.91,51.81,22.80,40.31,63.50,48.97,62.26,75.00,58.51,14.63,80.00,80.00,39.00,,9.02,12.03,41.67,61.90,36.67,,,22.78,42.60,3.00,22.82,51.03,29.59,84.78,5.72,100.00,48.97,82.60,41.92,100.00,50.00,47.94,38.41,31.08,54.44,95.89,87.94,14.63
NIC,Nicaragua,Latin America & Caribbean,2017,Transitioner,50.05,52.71,38.33,60.79,51.11,69.40,36.47,51.81,24.01,39.96,63.70,51.19,62.93,68.25,60.23,14.60,85.00,85.00,46.00,,13.96,20.05,75.41,61.90,36.67,,,23.99,43.81,4.21,24.02,50.67,29.24,84.78,6.32,100.00,51.19,82.60,43.26,62.64,73.87,47.95,39.34,38.31,56.47,95.89,85.75,14.60
NIC,Nicaragua,Latin America & Caribbean,2018,Transitioner,51.41,53.91,36.84,68.31,51.47,69.40,39.46,51.81,21.67,38.58,63.70,53.09,63.61,88.24,61.11,12.90,85.00,85.00,46.00,,17.35,24.73,76.30,61.90,36.67,,,31.56,31.56,11.78,11.78,49.30,27.87,84.78,6.32,100.00,53.09,82.60,44.62,100.00,76.47,48.22,40.28,40.80,56.51,95.89,88.00,12.90
NIC,Nicaragua,Latin America & Caribbean,2019,Emerging,48.61,55.76,29.86,63.51,52.81,70.60,42.91,51.81,14.44,27.47,65.49,54.65,64.30,71.57,63.27,10.95,85.00,85.00,49.00,,17.30,30.39,81.03,61.90,36.67,,,31.71,14.10,11.93,0.00,38.19,16.76,84.78,11.70,100.00,54.65,82.60,46.01,72.22,70.91,47.82,47.50,45.51,58.13,95.89,90.50,10.95
NIC,Nicaragua,Latin America & Caribbean,2020,Transitioner,51.21,57.32,33.21,67.20,53.76,74.80,42.59,51.81,16.01,34.89,64.27,56.20,65.01,80.38,64.95,9.00,88.00,88.00,55.00,,15.78,29.52,82.46,61.90,36.67,,,32.38,19.05,12.60,0.00,45.60,24.17,84.78,8.02,100.00,56.20,82.60,47.42,83.59,77.17,48.05,54.71,50.88,59.27,95.59,87.25,9.00
NIC,Nicaragua,Latin America & Caribbean,2021,Transitioner,51.96,52.62,34.51,73.85,54.34,71.30,39.27,41.95,21.45,32.29,65.07,58.36,65.73,97.47,65.68,9.00,92.00,92.00,63.25,0.00,10.64,24.49,82.67,61.90,36.67,0.00,0.00,34.77,27.91,14.99,8.13,43.00,21.57,84.78,10.42,100.00,58.36,82.60,48.85,94.95,100.00,47.90,51.40,54.42,60.74,95.62,88.00,9.00
NIC,Nicaragua,Latin America & Caribbean,2022,Transitioner,53.56,55.96,36.41,75.30,53.66,78.66,40.26,41.95,26.74,31.56,65.43,60.17,65.73,100.00,64.83,9.00,94.91,94.91,78.00,0.00,11.57,25.48,83.73,61.90,36.67,0.00,0.00,36.63,36.63,16.85,16.85,42.28,20.85,84.78,11.51,100.00,60.17,82.60,48.85,100.00,100.00,47.67,48.09,49.30,61.52,96.10,91.00,9.00
NIC,Nicaragua,Latin America & Caribbean,2023,Transitioner,54.69,56.19,39.68,73.91,54.29,78.66,40.84,41.95,29.35,37.38,64.93,61.86,65.73,94.14,65.61,9.00,94.91,94.91,78.00,0.00,12.71,27.98,81.83,61.90,36.67,0.00,0.00,39.24,39.24,19.46,19.46,48.09,26.66,84.78,10.02,100.00,61.86,82.60,48.85,91.23,97.06,47.48,48.09,52.15,59.87,100.00,89.00,9.00
NIC,Nicaragua,Latin America & Caribbean,2024,Transitioner,54.46,55.84,36.96,76.37,55.82,77.22,41.41,41.95,20.69,39.24,64.93,63.39,65.73,100.00,64.63,20.55,79.37,94.76,78.45,0.00,14.51,28.13,81.58,61.90,36.67,0.00,0.00,34.19,28.69,14.41,5.48,49.95,28.52,84.78,10.02,100.00,63.39,82.60,48.85,100.00,100.00,46.81,44.93,54.24,55.37,100.00,88.57,20.55
NLD,Netherlands,Europe & Central Asia,2014,Advanced,79.30,68.58,82.31,88.39,79.25,99.60,37.29,69.12,91.21,76.83,75.48,76.07,92.28,96.81,82.17,67.60,100.00,99.50,99.50,,19.54,30.37,61.96,61.90,79.95,,,100.00,91.15,93.50,80.17,82.78,70.88,63.22,63.22,100.00,76.07,98.00,86.55,100.00,93.62,91.18,92.91,47.07,100.00,77.86,96.56,67.60
NLD,Netherlands,Europe & Central Asia,2015,Leader,81.89,75.38,83.70,89.03,80.07,99.60,54.29,69.12,97.86,73.64,75.48,77.64,92.65,96.81,82.48,70.40,100.00,99.50,99.50,,34.05,54.99,73.82,61.90,79.95,,,100.00,100.00,100.00,91.46,79.49,67.78,63.22,63.22,100.00,77.64,98.00,87.31,100.00,93.62,91.47,92.83,48.00,100.00,77.86,97.35,70.40
NLD,Netherlands,Europe & Central Asia,2016,Leader,83.29,81.51,81.41,88.85,81.61,99.60,69.61,69.12,91.96,73.81,75.48,84.12,93.03,89.40,83.72,73.20,100.00,99.50,99.50,,52.11,74.34,82.37,61.90,79.95,,,100.00,92.10,94.54,81.21,79.72,67.91,63.22,63.22,100.00,84.12,98.00,88.06,85.19,93.62,91.67,92.75,54.18,100.00,77.86,97.02,73.20
NLD,Netherlands,Europe & Central Asia,2017,Leader,83.77,85.89,80.46,86.24,82.61,100.00,80.17,69.12,89.24,74.17,75.48,86.17,92.58,79.97,84.27,76.00,100.00,100.00,100.00,,70.30,83.76,86.43,61.90,79.95,,,100.00,88.53,90.88,77.55,80.12,68.22,63.22,63.22,100.00,86.17,98.00,87.16,81.88,78.05,91.82,92.91,56.82,100.00,77.86,96.76,76.00
NLD,Netherlands,Europe & Central Asia,2018,Leader,84.86,88.11,78.69,88.12,84.89,100.00,85.72,69.12,83.89,75.09,75.48,87.61,93.50,83.26,83.99,88.50,100.00,100.00,100.00,,79.79,89.93,87.43,61.90,79.95,,,89.33,89.33,78.44,78.44,80.99,69.19,63.22,63.22,100.00,87.61,98.00,88.99,85.35,81.18,91.93,93.06,55.41,100.00,77.86,96.43,88.50
NLD,Netherlands,Europe & Central Asia,2019,Leader,87.21,92.08,79.70,90.98,86.66,100.00,95.64,69.12,82.46,79.03,75.48,88.35,93.26,91.34,85.13,92.78,100.00,100.00,100.00,,98.61,100.00,88.31,61.90,79.95,,,90.23,85.94,78.99,74.70,85.12,72.95,63.22,63.22,100.00,88.35,98.00,88.51,89.58,93.10,92.04,91.83,61.60,100.00,77.86,96.42,92.78
NLD,Netherlands,Europe & Central Asia,2020,Leader,90.30,96.48,83.32,90.82,91.08,100.00,96.73,88.93,82.09,88.48,75.48,89.04,93.39,90.04,89.59,97.05,100.00,100.00,100.00,,100.00,100.00,90.18,90.48,86.62,,,89.80,84.36,79.81,74.37,93.89,83.07,63.22,63.22,100.00,89.04,98.00,88.78,93.13,86.96,92.36,90.59,83.50,100.00,78.08,97.47,97.05
NLD,Netherlands,Europe & Central Asia,2021,Leader,88.10,88.27,83.89,88.84,91.56,98.23,86.83,71.22,84.16,87.83,75.48,89.64,93.53,83.34,90.19,97.05,100.00,100.00,100.00,82.30,85.25,84.72,90.52,90.48,86.62,0.00,0.00,92.85,85.29,83.03,75.46,93.15,82.51,63.22,63.22,100.00,89.64,98.00,89.05,79.59,87.10,92.54,90.43,86.13,100.00,78.09,97.92,97.05
NLD,Netherlands,Europe & Central Asia,2022,Leader,88.65,92.00,82.44,88.72,91.78,99.52,94.87,71.22,83.63,84.73,75.48,90.10,94.12,81.94,90.46,97.05,100.00,99.90,99.90,96.00,99.45,94.49,90.66,90.48,86.62,0.00,0.00,93.35,83.72,83.53,73.90,90.05,79.41,63.22,63.22,100.00,90.10,98.00,90.23,82.82,81.05,92.62,90.26,86.61,100.00,78.87,98.18,97.05
NLD,Netherlands,Europe & Central Asia,2023,Leader,90.56,92.90,84.37,94.15,91.17,99.72,96.91,71.22,83.81,89.36,75.48,90.43,94.12,97.89,89.70,97.05,100.00,99.90,99.90,98.00,100.00,100.00,90.72,90.48,86.62,0.00,0.00,94.64,82.81,84.82,72.99,94.68,84.04,63.22,63.22,100.00,90.43,98.00,90.23,100.00,95.79,92.66,90.26,82.19,100.00,79.48,98.05,97.05
NLD,Netherlands,Europe & Central Asia,2024,Leader,90.45,95.16,83.27,91.01,92.81,99.47,97.20,82.47,79.95,90.48,75.48,90.41,94.12,88.51,91.21,99.22,99.50,99.50,99.50,99.19,100.00,100.00,91.60,90.48,86.62,75.00,0.00,87.81,82.52,77.99,71.49,95.80,85.16,63.22,63.22,100.00,90.41,98.00,90.23,89.80,87.23,92.65,92.12,82.30,100.00,85.67,98.76,99.22
NOR,Norway,Europe & Central Asia,2014,Leader,80.16,65.26,89.53,88.52,79.81,93.20,37.06,65.78,97.80,92.69,66.67,75.72,91.92,97.92,81.39,73.50,100.00,99.00,84.00,,20.59,28.81,61.79,61.90,71.60,,,100.00,100.00,98.14,93.05,98.32,87.07,50.00,50.00,100.00,75.72,100.00,83.83,100.00,95.83,83.64,75.59,54.22,94.35,91.99,89.94,73.50
NOR,Norway,Europe & Central Asia,2015,Leader,82.18,74.15,85.60,88.89,80.86,98.80,53.68,65.78,94.48,86.19,66.67,76.74,92.02,97.92,82.27,75.20,100.00,99.00,98.00,,35.14,48.82,77.09,61.90,71.60,,,100.00,97.97,92.51,87.42,91.91,80.47,50.00,50.00,100.00,76.74,100.00,84.03,100.00,95.83,84.14,78.01,55.63,96.05,91.99,89.11,75.20
NOR,Norway,Europe & Central Asia,2016,Leader,84.85,80.68,84.80,91.60,82.71,98.80,69.02,67.78,94.07,84.61,66.67,84.55,92.34,97.92,84.16,76.90,100.00,99.00,98.00,,53.37,69.93,83.76,61.90,76.60,,,100.00,97.72,91.83,86.74,90.56,78.66,50.00,50.00,100.00,84.55,100.00,84.69,100.00,95.83,84.54,80.44,60.87,97.42,91.99,91.49,76.90
NOR,Norway,Europe & Central Asia,2017,Leader,86.74,87.73,82.45,92.87,84.26,99.20,86.23,67.78,87.79,85.00,66.67,87.35,92.93,98.32,85.67,78.60,100.00,99.00,99.00,,80.60,92.97,85.13,61.90,76.60,,,95.57,90.48,85.10,80.01,90.67,79.32,50.00,50.00,100.00,87.35,100.00,85.87,96.63,100.00,84.80,87.79,64.21,98.75,91.99,89.42,78.60
NOR,Norway,Europe & Central Asia,2018,Leader,88.10,90.35,82.63,92.75,86.97,99.16,92.83,67.78,99.94,73.31,66.67,88.18,93.31,96.77,86.41,89.20,99.80,99.00,99.00,,94.48,99.11,84.90,61.90,76.60,,,100.00,100.00,100.00,99.76,79.08,67.55,50.00,50.00,100.00,88.18,100.00,86.62,100.00,93.55,84.94,95.14,65.66,97.48,91.99,88.85,89.20
NOR,Norway,Europe & Central Asia,2019,Leader,89.88,95.49,82.37,94.12,88.17,99.18,94.66,89.78,88.95,83.64,66.67,88.75,93.60,100.00,86.95,93.05,99.90,99.00,99.00,,100.00,100.00,83.99,95.24,81.60,,,100.00,83.43,99.65,72.70,89.45,77.83,50.00,50.00,100.00,88.75,100.00,87.21,100.00,100.00,85.12,91.40,69.51,97.84,91.99,89.19,93.05
NOR,Norway,Europe & Central Asia,2020,Leader,90.98,95.84,84.40,93.30,90.79,99.18,95.54,89.78,87.80,89.85,66.67,89.32,93.92,96.67,89.26,96.89,99.90,99.00,99.00,,100.00,100.00,86.61,95.24,81.60,,,100.00,81.82,98.55,70.84,95.80,83.90,50.00,50.00,100.00,89.32,100.00,87.83,93.33,100.00,85.43,87.65,82.17,98.05,92.09,89.48,96.89
NOR,Norway,Europe & Central Asia,2021,Leader,91.71,93.64,87.55,94.65,91.18,93.69,94.36,92.10,90.65,94.89,66.67,89.76,94.18,100.00,89.75,96.89,99.90,99.00,99.00,45.00,100.00,95.98,87.11,95.24,81.60,100.00,100.00,100.00,88.31,96.88,77.41,100.00,89.77,50.00,50.00,100.00,89.76,100.00,88.35,100.00,100.00,85.62,83.86,85.82,98.25,91.85,90.57,96.89
NOR,Norway,Europe & Central Asia,2022,Leader,92.48,95.74,88.77,95.12,90.47,97.59,95.71,92.10,92.10,96.49,66.67,90.06,95.31,100.00,88.87,96.89,99.90,99.00,99.00,84.00,100.00,100.00,87.12,95.24,81.60,100.00,100.00,100.00,91.92,94.95,81.52,100.00,92.98,50.00,50.00,100.00,90.06,100.00,90.61,100.00,100.00,85.61,80.07,84.70,95.90,91.99,92.18,96.89
NOR,Norway,Europe & Central Asia,2023,Leader,91.57,96.36,86.41,94.22,89.62,98.69,96.16,92.10,87.74,94.94,66.67,90.39,95.31,96.97,87.80,96.89,99.90,99.00,99.00,95.00,100.00,100.00,88.48,95.24,81.60,100.00,100.00,98.81,87.08,88.41,76.68,100.00,89.88,50.00,50.00,100.00,90.39,100.00,90.61,100.00,93.94,85.65,80.07,80.71,95.12,91.64,91.72,96.89
NOR,Norway,Europe & Central Asia,2024,Leader,90.85,96.63,81.99,95.29,90.25,98.94,96.59,92.10,76.78,94.86,66.67,90.56,95.31,100.00,88.56,97.02,99.90,99.00,99.00,97.50,100.00,100.00,89.76,95.24,81.60,100.00,100.00,81.88,84.76,71.49,69.00,100.00,89.72,50.00,50.00,100.00,90.56,100.00,90.61,100.00,100.00,85.42,91.17,78.42,92.28,94.68,92.77,97.02
NPL,Nepal,South Asia,2014,Discoverer,34.22,29.67,31.58,46.58,31.40,48.30,10.86,30.03,37.32,19.45,44.37,44.08,57.39,38.26,36.30,11.80,80.62,80.44,0.00,,6.04,6.93,19.61,31.38,28.00,,,51.20,35.12,39.53,23.45,25.78,13.13,40.63,92.48,0.00,44.08,65.50,49.28,76.53,0.00,37.32,15.75,14.53,51.33,50.48,39.97,11.80
NPL,Nepal,South Asia,2015,Emerging,37.76,36.01,33.61,47.33,35.50,50.95,24.06,30.03,39.15,18.71,52.33,46.60,57.13,38.26,40.12,17.03,80.62,87.07,0.00,,7.75,9.36,55.08,31.38,28.00,,,53.03,36.94,41.35,25.27,25.03,12.39,53.23,92.48,11.29,46.60,65.50,48.75,76.53,0.00,39.12,27.80,18.03,57.99,50.48,42.11,17.03
NPL,Nepal,South Asia,2016,Emerging,39.55,39.04,36.79,43.67,39.01,52.40,30.19,30.03,44.62,29.02,36.66,40.52,57.35,33.12,43.19,22.27,82.00,90.00,0.00,,10.05,11.93,68.59,31.38,28.00,,,58.50,42.41,46.82,30.74,35.35,22.70,56.50,34.76,18.70,40.52,65.50,49.21,66.24,0.00,40.12,39.86,23.55,61.38,50.48,40.99,22.27
NPL,Nepal,South Asia,2017,Emerging,43.97,43.65,43.93,45.11,43.22,60.59,33.51,30.03,42.44,29.51,75.75,42.68,58.19,34.45,47.16,27.50,91.97,90.00,15.50,,10.62,16.01,73.90,31.38,28.00,,,56.32,40.24,44.64,28.56,35.83,23.19,92.48,34.76,100.00,42.68,66.70,49.68,58.90,10.00,40.79,54.30,30.69,64.53,50.48,44.27,27.50
NPL,Nepal,South Asia,2018,Emerging,42.07,44.55,27.30,57.42,44.85,61.66,34.69,30.03,47.46,7.20,27.20,44.56,58.77,68.92,49.56,26.00,92.47,90.00,17.92,,10.35,19.11,74.63,31.38,28.00,,,59.58,47.00,47.91,35.33,13.52,0.88,46.83,34.76,0.00,44.56,67.90,49.65,71.89,65.96,41.65,68.75,32.44,66.03,50.48,45.66,26.00
NPL,Nepal,South Asia,2019,Emerging,47.36,53.19,35.90,56.24,46.82,75.10,39.35,37.08,39.32,30.73,39.41,45.74,59.60,63.40,49.65,35.50,92.47,90.00,51.52,,13.66,25.76,78.62,40.90,31.33,,,51.92,38.40,40.25,26.73,37.05,24.41,46.83,71.41,0.00,45.74,68.71,50.48,83.94,42.86,42.35,54.38,34.04,68.73,50.48,50.96,35.50
NPL,Nepal,South Asia,2020,Emerging,45.94,56.77,32.07,49.01,49.92,79.40,43.99,37.08,38.38,22.10,39.41,47.02,60.01,40.01,51.16,44.99,92.47,90.00,62.27,,16.21,33.04,82.72,40.90,31.33,,,49.68,38.76,38.01,27.09,28.42,15.78,46.83,71.41,0.00,47.02,68.71,51.31,79.47,0.55,42.86,40.00,43.43,70.80,53.87,49.66,44.99
NPL,Nepal,South Asia,2021,Emerging,48.13,54.97,32.55,59.43,50.47,75.92,46.57,29.85,40.45,21.22,39.41,49.45,58.99,69.85,51.84,44.99,93.00,90.00,76.55,0.00,14.09,40.20,85.43,40.90,31.33,0.00,0.00,51.15,41.42,39.47,29.75,27.54,14.90,46.83,71.41,0.00,49.45,68.71,49.27,75.00,64.71,43.47,42.96,44.87,71.77,52.46,50.35,44.99
NPL,Nepal,South Asia,2022,Transitioner,52.84,58.02,40.26,66.74,50.01,80.50,49.62,29.85,56.59,24.37,39.41,50.66,58.99,90.57,51.27,44.99,93.00,90.00,88.00,0.00,14.98,46.52,87.37,40.90,31.33,0.00,0.00,72.21,52.64,60.54,40.97,30.69,18.04,46.83,71.41,0.00,50.66,68.71,49.27,100.00,81.13,44.35,45.92,40.85,72.12,53.44,45.22,44.99
NPL,Nepal,South Asia,2023,Transitioner,52.12,58.93,40.49,60.79,50.86,80.62,51.77,29.85,54.75,26.77,39.41,51.53,58.99,71.84,52.33,44.99,93.00,90.00,88.31,0.00,17.14,49.90,88.26,40.90,31.33,0.00,0.00,70.92,50.25,59.25,38.58,33.09,20.45,46.83,71.41,0.00,51.53,68.71,49.27,76.47,67.21,45.06,45.92,43.16,72.39,55.28,45.59,44.99
NPL,Nepal,South Asia,2024,Transitioner,51.57,61.94,34.50,59.78,55.37,80.90,59.03,29.85,38.78,27.77,39.41,53.34,58.99,67.01,51.77,69.76,93.00,90.00,89.00,0.00,22.12,63.80,91.18,40.90,31.33,0.00,0.00,51.48,36.95,39.81,26.88,34.10,21.45,46.83,71.41,0.00,53.34,68.71,49.27,67.87,66.15,45.90,44.81,44.94,69.72,56.06,39.67,69.76
NZL,New Zealand,East Asia & Pacific,2014,Leader,81.66,65.98,93.41,89.51,80.59,88.78,40.56,71.24,88.60,100.00,89.86,71.89,96.64,100.00,82.37,73.50,97.00,99.00,74.44,,27.77,34.97,58.93,80.95,56.67,,,100.00,85.10,93.13,76.17,100.00,100.00,84.78,84.78,100.00,71.89,99.00,94.28,100.00,100.00,82.41,84.25,48.33,93.01,95.95,100.00,73.50
NZL,New Zealand,East Asia & Pacific,2015,Leader,85.05,76.93,92.72,89.59,81.86,95.00,57.21,80.24,88.43,98.44,89.86,72.48,96.30,100.00,84.09,72.93,97.00,99.00,90.00,,41.51,59.51,70.61,80.95,79.17,,,100.00,84.99,92.85,75.89,100.00,96.88,84.78,84.78,100.00,72.48,99.00,93.61,100.00,100.00,83.01,89.23,51.84,95.03,95.95,100.00,72.93
NZL,New Zealand,East Asia & Pacific,2016,Leader,87.09,81.09,93.30,90.85,83.68,96.80,65.80,80.24,88.86,99.47,89.86,76.67,95.88,100.00,86.51,72.37,98.00,99.00,94.00,,46.90,72.86,77.63,80.95,79.17,,,100.00,85.62,93.38,76.42,100.00,98.94,84.78,84.78,100.00,76.67,99.00,92.76,100.00,100.00,83.16,94.20,59.48,96.85,95.95,100.00,72.37
NZL,New Zealand,East Asia & Pacific,2017,Leader,87.89,83.00,93.92,90.40,84.67,98.40,68.99,80.24,89.95,99.93,89.86,78.64,92.55,100.00,87.89,71.80,98.00,99.00,98.00,,52.77,73.95,80.26,80.95,79.17,,,100.00,86.57,95.09,78.13,100.00,99.86,84.78,84.78,100.00,78.64,99.00,86.10,100.00,100.00,83.31,94.67,64.69,98.16,95.95,100.00,71.80
NZL,New Zealand,East Asia & Pacific,2018,Leader,89.07,84.50,95.21,91.36,85.65,98.40,72.73,80.24,95.55,97.54,89.86,81.07,94.21,98.80,87.34,78.90,98.00,99.00,98.00,,62.47,75.24,80.48,80.95,79.17,,,100.00,95.08,100.00,87.12,100.00,95.07,84.78,84.78,100.00,81.07,99.00,89.43,100.00,97.59,83.26,95.14,63.28,96.66,95.95,100.00,78.90
NZL,New Zealand,East Asia & Pacific,2019,Leader,86.66,85.56,84.29,89.81,87.07,98.40,75.39,80.24,71.53,94.26,89.86,82.62,93.72,93.08,88.47,81.47,98.00,99.00,98.00,,65.48,81.00,79.68,80.95,79.17,,,88.02,65.25,77.81,55.04,99.79,88.73,84.78,84.78,100.00,82.62,99.00,88.44,93.06,93.10,83.12,94.04,70.06,96.23,95.95,100.00,81.47
NZL,New Zealand,East Asia & Pacific,2020,Leader,89.08,88.66,85.51,93.75,88.59,98.40,83.12,80.24,69.47,99.37,89.86,83.57,97.68,100.00,89.73,84.04,98.00,99.00,98.00,,81.51,84.57,83.28,80.95,79.17,,,86.63,66.66,72.29,52.32,100.00,98.75,84.78,84.78,100.00,83.57,99.00,96.36,100.00,100.00,83.20,92.94,75.58,96.44,96.94,100.00,84.04
NZL,New Zealand,East Asia & Pacific,2021,Leader,86.08,78.47,86.15,90.57,89.67,90.03,71.04,70.23,73.96,96.49,89.86,84.31,96.71,90.69,91.08,84.04,98.50,99.00,98.00,13.80,60.33,67.96,84.83,80.95,79.17,40.00,0.00,91.26,71.87,76.05,56.67,100.00,92.99,84.78,84.78,100.00,84.31,99.00,94.41,92.75,88.64,83.34,94.37,81.90,96.50,96.48,100.00,84.04
NZL,New Zealand,East Asia & Pacific,2022,Leader,88.03,82.33,86.62,94.44,89.15,90.44,78.77,73.23,76.82,94.80,89.86,84.91,98.40,100.00,90.42,84.04,98.25,99.00,98.00,18.17,78.21,73.11,84.99,80.95,79.17,60.00,0.00,92.40,73.71,79.93,61.24,100.00,89.59,84.78,84.78,100.00,84.91,99.00,97.81,100.00,100.00,83.36,95.79,80.37,94.43,96.05,100.00,84.04
NZL,New Zealand,East Asia & Pacific,2023,Leader,88.69,87.04,86.02,93.28,88.60,91.35,89.64,73.23,77.21,92.93,89.86,85.30,98.40,96.13,89.74,84.04,98.54,99.00,98.00,27.00,100.00,83.14,85.79,80.95,79.17,60.00,0.00,92.78,74.09,80.32,61.63,99.68,86.18,84.78,84.78,100.00,85.30,99.00,97.81,96.56,95.70,83.23,95.79,76.91,93.89,96.78,100.00,84.04
NZL,New Zealand,East Asia & Pacific,2024,Leader,88.19,89.40,83.80,92.08,87.68,92.46,94.42,73.23,71.66,92.91,89.86,85.63,98.40,92.22,88.95,82.62,98.63,98.00,98.00,42.00,100.00,97.26,86.01,80.95,79.17,60.00,0.00,78.87,75.65,66.41,65.70,99.66,86.17,84.78,84.78,100.00,85.63,99.00,97.81,93.13,91.30,83.22,94.53,76.53,91.11,96.59,100.00,82.62
OMN,Oman,Middle East & North Africa,2014,Transitioner,55.37,48.33,64.16,61.94,48.95,85.42,16.40,38.00,50.60,59.81,100.00,59.79,76.02,50.00,42.06,76.50,98.00,92.44,72.10,,9.57,10.69,28.95,33.33,45.00,,,64.76,59.93,41.26,36.43,72.53,47.08,100.00,100.00,100.00,59.79,92.00,60.03,100.00,0.00,41.39,73.23,20.00,67.05,17.04,56.39,76.50
OMN,Oman,Middle East & North Africa,2015,Transitioner,58.66,60.25,60.92,62.47,51.62,90.24,28.81,63.14,46.65,55.66,100.00,60.98,76.43,50.00,44.52,80.03,99.00,95.00,81.10,,15.66,22.26,48.51,61.90,65.00,,,60.83,55.99,37.30,32.47,68.41,42.92,100.00,100.00,100.00,60.98,93.00,59.86,100.00,0.00,44.77,66.32,25.61,70.06,17.04,63.87,80.03
OMN,Oman,Middle East & North Africa,2016,Transitioner,61.41,66.87,60.79,64.88,53.92,94.82,40.77,63.14,44.62,57.35,100.00,67.34,77.30,50.00,46.51,83.57,99.00,98.79,88.77,,21.02,35.58,65.71,61.90,65.00,,,58.80,53.97,35.27,30.44,70.10,44.61,100.00,100.00,100.00,67.34,94.90,59.70,100.00,0.00,44.50,59.42,35.79,71.61,17.04,67.84,83.57
OMN,Oman,Middle East & North Africa,2017,Transitioner,64.13,70.06,60.86,69.63,56.96,96.20,47.38,63.14,45.38,56.76,100.00,70.71,77.96,60.23,49.42,87.10,99.01,99.02,91.98,,26.66,45.37,70.11,61.90,65.00,,,59.57,54.74,36.01,31.18,69.52,44.00,100.00,100.00,100.00,70.71,96.00,59.92,100.00,20.45,44.99,70.34,43.75,74.59,17.04,63.16,87.10
OMN,Oman,Middle East & North Africa,2018,Advanced,66.91,73.71,66.40,71.35,57.40,97.92,54.79,63.14,66.32,49.68,100.00,73.66,77.44,62.94,50.05,86.80,99.10,99.20,96.05,,31.39,54.71,78.27,61.90,65.00,,,78.07,78.07,54.57,54.57,62.41,36.95,100.00,100.00,100.00,73.66,96.00,58.89,100.00,25.88,45.20,81.25,41.29,73.34,17.04,65.50,86.80
OMN,Oman,Middle East & North Africa,2019,Advanced,69.23,77.06,64.72,73.33,62.79,98.38,62.71,63.14,53.92,57.88,100.00,76.51,77.82,65.66,55.63,91.42,99.30,99.30,97.00,,40.72,65.18,82.22,61.90,65.00,,,77.26,54.11,53.74,30.58,70.62,45.13,100.00,100.00,100.00,76.51,96.50,59.14,100.00,31.33,45.71,83.27,61.00,76.35,17.04,72.86,91.42
OMN,Oman,Middle East & North Africa,2020,Advanced,72.45,77.60,69.74,73.29,69.48,98.41,64.01,63.14,53.55,70.80,100.00,76.85,77.66,65.35,62.84,96.04,99.30,99.38,97.00,,43.58,64.31,84.14,61.90,65.00,,,75.14,55.49,51.61,31.96,83.54,58.05,100.00,100.00,100.00,76.85,97.00,58.32,100.00,30.71,46.13,85.29,90.80,81.51,18.48,69.25,96.04
OMN,Oman,Middle East & North Africa,2021,Advanced,71.84,73.02,70.17,72.71,71.51,92.30,59.39,61.70,57.43,68.00,100.00,76.99,75.19,65.96,65.38,96.04,99.38,99.40,97.50,36.00,37.64,55.55,84.99,61.90,65.00,75.00,0.00,76.10,62.29,52.57,38.76,80.74,55.25,100.00,100.00,100.00,76.99,97.00,53.39,100.00,31.91,46.47,79.76,96.04,83.50,24.25,73.50,96.04
OMN,Oman,Middle East & North Africa,2022,Advanced,73.43,78.18,71.41,73.86,70.50,97.76,66.83,61.70,62.07,66.45,100.00,77.29,74.24,70.05,64.11,96.04,100.00,99.40,98.00,88.00,51.68,62.39,86.43,61.90,65.00,75.00,0.00,77.26,70.41,53.74,46.88,79.19,53.70,100.00,100.00,100.00,77.29,97.00,51.48,100.00,40.10,46.44,74.23,90.45,83.86,24.94,75.50,96.04
OMN,Oman,Middle East & North Africa,2023,Advanced,72.80,83.22,71.49,68.72,68.71,97.60,79.60,61.70,61.99,66.72,100.00,77.82,74.24,54.11,61.88,96.04,100.00,99.00,98.00,88.00,74.38,77.22,87.18,61.90,65.00,75.00,0.00,78.65,68.83,55.16,45.33,79.45,53.99,100.00,100.00,100.00,77.82,97.00,51.48,100.00,8.22,46.35,74.23,84.85,79.15,24.19,75.50,96.04
OMN,Oman,Middle East & North Africa,2024,Advanced,74.19,90.06,71.50,70.65,66.59,98.28,96.03,61.70,62.48,66.27,100.00,78.53,74.24,59.17,58.99,97.00,100.00,98.60,98.60,94.00,100.00,97.74,90.34,61.90,65.00,75.00,0.00,78.22,68.70,54.72,48.30,79.00,53.54,100.00,100.00,100.00,78.53,97.00,51.48,100.00,18.35,47.26,80.77,69.31,76.22,26.79,70.00,97.00
PAK,Pakistan,South Asia,2014,Discoverer,26.32,19.56,46.04,19.87,26.82,31.60,3.00,28.59,61.20,36.93,33.94,28.21,31.39,0.00,29.12,17.60,78.00,33.00,7.00,,3.76,5.25,0.00,30.86,25.20,,,76.85,57.05,65.35,45.55,43.16,30.71,24.53,77.29,0.00,28.21,58.00,4.77,0.00,0.00,29.02,32.28,6.77,53.52,29.01,22.26,17.60
PAK,Pakistan,South Asia,2015,Discoverer,30.69,28.92,47.54,20.91,30.88,41.10,16.90,28.59,76.77,34.56,15.04,29.40,33.33,0.00,31.94,26.63,81.50,46.00,16.00,,5.48,8.97,36.24,30.86,25.20,,,92.42,72.62,80.92,61.12,40.78,28.33,24.53,20.60,0.00,29.40,60.00,6.67,0.00,0.00,31.03,32.45,8.95,60.46,29.01,28.03,26.63
PAK,Pakistan,South Asia,2016,Discoverer,34.14,38.49,47.25,22.05,33.88,54.80,24.26,34.31,72.74,41.30,8.18,32.89,33.27,0.00,33.43,35.67,86.00,67.00,27.00,,8.52,16.04,48.23,40.38,25.20,,,88.39,68.59,76.89,57.09,47.53,35.07,24.53,0.00,0.00,32.89,58.00,8.55,0.00,0.00,31.55,32.61,13.03,64.54,29.01,25.50,35.67
PAK,Pakistan,South Asia,2017,Emerging,37.81,50.05,46.84,23.15,37.67,73.00,34.30,35.64,68.70,43.61,9.60,34.42,35.02,0.00,35.91,44.70,87.00,72.00,67.00,,12.36,24.00,66.53,40.38,28.53,,,84.05,64.25,73.15,53.35,49.51,37.71,28.79,0.00,0.00,34.42,59.13,10.91,0.00,0.00,31.47,43.73,14.68,67.74,29.01,29.57,44.70
PAK,Pakistan,South Asia,2018,Emerging,39.71,53.08,50.75,24.05,38.38,74.20,40.69,35.64,71.87,47.05,15.93,35.77,36.37,0.00,37.80,40.70,88.00,72.90,68.60,,15.46,36.74,69.88,40.38,28.53,,,87.22,67.42,76.33,56.53,52.95,41.15,28.79,19.00,0.00,35.77,62.30,10.45,0.00,0.00,32.71,54.86,16.25,65.11,29.01,36.98,40.70
PAK,Pakistan,South Asia,2019,Emerging,39.71,57.11,42.32,24.71,41.61,75.87,49.08,35.64,53.45,38.28,28.16,36.69,36.22,1.23,38.81,52.79,88.70,76.60,68.73,,18.08,51.27,77.90,40.38,28.53,,,65.42,52.38,54.53,41.48,44.18,32.38,28.79,55.69,0.00,36.69,60.00,12.44,0.00,2.46,32.92,58.90,16.24,66.08,29.01,40.76,52.79
PAK,Pakistan,South Asia,2020,Emerging,42.36,59.82,43.95,26.76,45.76,75.96,55.78,35.64,54.76,41.71,26.82,37.64,37.36,5.26,40.98,64.88,88.80,76.70,68.80,,22.61,61.62,83.11,40.38,28.53,,,67.65,52.77,56.75,41.88,47.61,35.81,28.79,51.67,0.00,37.64,60.00,14.73,0.00,10.53,33.51,62.94,19.88,67.04,31.85,42.30,64.88
PAK,Pakistan,South Asia,2021,Emerging,44.83,54.51,51.50,30.39,47.32,70.28,51.17,29.65,63.46,45.01,40.58,39.28,39.66,12.24,42.93,64.88,88.82,78.10,75.40,0.00,17.01,51.12,85.39,40.38,31.53,0.00,0.00,80.26,57.55,69.37,46.65,50.91,39.11,21.75,100.00,0.00,39.28,62.80,16.52,0.00,24.48,33.76,59.76,30.45,66.52,33.27,41.53,64.88
PAK,Pakistan,South Asia,2022,Emerging,45.61,55.61,54.89,30.45,46.54,71.46,52.75,29.65,68.41,48.52,40.58,40.07,39.66,11.61,41.96,64.88,89.40,79.90,76.40,0.00,17.95,55.17,85.13,40.38,31.53,0.00,0.00,85.51,62.21,74.62,51.31,54.42,42.62,21.75,100.00,0.00,40.07,62.80,16.52,0.00,23.22,33.33,56.58,29.90,66.12,33.82,36.71,64.88
PAK,Pakistan,South Asia,2023,Emerging,45.14,56.87,51.78,30.99,45.50,73.43,53.92,29.65,63.74,45.41,40.58,40.83,39.66,12.48,40.66,64.88,91.00,81.17,79.65,0.00,21.36,55.46,84.93,40.38,31.53,0.00,0.00,75.01,63.38,64.11,52.48,51.31,39.51,21.75,100.00,0.00,40.83,62.80,16.52,0.00,24.97,33.87,56.58,29.25,64.73,29.26,35.80,64.88
PAK,Pakistan,South Asia,2024,Emerging,48.29,58.01,48.92,35.72,53.67,74.00,56.20,29.65,54.92,47.08,40.58,42.62,39.66,24.88,42.91,96.70,92.00,81.00,81.00,0.00,25.12,55.75,87.73,40.38,31.53,0.00,0.00,68.48,47.92,57.59,45.69,52.98,41.18,21.75,100.00,0.00,42.62,62.80,16.52,0.00,49.76,33.73,70.42,35.95,61.04,33.89,29.48,96.70
PAN,Panama,Latin America & Caribbean,2014,Transitioner,53.33,28.02,66.02,76.04,57.51,50.59,2.94,33.05,45.68,79.48,79.79,59.09,72.67,96.36,64.54,29.40,96.00,78.48,0.00,,3.49,5.32,0.00,42.86,18.33,,,57.67,57.67,33.70,33.70,92.47,66.50,92.48,100.00,46.90,59.09,95.00,50.34,100.00,92.73,70.93,37.01,30.59,74.41,87.26,82.00,29.40
PAN,Panama,Latin America & Caribbean,2015,Transitioner,60.80,43.77,67.72,76.80,60.04,68.51,21.53,38.76,46.84,82.56,79.79,61.31,72.72,96.36,66.10,35.77,96.00,85.28,38.00,,10.53,20.70,33.35,52.38,18.33,,,58.91,58.91,34.77,34.77,95.63,69.48,92.48,100.00,46.90,61.31,95.00,50.45,100.00,92.73,73.88,35.17,32.57,78.31,87.26,81.82,35.77
PAN,Panama,Latin America & Caribbean,2016,Transitioner,63.32,49.73,67.84,73.77,64.61,71.47,33.48,38.76,47.77,81.93,79.79,58.18,72.71,90.41,70.23,42.13,96.00,92.67,38.00,,17.10,34.56,48.78,52.38,18.33,,,59.92,59.92,35.61,35.61,95.10,68.76,92.48,100.00,46.90,58.18,95.00,50.43,88.10,92.73,74.02,33.33,46.78,81.56,87.26,89.70,42.13
PAN,Panama,Latin America & Caribbean,2017,Advanced,67.72,58.01,68.52,77.48,68.29,82.39,43.25,38.76,49.02,82.38,79.79,60.67,73.41,98.36,73.24,48.50,96.00,95.00,62.97,,20.22,45.58,63.96,52.38,18.33,,,61.01,61.01,37.04,37.04,95.37,69.40,92.48,100.00,46.90,60.67,95.00,51.81,100.00,96.72,80.06,49.65,48.42,82.37,87.26,86.50,48.50
PAN,Panama,Latin America & Caribbean,2018,Advanced,68.97,61.65,70.77,78.06,66.43,87.82,44.08,44.48,49.89,87.13,79.79,62.78,73.58,97.81,73.81,36.90,96.00,95.00,76.54,,17.63,45.90,68.70,61.90,18.33,,,61.53,61.58,38.21,38.26,99.75,74.50,92.48,100.00,46.90,62.78,95.00,52.16,95.61,100.00,78.38,65.97,47.63,79.67,87.26,86.25,36.90
PAN,Panama,Latin America & Caribbean,2019,Advanced,69.32,64.06,66.91,79.59,67.70,93.20,44.72,44.48,52.24,75.13,79.79,64.53,74.25,100.00,75.75,35.51,96.00,95.00,90.00,,16.38,49.32,68.46,61.90,18.33,,,69.72,58.41,46.07,34.77,87.94,62.33,92.48,100.00,46.90,64.53,96.00,52.50,100.00,100.00,79.16,64.16,55.87,80.36,87.26,88.00,35.51
PAN,Panama,Latin America & Caribbean,2020,Advanced,69.90,68.10,64.45,79.55,68.38,93.20,54.82,44.48,50.54,70.68,79.79,66.28,74.43,97.95,76.95,34.11,96.00,95.00,90.00,,22.76,56.98,84.71,61.90,18.33,,,65.60,59.13,41.96,35.49,83.48,57.87,92.48,100.00,46.90,66.28,96.00,52.85,100.00,95.89,77.56,62.35,64.25,81.13,87.11,87.00,34.11
PAN,Panama,Latin America & Caribbean,2021,Advanced,68.86,61.56,64.44,81.10,69.88,83.60,52.08,36.45,56.63,64.58,79.79,68.70,74.60,100.00,78.82,34.11,96.00,95.00,90.00,0.00,16.64,50.43,89.17,61.90,18.33,0.00,0.00,68.53,68.53,44.73,44.73,77.47,51.68,92.48,100.00,46.90,68.70,96.00,53.20,100.00,100.00,72.39,64.88,78.14,80.36,87.04,87.50,34.11
PAN,Panama,Latin America & Caribbean,2022,Advanced,71.57,62.06,76.33,81.75,67.74,84.40,52.53,36.45,61.63,89.30,79.79,70.64,74.60,100.00,76.15,34.11,96.00,96.00,91.00,0.00,17.74,51.02,88.85,61.90,18.33,0.00,0.00,80.57,65.69,57.58,42.69,100.00,78.60,92.48,100.00,46.90,70.64,96.00,53.20,100.00,100.00,71.73,67.41,63.12,78.64,87.82,91.50,34.11
PAN,Panama,Latin America & Caribbean,2023,Advanced,70.81,63.71,77.84,75.51,67.15,85.20,55.84,36.45,63.03,91.66,79.79,72.50,74.60,79.42,75.41,34.11,96.00,97.00,92.00,0.00,20.94,59.49,87.08,61.90,18.33,0.00,0.00,81.97,67.09,58.98,44.09,100.00,83.32,92.48,100.00,46.90,72.50,96.00,53.20,81.06,77.78,72.02,67.41,57.05,77.35,91.92,90.00,34.11
PAN,Panama,Latin America & Caribbean,2024,Advanced,72.81,65.59,70.37,82.66,73.66,85.59,60.16,36.45,43.98,92.05,79.79,73.39,74.60,100.00,75.44,66.54,96.00,97.58,92.40,0.00,25.16,65.07,90.24,61.90,18.33,0.00,0.00,57.27,51.58,34.28,32.80,100.00,84.11,92.48,100.00,46.90,73.39,96.00,53.20,100.00,100.00,71.98,65.05,62.50,72.81,91.89,90.95,66.54
PER,Peru,Latin America & Caribbean,2014,Transitioner,54.91,35.31,77.94,59.07,55.94,59.14,5.32,47.62,71.51,82.10,82.49,51.57,76.99,48.64,61.82,32.40,75.00,74.36,36.00,,6.46,9.48,0.00,57.14,33.33,,,96.08,66.46,76.57,46.94,92.67,71.53,73.73,73.73,100.00,51.57,94.00,59.98,66.67,30.61,53.18,62.99,34.06,62.76,84.49,86.25,32.40
PER,Peru,Latin America & Caribbean,2015,Transitioner,59.49,46.09,78.49,59.79,57.91,72.00,19.41,47.62,72.50,82.49,82.49,53.06,77.67,48.64,63.87,34.07,75.00,80.49,62.00,,11.97,25.13,21.14,57.14,33.33,,,97.01,67.38,77.62,48.00,92.99,71.99,73.73,73.73,100.00,53.06,94.00,61.34,66.67,30.61,54.93,63.02,38.81,66.43,84.49,86.33,34.07
PER,Peru,Latin America & Caribbean,2016,Transitioner,64.33,58.67,78.59,59.69,62.22,75.82,34.18,73.33,73.48,81.75,82.49,53.19,78.34,47.53,68.84,35.73,74.86,87.12,65.00,,14.21,32.55,55.80,100.00,33.33,,,98.18,68.56,78.40,48.77,92.46,71.03,73.73,73.73,100.00,53.19,94.00,62.69,64.44,30.61,55.52,63.04,57.38,69.53,84.49,91.50,35.73
PER,Peru,Latin America & Caribbean,2017,Advanced,67.53,63.48,79.15,64.20,64.48,81.49,40.54,73.33,74.42,82.22,82.49,55.38,79.02,58.20,71.25,37.40,74.86,94.30,72.00,,18.14,39.45,64.03,100.00,33.33,,,99.05,69.43,79.41,49.78,92.87,71.58,73.73,73.73,100.00,55.38,94.00,64.04,63.86,52.54,55.62,72.49,62.69,72.57,84.49,89.25,37.40
PER,Peru,Latin America & Caribbean,2018,Advanced,67.18,68.13,71.07,62.91,66.85,84.18,49.49,73.33,78.78,57.66,82.49,57.35,78.02,53.36,73.54,40.10,82.89,95.00,74.00,,22.13,48.83,77.51,100.00,33.33,,,99.79,76.64,80.93,57.78,67.87,47.44,73.73,73.73,100.00,57.35,94.00,62.04,59.84,46.88,55.82,81.94,70.74,71.41,84.49,88.50,40.10
PER,Peru,Latin America & Caribbean,2019,Advanced,68.43,70.08,71.41,63.67,68.82,85.40,53.13,73.33,75.14,62.15,82.49,59.08,78.37,53.56,74.05,47.89,83.00,95.00,77.00,,24.94,54.75,79.69,100.00,33.33,,,99.76,68.88,81.40,50.52,72.09,52.20,73.73,73.73,100.00,59.08,94.00,62.75,56.35,50.77,56.03,78.62,70.59,73.73,84.49,92.25,47.89
PER,Peru,Latin America & Caribbean,2020,Advanced,70.02,70.64,67.56,70.07,71.88,88.20,51.73,73.33,64.56,63.09,82.49,60.71,78.73,70.76,75.93,55.67,85.00,95.00,83.00,,23.75,49.88,81.56,100.00,33.33,,,88.17,60.60,68.52,40.95,73.73,52.44,73.73,73.73,100.00,60.71,94.00,63.46,66.94,74.59,56.67,75.29,78.80,76.06,85.24,90.50,55.67
PER,Peru,Latin America & Caribbean,2021,Advanced,67.50,65.61,59.93,72.36,72.98,83.03,47.25,67.50,53.04,55.54,82.49,62.97,79.09,75.01,77.31,55.67,88.34,95.00,86.00,18.00,15.88,42.29,83.56,100.00,33.33,50.00,0.00,65.48,57.75,48.34,40.60,64.83,46.25,73.73,73.73,100.00,62.97,94.00,64.17,77.53,72.50,56.84,78.14,81.19,76.71,86.49,92.50,55.67
PER,Peru,Latin America & Caribbean,2022,Advanced,67.33,67.66,61.11,69.20,71.83,85.57,49.82,67.50,53.99,57.54,82.49,64.75,79.09,63.77,75.87,55.67,88.69,95.00,88.00,35.00,17.36,48.77,83.34,100.00,33.33,50.00,0.00,66.55,58.81,49.17,41.43,66.96,48.13,73.73,73.73,100.00,64.75,94.00,64.17,70.04,57.50,56.73,80.99,72.66,76.15,86.29,94.00,55.67
PER,Peru,Latin America & Caribbean,2023,Advanced,71.25,70.78,64.14,79.47,71.43,86.10,54.84,72.00,64.66,54.45,82.49,66.38,79.09,92.93,75.37,55.67,88.99,95.00,88.00,40.00,21.28,58.17,85.07,100.00,48.33,50.00,0.00,73.53,73.53,55.79,55.79,64.06,44.84,73.73,73.73,100.00,66.38,94.00,64.17,96.25,89.61,56.58,80.99,68.14,74.36,90.53,93.50,55.67
PER,Peru,Latin America & Caribbean,2024,Advanced,71.27,72.57,58.87,79.05,76.40,86.33,59.09,72.00,50.08,55.86,82.49,67.80,79.09,90.27,74.61,83.59,88.73,95.00,87.99,42.59,25.82,64.75,86.68,100.00,48.33,50.00,0.00,62.50,58.40,44.76,34.65,65.47,46.25,73.73,73.73,100.00,67.80,94.00,64.17,96.12,84.42,56.19,83.77,69.19,68.80,90.30,93.33,83.59
PHL,Philippines,East Asia & Pacific,2014,Emerging,48.62,43.87,39.86,76.97,41.51,75.90,2.60,62.33,12.13,38.72,97.62,58.69,72.21,100.00,43.06,35.30,99.00,92.00,48.25,,3.80,4.01,0.00,66.67,55.83,,,24.71,18.24,5.59,0.00,49.07,28.36,96.43,96.43,100.00,58.69,98.00,46.43,100.00,100.00,37.08,48.03,31.32,53.98,38.49,60.87,35.30
PHL,Philippines,East Asia & Pacific,2015,Transitioner,50.80,50.45,40.02,71.23,46.31,83.92,3.53,77.38,14.77,36.46,97.62,40.68,73.00,100.00,47.05,43.33,99.00,93.00,67.29,,4.75,5.83,0.00,76.19,79.17,,,27.57,21.10,8.45,1.98,46.82,26.10,96.43,96.43,100.00,40.68,98.00,48.00,100.00,100.00,39.48,57.35,39.44,57.80,38.49,62.76,43.33
PHL,Philippines,East Asia & Pacific,2016,Transitioner,57.41,55.47,51.32,74.73,51.05,89.00,9.56,80.24,37.10,42.40,97.62,50.92,73.28,100.00,50.97,51.37,99.00,93.00,80.00,,6.89,9.44,12.35,80.95,79.17,,,49.89,43.42,30.77,24.30,52.76,32.04,96.43,96.43,100.00,50.92,97.50,49.05,100.00,100.00,39.74,66.67,51.04,60.46,38.49,63.59,51.37
PHL,Philippines,East Asia & Pacific,2017,Transitioner,60.97,62.53,53.14,75.73,54.91,92.28,23.22,81.67,39.35,44.69,97.62,54.27,72.93,100.00,53.78,59.40,99.00,93.00,88.20,,8.65,12.46,48.56,83.33,79.17,,,51.34,44.87,33.84,27.37,54.17,35.21,96.43,96.43,100.00,54.27,97.00,48.85,100.00,100.00,39.81,77.43,57.59,62.77,38.49,63.07,59.40
PHL,Philippines,East Asia & Pacific,2018,Transitioner,64.84,69.01,58.26,76.29,57.63,99.00,27.66,91.71,53.10,43.75,97.62,57.37,73.49,98.02,55.97,64.30,99.00,99.00,99.00,,10.43,15.38,57.18,92.86,90.00,,,70.75,52.94,53.25,35.44,53.23,34.27,96.43,96.43,100.00,57.37,96.50,50.47,96.03,100.00,40.42,88.19,65.77,59.95,38.49,62.23,64.30
PHL,Philippines,East Asia & Pacific,2019,Transitioner,64.60,70.41,54.62,77.94,58.08,99.00,31.17,91.71,43.00,44.74,97.62,60.52,73.31,100.00,54.94,70.65,99.00,99.00,99.00,,12.19,18.47,62.84,92.86,90.00,,,51.75,51.75,34.25,34.25,54.22,35.26,96.43,96.43,100.00,60.52,96.00,50.63,100.00,100.00,40.42,80.57,64.21,60.62,38.49,61.35,70.65
PHL,Philippines,East Asia & Pacific,2020,Advanced,66.56,71.89,56.18,79.83,60.89,99.00,34.87,91.71,41.66,49.98,97.62,64.50,74.99,100.00,56.86,77.00,99.00,99.00,99.00,,13.72,17.69,73.19,92.86,90.00,,,52.06,47.82,35.49,31.26,58.95,41.00,96.43,96.43,100.00,64.50,98.00,51.98,100.00,100.00,41.12,72.94,77.71,61.94,36.70,60.73,77.00
PHL,Philippines,East Asia & Pacific,2021,Advanced,65.29,71.32,52.17,80.63,60.56,95.16,40.80,84.68,40.73,40.87,97.62,67.77,74.12,100.00,56.45,77.00,99.00,99.00,99.00,60.60,15.59,23.39,83.41,92.86,90.00,75.00,0.00,51.16,46.87,34.59,30.30,49.85,31.90,96.43,96.43,100.00,67.77,98.00,50.23,100.00,100.00,41.95,67.99,79.20,62.73,34.26,60.23,77.00
PHL,Philippines,East Asia & Pacific,2022,Transitioner,64.48,73.74,48.70,81.49,59.08,95.70,46.31,84.68,65.51,7.44,97.62,70.34,74.12,100.00,54.59,77.00,99.00,99.00,99.00,66.00,22.46,29.97,86.51,92.86,90.00,75.00,0.00,73.40,73.40,57.62,57.62,14.88,0.00,96.43,96.43,100.00,70.34,98.00,50.23,100.00,100.00,41.11,63.03,72.09,62.00,36.47,59.58,77.00
PHL,Philippines,East Asia & Pacific,2023,Advanced,68.31,77.30,57.99,82.40,58.95,96.00,54.92,84.68,67.00,29.16,97.62,73.07,74.12,100.00,54.43,77.00,99.00,99.00,99.00,69.00,35.56,39.41,89.78,92.86,90.00,75.00,0.00,74.90,74.90,59.11,59.11,37.71,20.61,96.43,96.43,100.00,73.07,98.00,50.23,100.00,100.00,41.42,63.03,71.81,61.17,36.34,59.80,77.00
PHL,Philippines,East Asia & Pacific,2024,Advanced,67.69,80.19,48.54,82.65,65.26,96.90,61.24,84.68,42.46,30.07,97.62,73.82,74.12,100.00,58.21,93.48,99.00,99.00,99.00,78.00,46.08,46.78,90.87,92.86,90.00,75.00,0.00,55.50,47.41,39.71,27.24,38.62,21.52,96.43,96.43,100.00,73.82,98.00,50.23,100.00,100.00,41.94,80.54,74.92,56.43,47.56,59.87,93.48
PNG,Papua New Guinea,East Asia & Pacific,2014,Discoverer,29.20,24.27,40.39,41.96,17.68,34.29,7.69,37.37,15.37,35.61,100.00,29.95,46.33,49.59,19.16,11.80,89.00,35.44,5.79,,8.17,11.80,3.10,58.95,5.00,,,22.53,22.53,8.20,8.20,43.38,27.85,100.00,100.00,100.00,29.95,70.06,22.60,55.88,43.29,14.33,0.79,3.27,33.93,5.87,76.00,11.80
PNG,Papua New Guinea,East Asia & Pacific,2015,Discoverer,31.38,29.54,37.93,42.07,20.56,39.49,15.68,37.37,13.64,31.20,100.00,29.98,47.45,48.80,23.18,10.10,89.00,46.46,7.76,,12.54,16.38,18.13,58.95,5.00,,,20.75,20.75,6.52,6.52,38.91,23.49,100.00,100.00,100.00,29.98,70.06,24.83,54.30,43.29,24.63,8.73,3.19,39.86,5.87,76.00,10.10
PNG,Papua New Guinea,East Asia & Pacific,2016,Discoverer,33.92,34.80,42.19,41.76,21.59,45.28,23.02,37.37,15.96,39.51,100.00,24.21,48.57,52.51,24.88,8.40,89.00,58.31,10.40,,13.62,25.72,29.72,58.95,5.00,,,23.16,23.16,8.76,8.76,47.31,31.71,100.00,100.00,100.00,24.21,70.06,27.07,61.72,43.29,24.78,16.67,6.33,41.12,5.87,76.00,8.40
PNG,Papua New Guinea,East Asia & Pacific,2017,Discoverer,33.95,36.83,41.89,38.60,22.29,47.87,25.52,37.37,17.10,37.63,100.00,25.20,49.69,40.93,26.19,6.70,89.00,61.22,13.95,,14.94,35.82,25.81,58.95,5.00,,,24.32,24.32,9.87,9.87,45.46,29.81,100.00,100.00,100.00,25.20,70.06,29.31,52.59,29.26,24.91,21.87,7.27,43.97,5.87,76.00,6.70
PNG,Papua New Guinea,East Asia & Pacific,2018,Emerging,36.54,44.32,43.00,39.45,23.70,50.99,41.13,37.37,23.98,33.52,100.00,26.23,50.80,41.31,26.35,13.10,89.00,64.29,18.70,,25.12,56.91,41.35,58.95,5.00,,,31.17,31.17,16.79,16.79,41.31,25.73,100.00,100.00,100.00,26.23,70.06,31.54,53.36,29.26,24.84,27.08,7.21,42.28,5.87,76.00,13.10
PNG,Papua New Guinea,East Asia & Pacific,2019,Emerging,38.52,50.07,42.64,41.18,25.05,54.62,46.23,48.61,8.39,48.21,100.00,27.31,51.92,44.31,26.39,19.72,89.00,67.00,25.06,,28.13,64.07,46.50,73.24,11.67,,,20.93,6.06,6.57,0.00,55.99,40.43,100.00,100.00,100.00,27.31,70.06,33.78,53.83,34.79,24.90,24.72,7.66,43.17,5.87,76.00,19.72
PNG,Papua New Guinea,East Asia & Pacific,2020,Emerging,40.70,55.15,45.01,41.37,26.72,59.12,54.46,48.61,15.59,46.94,100.00,28.43,53.16,42.52,26.81,26.33,89.00,67.00,36.30,,34.16,67.84,61.39,73.24,11.67,,,31.83,13.04,17.49,0.00,54.71,39.17,100.00,100.00,100.00,28.43,70.06,36.25,54.11,30.94,25.27,22.35,9.21,44.29,6.13,76.00,26.33
PNG,Papua New Guinea,East Asia & Pacific,2021,Emerging,41.00,50.91,50.81,40.27,27.12,64.10,43.13,40.12,24.23,52.79,100.00,29.18,54.44,37.18,27.32,26.33,89.00,73.00,65.00,0.00,18.23,47.30,63.85,73.24,11.67,0.00,0.00,32.90,29.91,18.56,15.57,60.56,45.02,100.00,100.00,100.00,29.18,70.06,38.81,48.84,25.52,25.27,27.49,9.83,43.77,5.98,76.00,26.33
PNG,Papua New Guinea,East Asia & Pacific,2022,Emerging,42.25,51.93,52.22,42.82,27.44,68.90,40.86,40.12,26.65,53.89,100.00,32.87,54.44,41.14,27.72,26.33,89.00,76.00,74.00,0.00,16.67,47.72,58.18,73.24,11.67,0.00,0.00,36.20,31.44,21.86,17.10,61.66,46.12,100.00,100.00,100.00,32.87,70.06,38.81,51.02,31.26,25.04,32.63,8.38,43.84,7.03,76.00,26.33
PNG,Papua New Guinea,East Asia & Pacific,2023,Emerging,44.01,53.46,57.34,43.91,27.86,69.70,43.89,40.12,28.07,65.29,100.00,34.00,54.44,43.30,28.24,26.33,89.00,77.00,75.00,0.00,18.42,50.87,62.38,73.24,11.67,0.00,0.00,35.24,35.24,20.90,20.90,73.05,57.52,100.00,100.00,100.00,34.00,70.06,38.81,59.57,27.03,25.31,32.63,10.55,42.89,8.13,76.00,26.33
PNG,Papua New Guinea,East Asia & Pacific,2024,Emerging,44.94,54.29,48.44,44.34,34.99,71.29,44.38,40.12,5.63,65.47,100.00,35.15,54.44,43.43,28.05,62.75,89.00,78.08,77.90,0.00,21.30,51.82,60.02,73.24,11.67,0.00,0.00,13.78,8.75,0.00,0.00,73.24,57.70,100.00,100.00,100.00,35.15,70.06,38.81,58.44,28.42,25.46,33.92,12.25,38.36,9.20,76.00,62.75
POL,Poland,Europe & Central Asia,2014,Advanced,67.20,54.80,70.27,83.43,63.46,91.91,24.15,41.90,82.26,57.91,71.00,69.73,88.25,92.31,66.10,52.90,99.54,100.00,80.00,,12.83,17.09,42.54,32.76,55.60,,,88.97,88.97,75.54,75.54,65.18,50.63,56.50,56.50,100.00,69.73,100.00,76.50,100.00,84.62,73.70,54.33,23.85,83.32,85.61,73.67,52.90
POL,Poland,Europe & Central Asia,2015,Advanced,70.49,66.68,67.55,83.14,65.94,98.78,35.16,65.52,75.58,57.80,71.00,70.20,86.92,92.31,68.43,56.00,99.90,100.00,97.00,,16.30,25.85,63.34,56.57,78.93,,,82.15,82.15,69.01,69.01,64.92,50.68,56.50,56.50,100.00,70.20,100.00,73.84,100.00,84.62,74.19,62.31,25.95,85.84,85.61,78.76,56.00
POL,Poland,Europe & Central Asia,2016,Advanced,72.17,70.47,68.34,82.33,68.40,99.80,43.62,65.52,76.56,58.80,71.00,76.91,86.74,83.35,70.73,59.10,100.00,100.00,99.50,,20.77,35.22,74.89,56.57,78.93,,,82.76,82.76,70.37,70.37,65.51,52.08,56.50,56.50,100.00,76.91,100.00,73.49,82.08,84.62,74.33,70.29,31.14,87.15,85.61,80.53,59.10
POL,Poland,Europe & Central Asia,2017,Advanced,76.21,71.79,76.97,86.13,70.89,99.92,46.79,65.52,96.75,60.16,71.00,80.14,86.57,91.68,73.06,62.20,100.00,100.00,99.80,,24.08,37.76,78.54,56.57,78.93,,,100.00,100.00,93.49,93.49,66.54,53.79,56.50,56.50,100.00,80.14,100.00,73.14,92.59,90.77,73.95,81.68,36.34,88.32,85.61,80.54,62.20
POL,Poland,Europe & Central Asia,2018,Advanced,79.30,73.89,78.22,89.73,76.24,100.00,50.55,68.37,97.37,62.67,71.00,82.81,86.39,100.00,74.92,81.50,100.00,100.00,100.00,,28.84,41.90,80.91,61.33,78.93,,,100.00,100.00,94.73,94.73,69.14,56.21,56.50,56.50,100.00,82.81,100.00,72.79,100.00,100.00,74.02,93.06,41.55,86.60,85.61,80.58,81.50
POL,Poland,Europe & Central Asia,2019,Advanced,79.70,75.84,76.51,88.93,78.20,100.00,55.42,68.37,83.53,72.25,71.00,84.94,85.96,95.89,75.84,87.68,100.00,100.00,100.00,,36.96,48.68,80.61,61.33,78.93,,,96.83,81.47,85.59,70.23,78.33,66.16,56.50,56.50,100.00,84.94,100.00,71.92,100.00,91.78,73.77,89.47,47.82,87.31,85.61,79.86,87.68
POL,Poland,Europe & Central Asia,2020,Leader,81.08,76.89,77.05,88.56,82.38,100.00,57.32,69.80,76.39,80.74,71.00,85.43,85.77,94.47,79.51,93.86,100.00,100.00,100.00,,41.34,46.46,84.15,63.71,78.93,,,82.85,81.08,71.70,69.93,86.78,74.70,56.50,56.50,100.00,85.43,100.00,71.54,98.79,90.15,73.77,85.88,65.21,87.71,87.45,80.95,93.86
POL,Poland,Europe & Central Asia,2021,Leader,80.92,70.17,82.31,89.51,82.94,94.40,53.25,55.54,79.45,90.82,71.00,84.07,85.67,98.79,80.21,93.86,100.00,100.00,100.00,44.00,33.76,40.15,85.83,63.71,78.93,0.00,0.00,86.54,83.52,75.39,72.37,96.86,84.78,56.50,56.50,100.00,84.07,100.00,71.34,97.58,100.00,73.82,82.59,67.44,87.86,87.93,85.46,93.86
POL,Poland,Europe & Central Asia,2022,Leader,81.91,71.91,85.17,89.28,82.31,95.20,56.81,55.54,79.79,97.64,71.00,84.97,85.98,96.89,79.42,93.86,100.00,100.00,100.00,52.00,36.82,46.68,86.92,63.71,78.93,0.00,0.00,87.60,83.31,76.28,71.99,100.00,95.28,56.50,56.50,100.00,84.97,100.00,71.96,96.38,97.40,73.41,79.29,66.98,86.84,87.43,85.62,93.86
POL,Poland,Europe & Central Asia,2023,Leader,82.84,79.21,79.55,90.73,82.36,97.00,65.76,70.54,80.41,82.97,71.00,87.44,85.98,98.78,79.48,93.86,100.00,100.00,100.00,70.00,50.33,58.85,88.11,63.71,78.93,100.00,0.00,86.07,86.07,74.74,74.74,89.10,76.84,56.50,56.50,100.00,87.44,100.00,71.96,100.00,97.56,73.51,79.29,66.60,86.65,87.52,86.97,93.86
POL,Poland,Europe & Central Asia,2024,Leader,83.73,85.36,76.84,88.83,84.36,97.40,80.73,70.54,71.16,85.45,71.00,87.44,85.98,93.08,82.07,93.54,100.00,100.00,100.00,74.00,81.44,71.93,88.80,63.71,78.93,100.00,0.00,80.08,70.75,68.75,65.06,91.58,79.31,56.50,56.50,100.00,87.44,100.00,71.96,93.13,93.02,73.74,80.37,71.30,84.60,97.29,86.47,93.54
PRT,Portugal,Europe & Central Asia,2014,Advanced,71.10,61.94,78.74,79.66,65.76,95.72,30.39,57.47,78.30,83.04,71.00,75.41,85.27,78.31,74.85,29.40,99.00,95.00,94.80,,14.44,19.09,57.63,53.14,63.97,,,91.00,80.22,76.38,65.60,90.96,75.12,56.50,56.50,100.00,75.41,96.10,74.44,86.25,70.37,75.37,63.78,38.51,88.66,96.82,86.00,29.40
PRT,Portugal,Europe & Central Asia,2015,Advanced,72.75,64.92,77.44,80.72,69.03,96.36,37.20,57.47,78.27,79.83,71.00,78.42,85.43,78.31,77.15,36.53,99.00,95.70,95.70,,18.95,26.25,66.41,53.14,63.97,,,90.97,80.19,76.35,65.56,87.75,71.91,56.50,56.50,100.00,78.42,96.10,74.75,86.25,70.37,76.87,69.21,43.48,90.79,96.82,86.43,36.53
PRT,Portugal,Europe & Central Asia,2016,Advanced,75.36,69.28,80.57,79.87,72.33,98.36,46.11,57.47,85.34,80.59,71.00,80.87,85.58,73.16,79.50,43.67,99.80,98.00,98.00,,24.26,37.30,76.75,53.14,63.97,,,97.79,87.00,83.67,72.89,88.24,72.95,56.50,56.50,100.00,80.87,96.10,75.07,75.95,70.37,77.88,74.64,50.39,91.98,96.82,86.25,43.67
PRT,Portugal,Europe & Central Asia,2017,Advanced,76.14,71.97,77.82,79.38,75.61,98.36,52.82,57.47,77.82,81.23,71.00,83.48,85.18,69.47,81.81,50.80,99.80,98.00,98.00,,28.81,45.43,84.23,53.14,63.97,,,89.97,79.19,76.45,65.67,88.55,73.90,56.50,56.50,100.00,83.48,96.10,74.26,69.07,69.86,78.75,83.85,55.35,93.21,96.82,86.00,50.80
PRT,Portugal,Europe & Central Asia,2018,Advanced,79.75,74.27,80.53,82.81,81.69,98.86,58.07,57.47,78.85,86.99,71.00,85.00,85.51,77.93,83.16,75.80,99.88,98.60,98.60,,36.53,51.37,86.31,53.14,63.97,,,90.90,80.12,77.57,66.79,94.21,79.77,56.50,56.50,100.00,85.00,96.10,74.91,79.38,76.47,79.61,93.06,58.31,91.03,96.82,87.00,75.80
PRT,Portugal,Europe & Central Asia,2019,Advanced,79.27,77.22,74.25,81.06,84.97,99.50,64.81,57.47,66.68,83.44,71.00,85.47,85.92,71.81,84.57,86.56,99.88,99.40,99.40,,44.74,63.00,86.68,53.14,63.97,,,74.08,72.23,61.13,59.28,90.46,76.43,56.50,56.50,100.00,85.47,96.10,75.73,79.17,64.44,80.51,88.30,65.96,91.54,96.82,87.75,86.56
PRT,Portugal,Europe & Central Asia,2020,Leader,80.55,79.28,70.50,85.64,87.95,99.18,70.28,57.47,59.28,81.46,71.00,86.03,86.33,84.56,85.61,97.32,99.88,99.00,99.00,,55.00,67.58,88.27,53.14,63.97,,,66.29,66.29,52.28,52.28,89.05,73.87,56.50,56.50,100.00,86.03,96.10,76.56,89.58,79.55,81.41,83.53,73.42,91.93,96.59,85.89,97.32
PRT,Portugal,Europe & Central Asia,2021,Leader,80.56,78.48,72.21,83.23,89.28,92.69,63.17,80.70,62.26,82.77,71.00,86.41,86.56,76.73,87.27,97.32,99.90,99.00,99.00,35.00,42.74,58.16,88.59,85.52,76.47,100.00,0.00,69.12,69.12,55.40,55.40,90.20,75.34,56.50,56.50,100.00,86.41,96.10,77.02,75.44,78.02,82.16,81.54,80.28,92.00,96.40,89.50,97.32
PRT,Portugal,Europe & Central Asia,2022,Leader,82.58,84.78,71.73,86.30,88.61,98.75,72.85,80.70,62.59,81.24,71.00,86.90,87.09,84.92,86.43,97.32,99.90,99.70,99.70,90.00,61.96,66.85,89.73,85.52,76.47,100.00,0.00,69.85,69.85,55.33,55.33,89.11,73.38,56.50,56.50,100.00,86.90,96.10,78.08,86.11,83.72,82.94,79.54,76.50,89.72,96.70,93.00,97.32
PRT,Portugal,Europe & Central Asia,2023,Leader,85.04,91.48,71.38,90.51,88.49,99.49,88.85,80.70,59.78,83.17,71.00,87.27,87.09,97.17,86.28,97.32,100.00,99.90,99.90,95.70,96.18,80.83,89.53,85.52,76.47,100.00,0.00,70.28,63.81,55.76,49.29,91.04,75.31,56.50,56.50,100.00,87.27,96.10,78.08,96.56,97.78,83.68,79.54,71.70,89.24,100.00,94.00,97.32
PRT,Portugal,Europe & Central Asia,2024,Leader,85.57,92.45,75.91,86.37,88.47,99.73,91.03,80.70,69.98,84.30,71.00,87.61,87.09,84.41,85.62,99.86,100.00,99.98,99.98,97.50,100.00,82.39,90.72,85.52,76.47,100.00,0.00,79.05,76.77,64.53,59.57,92.17,76.44,56.50,56.50,100.00,87.61,96.10,78.08,86.39,82.42,84.25,78.78,72.53,86.24,100.00,91.43,99.86
PRY,Paraguay,Latin America & Caribbean,2014,Emerging,48.92,28.68,54.42,77.82,47.14,55.15,2.99,27.14,44.38,42.30,98.73,56.61,76.85,100.00,53.77,20.60,95.00,83.89,6.49,,4.05,4.54,0.36,28.57,25.00,,,55.72,55.72,33.04,33.04,54.58,30.01,100.00,96.20,100.00,56.61,95.00,58.70,100.00,100.00,46.07,22.83,35.86,61.50,74.12,79.75,20.60
PRY,Paraguay,Latin America & Caribbean,2015,Transitioner,52.83,35.24,54.62,78.55,51.50,59.32,11.79,34.00,45.50,41.69,98.73,58.49,77.16,100.00,58.23,24.60,95.00,90.80,10.00,,4.55,5.99,24.83,33.33,35.00,,,56.31,56.31,34.69,34.69,53.40,29.99,100.00,96.20,100.00,58.49,96.00,58.31,100.00,100.00,48.07,41.49,38.57,67.87,74.12,83.50,24.60
PRY,Paraguay,Latin America & Caribbean,2016,Transitioner,56.30,42.56,56.53,74.38,56.14,65.37,24.03,34.00,51.17,40.88,98.54,52.26,76.98,93.90,63.02,28.60,95.36,95.00,20.74,,10.59,19.46,42.04,33.33,35.00,,,61.90,61.90,40.44,40.44,52.51,29.25,100.00,95.63,100.00,52.26,95.00,58.97,87.80,100.00,48.25,60.15,47.54,71.54,74.12,87.19,28.60
PRY,Paraguay,Latin America & Caribbean,2017,Transitioner,59.97,53.08,57.80,73.03,57.71,80.72,34.98,34.00,52.42,42.82,98.54,54.54,75.89,88.67,63.99,32.60,96.80,95.30,58.09,,12.05,27.84,65.04,33.33,35.00,,,62.93,62.93,41.90,41.90,54.21,31.43,100.00,95.63,100.00,54.54,94.50,57.28,84.13,93.22,48.59,57.85,51.57,73.51,74.12,86.50,32.60
PRY,Paraguay,Latin America & Caribbean,2018,Advanced,65.70,62.75,60.66,77.29,63.32,90.09,39.80,54.00,54.86,47.52,98.54,56.47,75.40,100.00,64.07,60.30,98.24,95.30,80.80,,14.26,32.80,72.32,66.67,35.00,,,64.95,64.95,44.76,44.76,58.45,36.58,100.00,95.63,100.00,56.47,94.00,56.81,100.00,100.00,48.93,55.56,53.96,71.93,74.12,87.25,60.30
PRY,Paraguay,Latin America & Caribbean,2019,Advanced,66.21,64.87,59.39,76.58,65.16,91.51,43.65,54.00,48.40,50.79,98.54,58.02,75.08,96.66,66.78,58.70,98.80,95.30,84.08,,16.34,38.54,76.08,66.67,35.00,,,65.16,51.83,44.97,31.64,61.73,39.85,100.00,95.63,100.00,58.02,93.00,57.15,96.17,97.14,49.04,63.08,60.51,74.04,74.12,89.25,58.70
PRY,Paraguay,Latin America & Caribbean,2020,Advanced,67.41,66.35,59.78,77.77,66.93,92.91,45.96,54.00,46.86,53.30,98.54,59.61,76.95,96.76,69.39,57.09,98.97,95.30,87.49,,18.55,39.95,79.38,66.67,35.00,,,63.83,48.89,44.84,29.89,63.59,43.01,100.00,95.63,100.00,59.61,95.00,58.91,96.21,97.30,49.85,70.59,64.23,75.75,76.93,89.75,57.09
PRY,Paraguay,Latin America & Caribbean,2021,Advanced,66.38,59.37,62.21,78.83,66.70,84.48,42.03,43.83,51.04,55.21,98.54,61.85,76.50,98.13,69.11,57.09,99.35,95.30,91.05,0.00,13.19,30.95,81.95,66.67,35.00,0.00,0.00,71.04,49.64,52.44,31.03,65.29,45.13,100.00,95.63,100.00,61.85,95.00,58.00,96.25,100.00,49.96,65.59,67.08,76.56,74.64,89.00,57.09
PRY,Paraguay,Latin America & Caribbean,2022,Advanced,66.83,61.37,61.07,80.03,66.52,85.96,42.73,49.46,51.50,51.91,98.54,63.60,76.50,100.00,68.87,57.09,99.48,95.30,94.74,0.00,14.70,32.15,81.34,66.67,35.00,37.50,0.00,68.56,54.23,48.78,34.45,62.62,41.19,100.00,95.63,100.00,63.60,95.00,58.00,100.00,100.00,50.00,60.59,65.53,76.05,77.24,90.50,57.09
PRY,Paraguay,Latin America & Caribbean,2023,Advanced,70.83,62.65,75.44,80.58,66.09,85.97,45.92,49.46,58.98,80.34,98.54,65.23,76.50,100.00,68.34,57.09,99.58,95.30,94.74,0.00,19.26,36.62,81.88,66.67,35.00,37.50,0.00,76.18,61.02,56.93,41.77,90.77,69.91,100.00,95.63,100.00,65.23,95.00,58.00,100.00,100.00,49.92,60.59,61.12,75.29,79.80,90.50,57.09
PRY,Paraguay,Latin America & Caribbean,2024,Advanced,70.28,65.49,67.19,81.03,68.41,90.47,48.53,49.46,38.20,80.50,98.54,66.59,76.50,100.00,66.77,74.93,99.83,98.98,98.22,16.11,21.91,40.75,82.92,66.67,35.00,37.50,0.00,52.71,43.01,33.46,23.62,90.92,70.07,100.00,95.63,100.00,66.59,95.00,58.00,100.00,100.00,50.16,67.12,54.37,70.71,80.31,89.52,74.93
QAT,Qatar,Middle East & North Africa,2014,Advanced,67.74,51.58,99.38,74.36,55.24,83.28,17.26,56.80,98.46,100.00,100.00,70.47,73.22,79.39,53.60,61.80,100.00,100.00,58.21,,9.48,13.34,28.95,54.67,60.00,,,100.00,100.00,100.00,93.82,100.00,100.00,100.00,100.00,100.00,70.47,98.00,48.43,97.63,61.15,55.91,65.35,52.71,73.54,27.40,51.52,61.80
QAT,Qatar,Middle East & North Africa,2015,Advanced,69.84,58.22,98.45,70.30,59.04,91.00,26.16,56.80,96.11,100.00,100.00,68.85,71.43,70.61,57.86,63.73,100.00,100.00,77.49,,14.23,20.91,43.34,54.67,60.00,,,100.00,100.00,97.14,87.31,100.00,100.00,100.00,100.00,100.00,68.85,95.55,47.30,80.08,61.15,58.17,66.37,59.88,79.98,27.40,61.38,63.73
QAT,Qatar,Middle East & North Africa,2016,Advanced,73.61,66.34,97.92,70.14,64.44,97.68,39.77,56.80,94.81,100.00,100.00,70.18,70.65,69.60,64.13,65.67,100.00,100.00,94.19,,20.03,32.44,66.86,54.67,60.00,,,100.00,99.97,94.54,84.72,100.00,100.00,100.00,100.00,100.00,70.18,93.10,48.20,78.05,61.15,58.25,67.39,86.68,82.05,27.40,65.16,65.67
QAT,Qatar,Middle East & North Africa,2017,Advanced,76.82,71.81,95.70,78.44,64.61,98.65,52.47,56.80,89.24,100.00,100.00,73.94,70.74,90.66,63.86,67.60,100.00,100.00,96.63,,31.75,45.60,80.06,54.67,60.00,,,100.00,92.54,87.12,77.29,100.00,100.00,100.00,100.00,100.00,73.94,93.50,47.98,96.49,84.82,58.26,73.28,83.95,84.49,27.40,57.14,67.60
QAT,Qatar,Middle East & North Africa,2018,Leader,80.86,78.00,96.33,80.64,70.55,98.85,67.76,56.80,90.83,100.00,100.00,77.06,72.61,92.24,66.69,86.00,100.00,100.00,97.12,,55.96,62.28,85.04,54.67,60.00,,,100.00,94.66,89.23,79.41,100.00,100.00,100.00,100.00,100.00,77.06,93.50,51.73,98.40,86.08,57.56,79.17,96.60,81.78,27.40,61.00,86.00
QAT,Qatar,Middle East & North Africa,2019,Leader,81.91,83.64,89.32,83.39,72.26,99.01,81.69,56.80,73.31,100.00,100.00,81.05,73.07,96.05,67.76,90.25,100.00,100.00,97.52,,74.83,83.69,86.56,54.67,60.00,,,85.85,76.02,70.60,60.78,100.00,100.00,100.00,100.00,100.00,81.05,93.50,52.64,100.00,92.11,58.11,72.53,100.00,83.58,27.40,66.92,90.25
QAT,Qatar,Middle East & North Africa,2020,Leader,83.50,89.69,87.35,85.26,72.78,99.17,96.64,56.80,69.23,99.15,100.00,82.49,73.29,100.00,67.35,94.50,100.00,100.00,97.92,,100.00,100.00,89.93,54.67,60.00,,,81.77,71.94,66.52,56.69,100.00,98.31,100.00,100.00,100.00,82.49,93.50,53.09,100.00,100.00,58.44,65.88,100.00,85.57,28.82,62.00,94.50
QAT,Qatar,Middle East & North Africa,2021,Leader,84.84,90.41,90.72,85.34,74.01,99.50,95.03,63.00,76.79,100.00,100.00,82.50,73.52,100.00,68.88,94.50,100.00,100.00,99.00,99.00,93.34,100.00,91.74,54.67,60.00,100.00,53.33,92.09,76.74,76.85,61.49,100.00,100.00,100.00,100.00,100.00,82.50,93.50,53.55,100.00,100.00,58.92,63.41,100.00,86.11,33.93,67.50,94.50
QAT,Qatar,Middle East & North Africa,2022,Leader,85.63,91.57,93.48,85.11,73.80,99.75,97.67,63.00,83.69,100.00,100.00,82.53,73.52,99.27,68.62,94.50,100.00,100.00,99.80,98.31,100.00,100.00,93.02,54.67,60.00,100.00,53.33,100.00,80.70,88.61,65.45,100.00,100.00,100.00,100.00,100.00,82.53,93.50,53.55,98.53,100.00,58.56,60.94,96.83,85.69,37.82,67.50,94.50
QAT,Qatar,Middle East & North Africa,2023,Leader,84.79,91.62,90.01,85.45,73.34,99.85,97.69,63.00,81.60,93.41,100.00,82.83,73.52,100.00,68.05,94.50,100.00,100.00,99.90,98.92,100.00,100.00,93.06,54.67,60.00,100.00,53.33,100.00,77.91,85.82,62.67,100.00,86.83,100.00,100.00,100.00,82.83,93.50,53.55,100.00,100.00,59.16,60.94,95.21,84.61,38.32,65.00,94.50
QAT,Qatar,Middle East & North Africa,2024,Leader,86.02,91.59,91.72,85.67,76.08,99.86,97.62,63.00,85.60,93.71,100.00,83.48,73.52,100.00,70.10,100.00,100.00,100.00,99.90,98.95,100.00,100.00,92.86,54.67,60.00,100.00,53.33,98.65,84.14,83.40,76.20,100.00,87.43,100.00,100.00,100.00,83.48,93.50,53.55,100.00,100.00,59.11,76.55,94.33,79.90,45.56,66.67,100.00
ROU,Romania,Europe & Central Asia,2014,Transitioner,64.58,55.09,65.15,80.65,60.11,84.70,25.11,55.81,63.83,64.63,68.82,69.44,80.96,91.55,63.36,47.10,99.90,99.80,62.00,,13.51,17.42,44.40,61.90,46.67,,,77.08,67.26,60.40,50.58,73.66,55.59,53.23,53.23,100.00,69.44,98.80,63.13,92.34,90.77,68.65,44.09,29.07,84.21,85.70,54.22,47.10
ROU,Romania,Europe & Central Asia,2015,Advanced,67.72,62.66,65.68,81.39,62.81,88.74,36.50,62.81,65.18,64.61,68.82,71.78,80.84,91.55,65.78,50.90,99.90,99.90,72.00,,23.11,30.66,55.73,61.90,64.17,,,78.38,68.55,61.81,51.98,73.58,55.63,53.23,53.23,100.00,71.78,98.80,62.88,92.34,90.77,69.45,44.87,33.75,87.69,85.70,59.77,50.90
ROU,Romania,Europe & Central Asia,2016,Advanced,70.97,69.23,69.02,81.51,65.13,93.34,48.33,62.81,66.73,66.93,77.78,75.93,80.72,87.89,67.73,54.70,99.90,99.90,83.50,,30.95,42.74,71.31,61.90,64.17,,,79.48,69.66,63.80,53.98,75.43,58.44,66.67,66.67,100.00,75.93,98.80,62.64,85.02,90.77,69.61,45.65,40.51,89.54,85.70,60.95,54.70
ROU,Romania,Europe & Central Asia,2017,Advanced,73.59,73.70,70.82,83.04,67.66,97.96,54.90,62.81,69.06,67.94,80.11,79.03,79.62,90.46,69.95,58.50,99.99,99.90,95.00,,33.03,50.12,81.54,61.90,64.17,,,82.20,72.38,65.75,55.92,76.86,59.03,70.17,70.17,100.00,79.03,98.80,60.43,88.76,92.16,70.11,55.81,45.29,90.83,85.70,59.80,58.50
ROU,Romania,Europe & Central Asia,2018,Advanced,75.80,75.45,77.11,83.22,68.18,98.71,58.52,62.81,79.86,72.86,80.11,81.59,79.50,88.57,71.03,56.80,99.96,99.90,96.90,,35.47,56.65,83.44,61.90,64.17,,,87.92,87.92,71.80,71.80,81.59,64.13,70.17,70.17,100.00,81.59,98.80,60.21,100.00,77.14,69.23,65.97,50.09,87.47,85.70,59.33,56.80
ROU,Romania,Europe & Central Asia,2019,Advanced,75.29,77.55,70.19,82.98,71.16,99.20,63.26,62.81,70.66,64.75,80.11,83.63,79.97,85.33,72.32,66.55,99.96,99.90,98.13,,41.51,64.39,83.89,61.90,64.17,,,80.69,76.20,65.12,60.63,73.19,56.32,70.17,70.17,100.00,83.63,98.87,61.07,85.82,84.85,66.88,69.16,55.25,87.63,85.70,63.07,66.55
ROU,Romania,Europe & Central Asia,2020,Advanced,77.54,77.75,73.93,84.76,74.21,99.64,63.33,62.81,70.40,74.36,80.11,84.15,80.21,89.91,73.69,76.29,99.96,99.90,99.22,,44.44,61.26,84.30,61.90,64.17,,,80.46,75.80,65.00,60.34,82.74,65.98,70.17,70.17,100.00,84.15,98.93,61.50,88.20,91.61,67.35,72.35,60.73,87.32,85.08,63.60,76.29
ROU,Romania,Europe & Central Asia,2021,Advanced,74.46,71.48,67.46,85.07,74.95,92.79,56.98,57.89,70.40,58.19,80.11,83.68,80.42,91.10,74.61,76.29,99.98,99.90,99.00,32.28,32.58,51.03,87.32,61.90,64.17,51.25,0.00,77.86,77.86,62.93,62.93,66.28,50.10,70.17,70.17,100.00,83.68,99.00,61.83,90.59,91.61,67.67,70.25,67.07,87.13,84.45,63.25,76.29
ROU,Romania,Europe & Central Asia,2022,Advanced,77.97,77.07,74.69,85.82,74.83,94.06,63.09,71.03,84.77,61.89,80.11,84.35,80.56,92.54,74.47,76.29,99.98,99.90,99.00,45.06,40.21,60.76,88.28,76.19,84.17,51.25,0.00,98.54,85.21,84.32,70.99,69.59,54.19,70.17,70.17,100.00,84.35,99.00,62.12,92.98,92.11,67.77,68.14,67.31,85.70,84.14,66.75,76.29
ROU,Romania,Europe & Central Asia,2023,Advanced,79.68,82.21,75.00,88.34,74.01,94.60,75.42,71.03,87.27,60.17,80.11,85.80,80.56,98.65,73.44,76.29,99.98,99.90,99.00,50.40,60.46,76.70,89.09,76.19,84.17,51.25,0.00,100.00,88.06,87.17,73.84,67.87,52.47,70.17,70.17,100.00,85.80,99.00,62.12,100.00,97.30,66.81,68.14,66.04,84.68,84.17,62.90,76.29
ROU,Romania,Europe & Central Asia,2024,Advanced,79.81,86.03,69.42,87.57,77.58,95.07,84.48,71.03,71.31,62.18,80.11,85.94,80.56,96.20,74.07,91.62,99.98,99.90,98.85,55.75,72.43,90.27,90.76,76.19,84.17,51.25,0.00,82.20,72.08,67.99,62.99,69.88,54.48,70.17,70.17,100.00,85.94,99.00,62.12,100.00,92.41,66.58,65.48,65.75,82.23,88.37,69.33,91.62
RUS,Russian Federation,Europe & Central Asia,2014,Advanced,67.30,50.05,75.77,84.29,64.17,76.20,13.41,71.05,72.66,75.51,82.49,74.03,81.91,96.93,67.72,50.00,89.00,95.00,51.00,,8.03,8.76,23.43,66.19,78.33,,,80.55,80.55,64.77,64.77,84.06,66.96,73.73,73.73,100.00,74.03,99.70,64.11,96.49,97.37,66.76,70.87,26.42,79.34,87.75,85.75,50.00
RUS,Russian Federation,Europe & Central Asia,2015,Advanced,69.81,56.08,73.61,85.25,67.48,79.40,25.27,71.05,73.58,69.22,82.49,76.65,82.17,96.93,69.45,59.60,89.00,95.00,59.00,,11.83,15.18,48.81,66.19,78.33,,,81.47,81.47,65.68,65.68,77.77,60.67,73.73,73.73,100.00,76.65,99.70,64.64,96.49,97.37,67.11,72.03,29.32,82.62,87.75,88.86,59.60
RUS,Russian Federation,Europe & Central Asia,2016,Advanced,72.02,61.28,73.64,85.42,69.78,81.96,34.06,74.38,74.24,68.61,82.49,74.29,83.30,98.68,69.92,69.20,89.00,95.00,65.40,,15.80,23.21,63.15,66.19,86.67,,,82.13,82.13,66.34,66.34,77.16,60.06,73.73,73.73,100.00,74.29,99.70,66.89,100.00,97.37,67.74,73.19,26.72,85.21,87.75,91.23,69.20
RUS,Russian Federation,Europe & Central Asia,2017,Advanced,75.57,66.35,76.13,86.86,74.34,87.35,41.33,74.38,75.82,73.26,82.49,77.37,83.21,100.00,73.23,78.80,90.00,95.00,78.37,,19.13,30.83,74.03,66.19,86.67,,,83.39,83.39,68.25,68.25,81.46,65.05,73.73,73.73,100.00,77.37,99.70,66.72,100.00,100.00,67.73,82.43,38.41,86.91,87.75,88.25,78.80
RUS,Russian Federation,Europe & Central Asia,2018,Advanced,75.50,68.84,72.83,85.32,75.97,90.80,44.10,74.38,69.52,71.31,82.49,80.04,82.13,93.79,74.06,83.60,91.00,95.00,86.51,,20.91,35.12,76.27,66.19,86.67,,,76.98,76.98,62.05,62.05,79.40,63.22,73.73,73.73,100.00,80.04,99.70,64.55,96.53,91.04,67.28,91.67,39.64,85.16,87.75,89.25,83.60
RUS,Russian Federation,Europe & Central Asia,2019,Advanced,76.93,72.10,71.12,87.93,77.68,94.88,48.17,74.38,67.23,71.68,77.78,82.25,84.44,97.10,74.39,90.83,94.80,95.00,94.80,,24.34,43.62,76.56,66.19,86.67,,,77.46,71.94,62.53,57.00,79.77,63.59,66.67,66.67,100.00,82.25,99.80,69.08,100.00,94.20,67.19,86.72,43.25,85.80,87.75,89.25,90.83
RUS,Russian Federation,Europe & Central Asia,2020,Leader,80.97,73.84,78.73,89.16,82.93,96.58,50.82,74.38,74.20,83.74,77.78,82.95,84.52,100.00,79.15,98.06,98.90,96.00,96.00,,27.43,46.38,78.65,66.19,86.67,,,90.39,71.82,76.58,58.00,91.22,76.25,66.67,66.67,100.00,82.95,99.90,69.13,100.00,100.00,67.23,81.76,64.77,86.90,90.32,91.25,98.06
RUS,Russian Federation,Europe & Central Asia,2021,Advanced,79.44,65.34,81.19,89.53,83.84,87.01,46.45,59.76,79.38,84.71,77.78,83.54,85.04,100.00,80.28,98.06,98.94,96.78,96.00,0.00,20.16,38.08,81.11,66.19,86.67,0.00,13.33,94.84,78.54,80.22,63.92,92.63,76.79,66.67,66.67,100.00,83.54,100.00,70.08,100.00,100.00,67.37,77.72,69.86,87.82,90.26,94.50,98.06
RUS,Russian Federation,Europe & Central Asia,2022,Leader,80.33,66.82,83.75,89.26,83.35,87.66,49.52,59.76,87.21,83.27,77.78,84.05,85.04,98.70,79.67,98.06,99.40,98.00,96.30,0.00,23.72,42.70,82.13,66.19,86.67,0.00,13.33,100.00,88.00,87.49,73.37,91.19,75.35,66.67,66.67,100.00,84.05,100.00,70.08,100.00,97.40,67.23,73.68,70.02,87.13,91.40,91.50,98.06
RUS,Russian Federation,Europe & Central Asia,2023,Leader,80.71,68.96,82.43,89.44,83.48,87.63,54.90,59.76,80.02,87.17,77.78,84.57,85.04,98.70,79.83,98.06,99.10,98.00,96.30,0.00,32.63,50.41,81.65,66.19,86.67,0.00,13.33,100.00,73.95,86.78,59.33,95.09,79.25,66.67,66.67,100.00,84.57,100.00,70.08,100.00,97.40,69.08,73.68,70.20,86.15,91.14,91.50,98.06
RUS,Russian Federation,Europe & Central Asia,2024,Leader,80.08,69.70,80.18,89.60,82.13,87.66,56.71,59.76,73.35,88.20,77.78,85.05,85.04,98.70,79.63,92.12,99.40,98.00,96.30,0.00,35.63,52.02,82.48,66.19,86.67,0.00,13.33,85.89,78.09,71.27,58.14,96.12,80.28,66.67,66.67,100.00,85.05,100.00,70.08,100.00,97.40,68.61,77.66,70.43,83.32,92.41,89.05,92.12
RWA,Rwanda,Sub-Saharan Africa,2014,Emerging,36.06,44.66,35.69,32.88,32.26,55.89,20.21,71.09,40.58,18.10,61.11,34.11,54.65,9.88,27.10,52.90,99.31,85.07,5.00,,5.51,4.78,50.34,88.48,45.00,,,49.51,49.51,31.65,31.65,27.77,8.42,46.83,100.00,36.51,34.11,71.00,38.31,19.75,0.00,10.62,51.18,3.65,32.18,54.42,18.08,52.90
RWA,Rwanda,Sub-Saharan Africa,2015,Emerging,38.30,48.75,38.29,33.46,34.47,59.47,26.87,71.09,52.06,16.58,54.17,35.69,54.82,9.88,29.25,55.33,99.90,88.01,10.72,,8.27,7.58,64.76,88.48,45.00,,,60.99,60.99,43.13,43.13,26.26,6.90,40.63,100.00,21.88,35.69,71.50,38.13,19.75,0.00,20.25,48.42,3.56,34.76,54.42,18.08,55.33
RWA,Rwanda,Sub-Saharan Africa,2016,Emerging,37.01,53.15,33.01,30.11,35.53,78.83,18.50,71.09,32.15,23.29,54.17,30.32,53.71,6.28,29.97,57.77,99.98,92.08,55.00,,7.39,7.96,40.15,88.48,45.00,,,41.08,41.08,23.21,23.21,32.97,13.61,40.63,100.00,21.88,30.32,72.00,35.42,12.57,0.00,20.86,45.65,4.14,38.57,54.42,18.08,57.77
RWA,Rwanda,Sub-Saharan Africa,2017,Emerging,41.60,66.16,33.72,35.52,37.79,92.93,36.93,71.09,33.96,23.27,54.17,31.73,55.44,19.38,32.18,60.20,99.92,93.37,89.00,,12.91,19.11,78.77,88.48,45.00,,,42.89,42.89,25.03,25.03,32.95,13.59,40.63,100.00,21.88,31.73,72.50,38.38,32.10,6.67,21.92,58.94,3.80,42.28,54.42,18.08,60.20
RWA,Rwanda,Sub-Saharan Africa,2018,Emerging,45.74,68.39,38.14,40.72,41.21,98.82,36.60,71.09,43.96,24.31,54.17,32.99,55.85,33.33,34.09,69.70,99.92,98.54,98.54,,13.86,18.48,77.47,88.48,45.00,,,52.89,52.89,35.02,35.02,33.98,14.63,40.63,100.00,21.88,32.99,73.00,38.70,33.33,33.33,24.02,72.22,4.57,42.29,54.42,18.08,69.70
RWA,Rwanda,Sub-Saharan Africa,2019,Emerging,39.16,69.47,24.64,32.45,42.33,99.18,38.94,71.09,28.62,5.90,54.17,33.98,56.49,6.89,34.21,74.83,99.92,99.00,99.00,,12.86,19.81,84.17,88.48,45.00,,,41.45,33.66,23.59,15.79,11.81,0.00,40.63,100.00,21.88,33.98,76.53,36.46,7.10,6.67,25.00,66.99,4.56,44.54,54.42,18.08,74.83
RWA,Rwanda,Sub-Saharan Africa,2020,Emerging,41.64,69.01,28.42,33.48,45.78,99.19,37.80,71.09,26.12,17.86,54.17,35.08,58.49,6.87,37.24,79.95,99.94,99.00,99.00,,11.39,18.08,83.94,88.48,45.00,,,41.65,28.45,23.79,10.59,27.53,8.18,40.63,100.00,21.88,35.08,80.05,36.92,13.74,0.00,25.90,61.76,6.18,49.26,64.92,18.08,79.95
RWA,Rwanda,Sub-Saharan Africa,2021,Emerging,41.36,60.92,29.20,35.11,46.86,89.19,34.23,57.74,25.91,20.02,54.17,36.31,58.83,10.19,38.59,79.95,99.94,99.00,99.00,0.00,7.03,11.82,83.83,88.48,45.00,0.00,0.00,43.65,26.03,25.79,8.17,29.69,10.34,40.63,100.00,21.88,36.31,79.53,38.14,20.37,0.00,26.32,70.56,6.59,51.75,63.82,18.37,79.95
RWA,Rwanda,Sub-Saharan Africa,2022,Emerging,43.21,61.18,32.39,37.21,47.27,89.35,34.74,57.74,29.73,24.16,54.17,37.60,59.18,14.86,39.10,79.95,99.94,99.39,99.00,0.00,8.46,11.87,83.88,88.48,45.00,0.00,0.00,47.47,29.85,29.61,11.99,33.84,14.49,40.63,100.00,21.88,37.60,79.00,39.36,27.01,2.71,25.99,79.35,5.70,53.10,61.83,18.41,79.95
RWA,Rwanda,Sub-Saharan Africa,2023,Emerging,46.70,63.00,40.03,38.65,48.82,89.35,39.28,57.74,31.70,41.29,54.17,38.56,59.79,17.61,41.03,79.95,99.94,99.39,99.00,0.00,12.45,20.26,85.12,88.48,45.00,0.00,0.00,49.44,31.82,31.58,13.96,50.96,31.61,40.63,100.00,21.88,38.56,79.00,40.58,33.64,1.57,26.67,79.35,6.24,52.80,70.51,18.55,79.95
RWA,Rwanda,Sub-Saharan Africa,2024,Emerging,49.96,64.97,41.01,44.96,52.01,89.47,44.08,57.74,34.81,40.63,54.17,40.14,59.79,34.94,40.49,98.08,99.94,99.70,99.00,0.00,18.66,28.08,85.49,88.48,45.00,0.00,0.00,52.29,37.18,34.43,15.35,50.30,30.95,40.63,100.00,21.88,40.14,79.00,40.58,40.28,29.60,28.05,82.07,8.92,47.40,67.94,18.26,98.08
SAU,Saudi Arabia,Middle East & North Africa,2014,Transitioner,57.78,49.89,73.34,74.51,40.88,92.74,14.26,35.47,87.74,45.61,100.00,50.62,76.27,96.63,43.75,29.40,99.72,97.00,85.00,,7.40,10.27,25.09,33.33,38.67,,,100.00,84.88,98.52,67.57,54.99,36.23,100.00,100.00,100.00,50.62,95.00,57.55,93.27,100.00,46.58,77.17,24.66,66.59,11.81,61.10,29.40
SAU,Saudi Arabia,Middle East & North Africa,2015,Transitioner,59.64,53.37,70.57,75.08,44.74,92.68,22.02,37.47,84.80,41.62,100.00,51.69,76.93,96.63,46.28,38.57,99.42,97.00,85.00,,8.40,14.61,43.05,33.33,43.67,,,100.00,81.28,94.44,63.49,51.26,31.99,100.00,100.00,100.00,51.69,95.00,58.86,93.27,100.00,48.89,72.28,30.23,70.53,11.81,67.60,38.57
SAU,Saudi Arabia,Middle East & North Africa,2016,Transitioner,63.26,57.93,71.11,77.74,50.00,97.08,29.01,37.47,84.38,43.41,100.00,62.59,77.58,93.06,50.57,47.73,99.42,99.00,94.00,,9.42,20.68,56.92,33.33,43.67,,,100.00,80.46,94.00,63.05,52.84,33.98,100.00,100.00,100.00,62.59,95.00,60.16,86.11,100.00,49.33,67.39,47.33,73.00,11.81,75.38,47.73
SAU,Saudi Arabia,Middle East & North Africa,2017,Advanced,65.75,64.13,67.98,80.27,53.42,97.08,38.69,49.10,76.99,42.95,100.00,65.39,78.24,97.17,52.55,56.90,99.42,99.00,94.00,,13.91,32.93,69.21,47.62,51.33,,,100.00,70.61,84.15,53.20,52.38,33.52,100.00,100.00,100.00,65.39,95.00,61.47,96.67,97.67,49.40,73.28,52.01,75.79,11.81,74.19,56.90
SAU,Saudi Arabia,Middle East & North Africa,2018,Advanced,74.22,72.92,88.87,80.13,58.44,97.08,52.37,65.66,94.91,77.27,100.00,68.21,79.39,92.78,51.02,88.10,99.42,99.00,94.00,,27.57,55.91,73.64,71.43,57.00,,,100.00,98.83,100.00,80.80,87.04,67.51,100.00,100.00,100.00,68.21,96.00,62.78,90.00,95.56,49.54,79.17,45.17,73.76,11.81,70.50,88.10
SAU,Saudi Arabia,Middle East & North Africa,2019,Advanced,76.08,83.78,76.95,81.92,63.44,97.08,72.26,80.19,70.89,71.48,100.00,71.68,80.54,93.54,55.84,93.82,99.42,99.00,94.00,,53.06,83.72,80.01,71.43,93.33,,,88.37,70.75,71.03,53.41,80.87,62.09,100.00,100.00,100.00,71.68,97.00,64.09,93.33,93.75,49.70,74.00,69.40,74.82,11.81,73.00,93.82
SAU,Saudi Arabia,Middle East & North Africa,2020,Advanced,75.79,92.56,64.41,83.72,66.10,97.20,94.11,80.19,67.43,48.67,89.86,73.19,81.70,96.27,57.74,99.54,99.99,99.00,94.00,,100.00,100.00,82.33,71.43,93.33,,,84.90,67.26,67.61,49.97,58.04,39.31,84.78,84.78,100.00,73.19,98.00,65.40,96.67,95.88,50.40,68.82,76.89,77.12,13.12,73.50,99.54
SAU,Saudi Arabia,Middle East & North Africa,2021,Advanced,76.81,89.09,65.99,85.39,69.34,94.56,90.67,74.96,70.63,49.43,89.86,73.81,82.35,100.00,61.79,99.54,99.99,99.00,96.00,65.63,93.47,92.92,85.63,71.43,93.33,75.00,0.00,88.32,71.09,70.17,52.94,59.26,39.60,84.78,84.78,100.00,73.81,98.00,66.70,100.00,100.00,50.93,75.51,80.58,78.83,20.36,81.00,99.54
SAU,Saudi Arabia,Middle East & North Africa,2022,Advanced,78.12,92.21,68.31,84.47,70.01,95.80,94.36,80.71,74.53,51.31,89.86,74.19,82.35,96.88,62.62,99.54,99.99,99.00,98.00,70.00,100.00,96.99,86.10,71.43,100.00,100.00,0.00,91.64,74.81,74.26,57.42,60.73,41.89,84.78,84.78,100.00,74.19,98.00,66.70,100.00,93.75,50.92,82.20,79.34,78.82,20.44,85.00,99.54
SAU,Saudi Arabia,Middle East & North Africa,2023,Leader,80.04,92.02,72.52,85.34,72.08,96.10,93.59,80.71,71.51,64.86,89.86,74.70,82.35,98.97,65.21,99.54,100.00,99.00,98.00,73.00,100.00,93.93,86.83,71.43,100.00,100.00,0.00,88.12,72.17,70.85,54.91,74.22,55.51,84.78,84.78,100.00,74.70,98.00,66.70,100.00,97.94,49.81,82.20,93.99,78.61,21.55,82.00,99.54
SAU,Saudi Arabia,Middle East & North Africa,2024,Advanced,79.94,95.69,66.81,85.67,74.55,96.10,95.62,95.00,57.86,64.24,89.86,75.69,82.35,98.96,68.19,100.00,100.00,98.00,98.00,77.00,100.00,99.41,87.45,100.00,100.00,100.00,0.00,69.93,68.54,52.66,40.32,73.60,54.89,84.78,84.78,100.00,75.69,98.00,66.70,100.00,97.92,50.24,99.00,90.13,75.44,33.27,84.76,100.00
SDN,Sudan,Middle East & North Africa,2014,Discoverer,25.17,23.97,35.61,27.67,16.99,36.60,1.92,42.82,61.76,20.48,13.58,32.06,38.37,12.59,10.21,44.10,89.00,47.00,0.00,,2.26,3.49,0.00,42.48,43.33,,,68.48,68.48,55.05,55.05,27.75,13.21,34.62,6.13,0.00,32.06,60.70,16.04,25.18,0.00,0.00,29.13,0.00,15.26,10.48,21.52,44.10
SDN,Sudan,Middle East & North Africa,2015,Discoverer,26.07,24.18,36.22,27.72,19.02,36.62,2.43,42.82,62.35,21.42,13.58,32.63,38.53,11.99,14.17,38.43,89.10,47.00,0.00,,3.50,3.79,0.00,42.48,43.33,,,69.06,69.06,55.64,55.64,28.69,14.15,34.62,6.13,0.00,32.63,60.70,16.36,23.99,0.00,9.33,25.44,0.00,17.70,10.48,41.23,38.43
SDN,Sudan,Middle East & North Africa,2016,Discoverer,28.73,33.53,37.54,28.17,19.22,47.49,14.92,42.82,61.88,25.18,13.58,35.23,38.74,10.53,15.83,32.77,89.45,47.00,27.00,,5.42,5.73,33.61,42.48,43.33,,,68.59,68.59,55.17,55.17,32.45,17.91,34.62,6.13,0.00,35.23,60.70,16.77,21.06,0.00,9.63,21.74,7.00,25.99,10.48,30.34,32.77
SDN,Sudan,Middle East & North Africa,2017,Discoverer,29.36,36.48,32.36,31.62,19.91,47.54,22.24,42.82,55.88,18.24,13.58,36.51,39.12,19.22,18.11,27.10,89.70,47.00,27.00,,9.26,17.95,39.51,42.48,43.33,,,62.59,62.59,49.16,49.16,25.51,10.96,34.62,6.13,0.00,36.51,60.70,17.54,38.44,0.00,13.54,18.51,6.29,32.08,10.48,37.86,27.10
SDN,Sudan,Middle East & North Africa,2018,Discoverer,28.24,40.92,24.41,31.47,20.22,47.54,33.35,42.82,48.09,8.56,8.74,37.42,39.51,17.48,17.93,29.40,89.70,47.00,27.00,,11.55,24.34,64.16,42.48,43.33,,,54.81,54.81,41.38,41.38,15.84,1.29,20.37,5.86,0.00,37.42,60.70,18.31,34.97,0.00,13.32,15.28,7.84,34.09,10.48,32.52,29.40
SDN,Sudan,Middle East & North Africa,2019,Discoverer,29.22,36.68,27.31,33.40,21.78,47.60,22.69,42.82,36.09,27.82,8.73,38.09,39.90,22.21,19.17,32.22,90.00,47.00,27.00,,10.12,24.42,33.52,42.48,43.33,,,56.90,28.70,43.47,15.28,35.09,20.55,20.37,5.82,0.00,38.09,60.70,19.10,44.43,0.00,13.85,22.94,2.83,35.54,10.48,43.35,32.22
SDN,Sudan,Middle East & North Africa,2020,Discoverer,31.57,43.28,28.14,35.57,22.94,58.58,28.21,42.82,42.31,23.66,8.77,38.71,40.30,27.71,19.92,35.03,90.90,63.00,38.00,,9.07,11.23,64.33,42.48,43.33,,,61.73,36.32,48.30,22.89,30.93,16.38,20.37,5.93,0.00,38.71,60.70,19.89,45.42,10.00,13.95,30.59,2.75,37.93,8.92,41.51,35.03
SDN,Sudan,Middle East & North Africa,2021,Discoverer,32.32,43.41,31.71,34.22,23.18,55.89,35.52,34.24,51.56,25.51,4.41,39.48,40.70,22.48,20.21,35.03,90.90,73.00,44.00,0.00,7.80,19.30,79.45,42.48,43.33,0.00,0.00,72.11,44.42,58.69,31.00,32.78,18.23,7.14,6.09,0.00,39.48,60.70,20.70,44.97,0.00,14.03,25.89,2.68,39.54,15.44,32.87,35.03
SDN,Sudan,Middle East & North Africa,2022,Discoverer,31.75,48.16,24.93,37.26,22.70,64.24,36.67,39.00,33.38,26.75,4.41,40.12,40.70,30.96,19.62,35.03,90.40,84.00,54.00,0.00,8.81,21.38,79.81,52.00,43.33,0.00,0.00,53.94,26.24,40.51,12.82,34.02,19.48,7.14,6.10,0.00,40.12,60.70,20.70,45.92,16.00,15.04,21.18,2.61,40.38,15.08,28.81,35.03
SDN,Sudan,Middle East & North Africa,2023,Discoverer,31.20,45.31,21.92,41.48,23.01,65.96,27.81,39.00,24.31,28.27,4.42,40.77,40.70,42.98,20.01,35.03,91.60,88.00,54.00,0.00,8.22,16.81,58.40,52.00,43.33,0.00,0.00,42.60,19.45,29.17,6.02,35.55,21.00,7.14,6.10,0.00,40.77,60.70,20.70,55.96,30.00,15.63,21.18,2.54,38.79,15.38,34.23,35.03
SDN,Sudan,Middle East & North Africa,2024,Discoverer,27.47,44.74,14.02,37.82,23.99,65.96,26.39,39.00,10.72,22.13,4.42,30.36,40.70,42.41,17.94,48.18,91.60,88.00,54.00,0.00,13.15,29.06,36.94,52.00,43.33,0.00,0.00,23.40,9.51,9.97,0.00,29.41,14.86,7.14,6.10,0.00,30.36,60.70,20.70,54.81,30.00,15.31,12.93,2.48,31.01,18.15,32.53,48.18
SEN,Senegal,Sub-Saharan Africa,2014,Discoverer,32.64,26.58,41.57,40.76,25.21,40.55,4.19,43.41,32.39,35.57,71.95,33.94,34.06,54.28,27.12,17.60,91.60,55.57,0.00,,6.46,6.11,0.00,48.24,36.17,,,45.03,35.21,29.57,19.74,43.94,27.19,56.50,100.00,59.35,33.94,43.59,24.52,50.98,57.58,31.90,30.71,7.20,38.52,32.40,20.45,17.60
SEN,Senegal,Sub-Saharan Africa,2015,Discoverer,34.88,32.70,38.68,41.27,28.36,44.78,15.26,43.41,29.77,30.95,71.95,34.65,34.88,54.28,29.90,22.20,91.60,66.14,0.00,,7.47,5.69,32.63,48.24,36.17,,,42.41,32.59,26.95,17.13,39.33,22.58,56.50,100.00,59.35,34.65,43.59,26.16,50.98,57.58,36.32,34.19,9.62,42.30,32.40,23.51,22.20
SEN,Senegal,Sub-Saharan Africa,2016,Emerging,38.78,36.96,44.83,43.82,31.14,57.72,12.98,43.41,37.45,38.64,71.95,37.12,36.12,58.21,32.22,26.80,92.00,76.71,21.60,,7.69,6.85,24.40,48.24,36.17,,,50.10,40.27,34.63,24.81,47.01,30.26,56.50,100.00,59.35,37.12,46.10,26.14,58.85,57.58,36.65,37.68,15.38,45.97,32.40,23.75,26.80
SEN,Senegal,Sub-Saharan Africa,2017,Emerging,44.53,45.97,48.07,53.05,33.53,67.08,26.14,43.41,44.92,39.27,71.95,38.90,38.75,81.51,34.06,31.40,97.40,82.00,37.00,,9.65,12.42,56.36,48.24,36.17,,,57.57,47.74,42.10,32.28,47.64,30.89,56.50,100.00,59.35,38.90,52.00,25.49,90.61,72.41,36.38,42.80,18.87,49.75,32.40,22.98,31.40
SEN,Senegal,Sub-Saharan Africa,2018,Emerging,44.51,52.78,41.84,52.27,34.01,81.22,29.03,43.41,32.80,35.83,71.95,40.66,35.72,80.42,34.89,30.50,97.70,92.20,62.00,,8.64,13.61,64.82,48.24,36.17,,,42.68,38.39,27.21,22.92,44.21,27.46,56.50,100.00,59.35,40.66,46.61,24.84,66.24,94.59,36.45,47.92,20.27,49.40,32.40,23.93,30.50
SEN,Senegal,Sub-Saharan Africa,2019,Emerging,46.08,57.09,44.30,51.08,34.89,86.90,34.11,43.41,42.34,32.44,71.95,42.27,35.51,75.46,35.32,33.18,97.90,95.20,73.10,,13.22,21.12,67.99,48.24,36.17,,,56.74,43.41,41.27,27.94,40.82,24.07,56.50,100.00,59.35,42.27,46.83,24.19,88.32,62.61,36.61,48.67,20.56,50.59,32.40,24.22,33.18
SEN,Senegal,Sub-Saharan Africa,2020,Emerging,47.21,60.26,48.50,45.72,37.17,90.52,38.42,43.41,44.19,41.09,71.95,44.25,35.63,57.27,37.50,35.85,98.00,97.90,79.40,,16.02,23.57,75.65,48.24,36.17,,,56.95,45.95,42.43,31.43,48.96,33.23,56.50,100.00,59.35,44.25,47.71,23.54,54.55,60.00,36.93,49.41,23.04,51.50,39.67,23.35,35.85
SEN,Senegal,Sub-Saharan Africa,2021,Emerging,48.97,56.87,52.56,51.49,37.37,85.70,39.00,34.97,46.70,48.72,71.95,45.66,36.55,72.26,37.75,35.85,99.00,99.30,90.20,0.00,11.84,21.36,83.79,48.24,36.17,0.00,0.00,57.79,50.12,43.27,35.60,56.59,40.86,56.50,100.00,59.35,45.66,48.59,24.51,76.82,67.70,37.43,49.38,22.11,53.09,38.94,24.94,35.85
SEN,Senegal,Sub-Saharan Africa,2022,Emerging,47.31,59.18,48.36,47.64,36.73,87.70,42.77,34.97,45.68,39.23,71.95,47.78,37.04,58.10,36.95,35.85,99.40,99.40,95.00,0.00,12.08,30.78,85.43,48.24,36.17,0.00,0.00,59.61,46.28,45.09,31.76,47.09,31.36,56.50,100.00,59.35,47.78,49.48,24.61,56.28,59.92,37.33,49.34,16.83,54.22,39.96,23.49,35.85
SEN,Senegal,Sub-Saharan Africa,2023,Emerging,48.29,62.65,46.91,49.28,37.53,88.10,47.61,41.85,46.71,34.60,71.95,49.59,37.75,60.52,37.95,35.85,99.40,99.40,96.00,0.00,17.69,38.83,86.30,53.00,36.17,30.00,0.00,60.63,47.31,46.11,32.79,42.46,26.73,56.50,100.00,59.35,49.59,50.36,25.13,61.62,59.42,37.05,49.34,20.37,53.72,42.40,23.06,35.85
SEN,Senegal,Sub-Saharan Africa,2024,Emerging,49.77,64.46,42.43,50.83,44.15,89.79,50.44,41.85,34.58,35.52,71.95,50.91,37.75,63.84,38.35,67.34,99.50,99.60,98.00,8.00,24.51,41.66,85.14,53.00,36.17,30.00,0.00,48.11,32.70,33.59,23.92,43.38,27.65,56.50,100.00,59.35,50.91,50.36,25.13,57.79,69.88,37.07,47.79,27.15,49.07,43.12,22.91,67.34
SGP,Singapore,East Asia & Pacific,2014,Leader,81.38,66.78,97.17,84.92,79.58,100.00,44.96,43.99,96.30,96.63,100.00,74.86,86.18,93.72,82.58,67.60,100.00,100.00,100.00,,27.79,49.68,57.42,28.57,67.12,,,100.00,98.25,100.00,86.94,100.00,93.26,100.00,100.00,100.00,74.86,97.00,75.36,96.53,90.91,73.39,99.21,57.04,100.00,82.85,100.00,67.60
SGP,Singapore,East Asia & Pacific,2015,Leader,83.76,73.53,96.73,84.99,81.44,100.00,61.82,43.99,96.78,95.03,100.00,74.82,86.42,93.72,82.82,75.90,100.00,100.00,100.00,,44.69,71.72,69.07,28.57,67.12,,,100.00,99.18,100.00,87.96,100.00,90.06,100.00,100.00,100.00,74.82,97.00,75.85,96.53,90.91,74.11,98.16,58.09,100.00,82.85,100.00,75.90
SGP,Singapore,East Asia & Pacific,2016,Leader,85.23,78.71,97.37,81.10,84.89,100.00,73.45,46.66,97.00,96.43,100.00,71.48,86.67,85.15,85.06,84.20,100.00,100.00,100.00,,55.60,86.71,78.04,28.57,73.78,,,100.00,99.74,100.00,88.25,100.00,92.87,100.00,100.00,100.00,71.48,97.00,76.33,79.38,90.91,74.22,97.10,69.71,100.00,82.85,100.00,84.20
SGP,Singapore,East Asia & Pacific,2017,Leader,89.34,88.57,97.66,84.33,87.36,100.00,83.74,75.37,97.44,96.71,100.00,74.82,86.91,91.25,86.07,92.50,100.00,100.00,100.00,,65.81,98.60,86.80,71.43,81.28,,,100.00,100.00,100.00,89.75,100.00,93.43,100.00,100.00,100.00,74.82,97.00,76.82,89.47,93.02,74.31,97.86,74.27,100.00,82.85,100.00,92.50
SGP,Singapore,East Asia & Pacific,2018,Leader,90.49,90.49,97.39,87.95,86.52,100.00,88.53,75.37,97.75,95.72,100.00,78.54,87.04,98.26,85.70,89.80,100.00,100.00,100.00,,76.60,100.00,89.00,71.43,81.28,,,100.00,100.00,100.00,90.99,100.00,91.44,100.00,100.00,100.00,78.54,97.00,77.08,96.53,100.00,74.45,98.61,71.91,100.00,82.85,100.00,89.80
SGP,Singapore,East Asia & Pacific,2019,Leader,88.79,89.94,87.50,89.51,88.22,100.00,87.17,75.37,87.23,81.52,100.00,82.38,87.27,98.89,86.74,94.16,100.00,100.00,100.00,,72.33,100.00,89.17,71.43,81.28,,,100.00,84.68,90.92,73.30,87.68,75.36,100.00,100.00,100.00,82.38,97.00,77.53,100.00,97.78,74.58,97.54,77.49,100.00,82.85,100.00,94.16
SGP,Singapore,East Asia & Pacific,2020,Leader,91.90,91.61,94.97,91.19,89.92,100.00,91.34,75.37,87.43,100.00,100.00,86.30,87.26,100.00,87.77,98.52,100.00,100.00,100.00,,82.02,100.00,92.00,71.43,81.28,,,100.00,86.11,89.32,74.29,100.00,100.00,100.00,100.00,100.00,86.30,97.00,77.53,100.00,100.00,74.90,96.47,82.70,100.00,83.03,100.00,98.52
SGP,Singapore,East Asia & Pacific,2021,Leader,91.25,86.18,97.43,92.12,89.63,98.50,80.97,71.96,93.58,100.00,100.00,88.44,87.92,100.00,87.40,98.52,100.00,100.00,100.00,85.00,67.00,83.27,92.63,71.43,79.17,50.00,100.00,100.00,94.48,96.81,83.03,100.00,100.00,100.00,100.00,100.00,88.44,98.00,77.84,100.00,100.00,75.86,96.34,87.88,100.00,75.11,100.00,98.52
SGP,Singapore,East Asia & Pacific,2022,Leader,93.03,91.89,98.90,92.67,88.94,99.65,94.10,71.96,97.24,100.00,100.00,89.69,88.32,100.00,86.55,98.52,100.00,100.00,100.00,96.50,100.00,89.44,92.86,71.43,79.17,50.00,100.00,100.00,100.00,100.00,88.97,100.00,100.00,100.00,100.00,100.00,89.69,98.00,78.64,100.00,100.00,75.57,96.20,83.80,100.00,75.28,100.00,98.52
SGP,Singapore,East Asia & Pacific,2023,Leader,93.28,93.42,98.65,92.75,88.57,99.84,97.72,71.96,96.63,100.00,100.00,89.93,88.32,100.00,86.09,98.52,100.00,100.00,100.00,98.43,100.00,100.00,93.15,71.43,79.17,50.00,100.00,100.00,99.03,99.79,87.70,100.00,100.00,100.00,100.00,100.00,89.93,98.00,78.64,100.00,100.00,75.07,96.20,83.43,100.00,73.83,100.00,98.52
SGP,Singapore,East Asia & Pacific,2024,Leader,93.16,93.56,97.74,92.12,89.40,99.88,98.05,71.96,94.34,100.00,100.00,90.16,88.32,97.89,86.78,99.86,100.00,100.00,100.00,98.78,100.00,100.00,94.15,71.43,79.17,50.00,100.00,100.00,100.00,91.89,85.47,100.00,100.00,100.00,100.00,100.00,90.16,98.00,78.64,100.00,95.79,75.17,98.31,83.42,100.00,76.17,100.00,99.86
SLB,Solomon Islands,East Asia & Pacific,2014,Discoverer,26.38,19.31,27.97,56.54,15.85,23.91,1.22,46.29,7.26,18.80,87.74,35.14,65.72,68.78,19.09,2.90,91.00,14.27,0.00,,1.66,1.99,0.00,57.14,30.00,,,13.17,13.17,1.35,1.35,25.20,12.40,100.00,63.22,100.00,35.14,97.00,34.43,76.44,61.12,33.87,5.51,3.97,25.35,6.49,46.00,2.90
SLB,Solomon Islands,East Asia & Pacific,2015,Discoverer,27.70,20.48,28.14,56.65,18.03,25.80,2.25,46.29,10.78,15.70,87.74,37.70,65.62,66.64,21.26,5.10,91.00,19.00,0.00,,2.33,4.42,0.00,57.14,30.00,,,16.75,16.75,4.81,4.81,22.17,9.23,100.00,63.22,100.00,37.70,97.00,34.24,72.16,61.12,41.70,11.09,4.19,25.35,6.49,46.00,5.10
SLB,Solomon Islands,East Asia & Pacific,2016,Discoverer,33.08,25.74,40.81,56.05,20.33,25.80,15.41,46.29,31.56,26.61,87.74,36.53,65.53,66.09,23.58,7.30,91.00,19.00,0.00,,1.92,7.21,37.11,57.14,30.00,,,37.58,37.58,25.54,25.54,33.13,20.08,100.00,63.22,100.00,36.53,97.00,34.05,71.07,61.12,41.76,16.67,6.61,31.72,6.49,46.00,7.30
SLB,Solomon Islands,East Asia & Pacific,2017,Discoverer,33.44,25.63,39.57,56.81,21.71,36.20,4.72,46.29,30.42,24.64,87.74,38.16,65.43,66.84,24.76,9.50,93.00,25.00,19.00,,3.05,8.06,3.05,57.14,30.00,,,36.48,36.48,24.35,24.35,31.21,18.07,100.00,63.22,100.00,38.16,97.00,33.86,69.72,63.96,42.15,20.49,10.44,31.49,6.49,46.00,9.50
SLB,Solomon Islands,East Asia & Pacific,2018,Discoverer,33.90,34.01,30.88,58.79,21.40,44.80,8.52,63.43,11.60,21.73,87.74,39.60,65.34,71.44,25.22,6.10,94.00,45.00,20.00,,4.62,10.63,10.32,85.71,30.00,,,17.71,17.71,5.49,5.49,28.35,15.11,100.00,63.22,100.00,39.60,97.00,33.67,78.92,63.96,41.65,24.31,11.54,31.26,6.49,46.00,6.10
SLB,Solomon Islands,East Asia & Pacific,2019,Emerging,35.55,35.98,30.43,59.90,24.37,51.60,6.63,63.43,12.97,19.25,87.74,40.83,65.24,73.63,28.81,6.59,95.00,58.99,22.51,,5.90,13.98,0.00,85.71,30.00,,,32.09,0.00,19.78,0.00,25.92,12.58,100.00,63.22,100.00,40.83,97.00,33.48,83.29,63.96,43.78,28.33,13.64,42.97,6.49,46.00,6.59
SLB,Solomon Islands,East Asia & Pacific,2020,Emerging,39.87,45.31,37.41,58.35,25.55,55.93,25.64,63.43,6.74,42.91,87.74,42.09,65.15,67.83,30.17,7.08,95.00,66.98,25.34,,6.75,12.45,57.73,85.71,30.00,,,18.18,3.01,5.79,0.00,49.62,36.20,100.00,63.22,100.00,42.09,97.00,33.30,72.01,63.64,44.54,32.35,17.92,42.74,6.50,46.00,7.08
SLB,Solomon Islands,East Asia & Pacific,2021,Emerging,41.13,41.83,42.28,61.07,26.48,49.91,28.75,51.86,5.58,56.26,87.74,43.82,65.05,74.35,31.33,7.08,95.00,72.50,28.52,0.00,5.83,11.46,68.96,85.71,30.00,0.00,0.00,12.08,10.25,0.00,0.00,62.97,49.55,100.00,63.22,100.00,43.82,97.00,33.11,85.07,63.64,44.91,34.56,18.99,44.91,7.55,46.00,7.08
SLB,Solomon Islands,East Asia & Pacific,2022,Emerging,39.90,40.35,37.11,62.70,27.00,53.04,21.91,51.86,9.88,39.03,87.74,45.30,65.05,77.74,31.98,7.08,95.00,78.48,30.38,0.00,5.60,12.35,47.78,85.71,30.00,0.00,0.00,17.57,14.57,5.18,2.18,45.74,32.32,100.00,63.22,100.00,45.30,97.00,33.11,87.55,67.93,44.61,36.76,16.86,48.20,8.88,46.00,7.08
SLB,Solomon Islands,East Asia & Pacific,2023,Emerging,40.89,43.23,37.26,63.16,27.49,56.92,25.22,51.86,11.63,37.64,87.74,46.57,65.05,77.84,32.60,7.08,95.00,84.94,33.60,0.00,6.80,14.95,53.92,85.71,30.00,0.00,0.00,18.67,16.99,6.28,4.60,44.35,30.93,100.00,63.22,100.00,46.57,97.00,33.11,84.36,71.33,44.94,36.76,20.90,46.40,9.37,46.00,7.08
SLB,Solomon Islands,East Asia & Pacific,2024,Emerging,42.90,44.26,37.26,66.08,31.08,59.40,25.33,51.86,10.61,38.66,87.74,48.35,65.05,84.82,34.42,17.70,95.00,87.92,36.82,0.00,8.67,15.06,52.27,85.71,30.00,0.00,0.00,20.08,10.81,7.70,3.87,45.37,31.96,100.00,63.22,100.00,48.35,97.00,33.11,86.75,82.90,44.33,49.70,22.62,46.19,11.12,46.00,17.70
SLE,Sierra Leone,Sub-Saharan Africa,2014,Discoverer,17.18,12.91,21.73,26.42,11.76,23.40,1.59,14.57,8.14,23.84,44.69,31.11,33.41,14.74,13.22,5.90,81.00,18.00,0.00,,2.01,2.75,0.00,16.29,12.00,,,19.73,6.83,6.02,0.00,31.27,16.41,50.00,64.08,20.00,31.11,44.83,22.00,29.49,0.00,12.73,4.72,2.44,1.74,11.86,70.00,5.90
SLE,Sierra Leone,Sub-Saharan Africa,2015,Discoverer,18.84,13.98,21.17,27.34,15.55,25.00,2.67,14.57,8.26,22.32,44.69,33.70,33.57,14.74,17.25,8.77,81.00,22.00,0.00,,4.02,3.99,0.00,16.29,12.00,,,19.89,6.98,6.17,0.00,29.75,14.89,50.00,64.08,20.00,33.70,44.83,22.31,29.49,0.00,30.74,8.16,2.84,1.74,11.86,70.00,8.77
SLE,Sierra Leone,Sub-Saharan Africa,2016,Discoverer,22.07,17.31,31.32,23.73,18.43,27.40,8.59,14.57,10.43,26.39,82.95,29.11,33.73,8.33,20.13,11.63,81.00,28.00,0.00,,10.31,9.14,6.32,16.29,12.00,,,22.78,9.87,9.06,0.00,33.82,18.96,84.78,64.08,100.00,29.11,44.83,22.63,16.67,0.00,31.68,11.59,4.35,11.97,11.86,70.00,11.63
SLE,Sierra Leone,Sub-Saharan Africa,2017,Discoverer,25.10,23.92,26.21,28.16,22.48,30.20,22.31,14.57,10.37,24.37,61.59,30.59,33.89,20.00,24.48,14.50,81.00,35.00,0.00,,11.92,10.80,44.21,16.29,12.00,,,22.70,9.80,8.98,0.00,31.80,16.94,84.78,0.00,100.00,30.59,44.83,22.95,40.00,0.00,31.74,23.16,5.79,26.41,11.86,70.00,14.50
SLE,Sierra Leone,Sub-Saharan Africa,2018,Discoverer,30.82,33.01,31.01,37.15,23.73,39.56,35.69,14.57,23.07,23.66,61.59,32.06,33.24,46.15,26.22,13.80,83.80,41.00,16.00,,15.57,27.41,64.09,16.29,12.00,,,36.38,23.48,22.66,9.76,31.10,16.23,84.78,0.00,100.00,32.06,43.20,23.27,42.31,50.00,32.10,34.72,7.29,27.46,11.86,70.00,13.80
SLE,Sierra Leone,Sub-Saharan Africa,2019,Discoverer,32.13,41.07,28.54,34.91,26.03,54.20,41.19,14.57,14.37,26.19,61.59,33.39,33.59,37.74,27.65,19.56,85.00,60.00,33.00,,15.11,26.80,81.66,16.29,12.00,,,25.81,16.64,12.09,2.92,33.63,18.76,84.78,0.00,100.00,33.39,43.58,23.60,13.58,61.90,32.21,32.66,8.42,34.42,11.86,70.00,19.56
SLE,Sierra Leone,Sub-Saharan Africa,2020,Discoverer,34.16,44.88,28.95,36.01,29.10,64.40,40.51,14.57,13.72,27.85,61.59,35.01,33.75,39.27,30.05,25.31,86.00,80.00,38.00,,12.68,24.75,84.10,16.29,12.00,,,29.37,9.88,15.65,0.00,35.28,20.42,84.78,0.00,100.00,35.01,43.58,23.92,40.92,37.62,32.80,30.59,9.97,39.12,18.04,70.00,25.31
SLE,Sierra Leone,Sub-Saharan Africa,2021,Emerging,36.58,41.45,30.83,47.70,29.38,60.50,37.26,11.74,13.76,32.51,61.59,36.16,33.91,73.02,30.39,25.31,88.97,80.00,49.00,0.00,8.90,18.33,84.53,16.29,12.00,0.00,0.00,31.48,5.80,17.77,0.00,39.93,25.08,84.78,0.00,100.00,36.16,43.58,24.25,68.25,77.78,32.73,29.30,10.58,41.01,17.99,70.00,25.31
SLE,Sierra Leone,Sub-Saharan Africa,2022,Emerging,38.89,46.46,40.53,41.15,29.52,72.12,38.15,11.74,34.27,36.26,61.59,37.91,33.91,51.63,30.57,25.31,93.20,95.00,62.00,0.00,10.10,21.29,83.08,16.29,12.00,0.00,0.00,45.05,37.22,31.33,23.50,43.69,28.83,84.78,0.00,100.00,37.91,43.58,24.25,40.30,62.96,32.48,28.01,8.88,42.74,19.75,70.00,25.31
SLE,Sierra Leone,Sub-Saharan Africa,2023,Emerging,40.55,49.96,46.68,38.79,29.89,77.72,41.30,11.74,43.79,42.12,61.59,39.40,33.91,43.05,31.03,25.31,93.20,96.00,75.00,0.00,13.00,24.04,86.86,16.29,12.00,0.00,0.00,59.46,41.84,45.74,28.12,49.55,34.69,84.78,0.00,100.00,39.40,43.58,24.25,45.36,40.74,32.37,28.01,10.91,42.64,20.23,70.00,25.31
SLE,Sierra Leone,Sub-Saharan Africa,2024,Emerging,45.14,51.09,42.76,52.11,36.46,79.86,41.99,11.74,30.67,45.43,61.59,41.17,33.91,81.23,31.42,56.63,96.00,96.66,79.00,0.00,14.59,25.07,86.32,16.29,12.00,0.00,0.00,46.46,28.31,32.74,15.18,52.86,38.00,84.78,0.00,100.00,41.17,43.58,24.25,81.82,80.65,31.79,38.23,12.68,37.97,20.54,70.00,56.63
SLV,El Salvador,Latin America & Caribbean,2014,Emerging,48.58,27.06,56.94,67.47,53.57,49.05,2.74,31.70,40.80,54.05,94.99,61.14,67.92,73.35,61.81,20.60,85.01,80.13,0.00,,4.18,4.05,0.00,35.05,26.67,,,51.76,47.47,34.13,29.84,63.60,44.51,92.48,92.48,100.00,61.14,88.00,47.85,78.07,68.63,46.49,53.54,35.37,62.85,97.59,80.00,20.60
SLV,El Salvador,Latin America & Caribbean,2015,Transitioner,50.16,32.70,58.50,59.70,55.42,55.00,10.91,31.70,41.79,56.95,94.99,38.45,67.31,73.35,64.11,20.67,85.01,95.00,0.00,,6.68,7.35,18.68,35.05,26.67,,,52.40,48.11,35.48,31.19,66.12,47.79,92.48,92.48,100.00,38.45,88.00,46.61,78.07,68.63,46.99,51.05,40.06,68.71,97.59,83.38,20.67
SLV,El Salvador,Latin America & Caribbean,2016,Transitioner,53.33,38.87,55.52,64.74,57.89,61.00,20.33,31.70,48.76,55.85,68.36,58.03,66.46,69.73,67.17,20.73,85.01,95.00,15.00,,10.32,9.24,41.43,35.05,26.67,,,59.42,55.13,42.39,38.10,65.07,46.62,73.73,73.73,57.63,58.03,88.00,44.93,70.83,68.63,47.63,48.55,51.13,70.77,97.59,88.94,20.73
SLV,El Salvador,Latin America & Caribbean,2017,Transitioner,55.79,46.18,56.05,63.42,59.03,67.65,31.95,31.70,49.84,56.11,68.36,60.78,65.70,63.77,68.58,20.80,85.01,95.00,31.62,,11.53,15.40,68.92,35.05,26.67,,,59.99,55.70,43.98,39.69,64.78,47.44,73.73,73.73,57.63,60.78,88.00,43.40,62.03,65.52,47.75,55.53,54.21,72.47,97.59,86.25,20.80
SLV,El Salvador,Latin America & Caribbean,2018,Transitioner,59.01,52.62,62.00,64.20,57.91,83.00,32.70,31.70,52.57,68.25,68.36,63.14,66.07,63.37,69.29,12.40,97.00,95.00,64.00,,11.27,15.73,71.11,35.05,26.67,,,60.74,60.74,44.40,44.40,77.11,59.40,73.73,73.73,57.63,63.14,89.00,43.14,63.41,63.33,48.16,62.50,55.75,69.70,97.59,88.00,12.40
SLV,El Salvador,Latin America & Caribbean,2019,Transitioner,56.80,56.20,47.91,65.55,58.96,86.85,34.80,37.70,31.67,53.93,68.36,64.99,66.64,65.00,70.49,12.85,97.00,95.00,73.63,,10.46,19.17,74.76,35.05,41.67,,,43.74,35.94,27.39,19.60,62.78,45.08,73.73,73.73,57.63,64.99,89.00,44.29,63.86,66.15,48.31,60.08,59.83,71.58,97.59,90.25,12.85
SLV,El Salvador,Latin America & Caribbean,2020,Transitioner,58.99,60.70,47.83,69.05,60.41,93.40,39.50,37.70,32.94,49.32,74.61,66.82,67.00,73.32,72.18,13.30,98.00,95.00,89.50,,14.68,22.59,81.24,35.05,41.67,,,44.27,37.95,27.92,21.61,58.18,40.47,73.73,92.48,57.63,66.82,90.00,44.01,78.01,68.64,48.73,57.65,67.67,73.63,97.32,89.50,13.30
SLV,El Salvador,Latin America & Caribbean,2021,Transitioner,60.38,55.30,51.37,77.05,60.73,83.80,39.43,30.02,36.61,54.53,74.61,69.38,67.10,94.67,72.59,13.30,98.00,95.00,90.00,0.00,10.98,21.90,85.42,35.05,41.67,0.00,0.00,45.12,45.12,28.09,28.09,63.75,45.30,73.73,92.48,57.63,69.38,90.00,44.21,92.16,97.18,48.90,52.18,72.14,73.74,97.33,89.50,13.30
SLV,El Salvador,Latin America & Caribbean,2022,Transitioner,60.18,56.83,54.03,72.55,58.86,84.60,42.46,30.02,38.45,59.32,74.61,71.40,67.10,79.16,70.25,13.30,98.00,96.00,91.00,0.00,13.43,28.33,85.62,35.05,41.67,0.00,0.00,46.91,46.91,30.00,30.00,68.48,50.16,73.73,92.48,57.63,71.40,90.00,44.21,76.74,81.58,48.68,46.70,61.41,73.70,97.61,93.00,13.30
SLV,El Salvador,Latin America & Caribbean,2023,Transitioner,61.74,58.75,58.45,71.97,58.77,85.40,45.72,31.52,39.43,59.21,94.99,73.31,67.10,75.51,70.13,13.30,98.00,97.00,92.00,0.00,17.60,34.51,85.04,35.05,46.67,0.00,0.00,48.01,48.01,30.86,30.86,68.50,49.92,92.48,92.48,100.00,73.31,90.00,44.21,68.09,82.93,48.78,46.70,60.45,72.09,100.00,92.00,13.30
SLV,El Salvador,Latin America & Caribbean,2024,Transitioner,63.98,62.02,55.89,76.69,63.04,88.97,50.33,31.52,32.33,59.91,94.99,74.23,67.10,88.75,69.47,37.29,98.85,98.85,98.85,0.00,22.59,42.54,85.86,35.05,46.67,0.00,0.00,45.15,37.55,28.00,18.61,69.20,50.62,92.48,92.48,100.00,74.23,90.00,44.21,85.19,92.31,48.18,50.90,60.19,68.08,100.00,90.95,37.29
SOM,Somalia,Middle East & North Africa,2014,Discoverer,21.14,18.33,16.60,41.27,15.91,22.03,1.43,44.71,0.00,5.90,71.21,19.41,34.40,70.00,19.16,2.90,39.00,33.58,2.00,,1.23,3.04,0.00,45.42,43.64,,,0.00,0.00,0.00,0.00,11.81,0.00,100.00,13.64,100.00,19.41,54.00,14.81,100.00,40.00,0.00,1.57,1.77,39.85,45.93,14.96,2.90
SOM,Somalia,Middle East & North Africa,2015,Discoverer,21.85,20.32,16.06,41.73,16.74,27.07,1.39,44.71,0.00,4.54,71.21,20.78,34.40,70.00,20.16,3.07,39.00,44.02,4.15,,1.06,3.10,0.00,45.42,43.64,,,0.00,0.00,0.00,0.00,9.09,0.00,100.00,13.64,100.00,20.78,54.00,14.81,100.00,40.00,0.00,1.51,3.14,39.97,45.93,22.04,3.07
SOM,Somalia,Middle East & North Africa,2016,Discoverer,23.14,25.37,16.57,40.14,16.98,34.28,6.80,44.71,0.00,5.82,71.21,21.62,34.40,64.38,20.42,3.23,38.70,57.70,8.64,,2.46,6.06,11.88,45.42,43.64,,,0.00,0.00,0.00,0.00,11.65,0.00,100.00,13.64,100.00,21.62,54.00,14.81,88.76,40.00,0.00,1.45,5.56,39.05,45.93,21.70,3.23
SOM,Somalia,Middle East & North Africa,2017,Discoverer,19.26,31.87,6.18,36.49,19.14,41.15,16.18,44.71,0.00,4.85,21.21,22.60,34.40,52.47,23.07,3.40,38.70,65.52,18.00,,4.45,10.48,33.61,45.42,43.64,,,0.00,0.00,0.00,0.00,9.69,0.00,50.00,13.64,0.00,22.60,54.00,14.81,90.92,14.02,0.00,6.28,7.27,42.45,45.93,33.15,3.40
SOM,Somalia,Middle East & North Africa,2018,Discoverer,22.20,36.06,6.70,38.82,25.91,52.38,15.41,44.71,0.00,6.14,21.21,23.45,34.40,58.60,30.64,7.00,65.52,68.18,30.00,,5.00,14.11,27.12,45.42,43.64,,,0.00,0.00,0.00,0.00,12.28,0.00,50.00,13.64,0.00,23.45,54.00,14.81,93.08,24.12,27.06,11.11,8.92,45.86,45.93,39.73,7.00
SOM,Somalia,Middle East & North Africa,2019,Discoverer,27.90,40.63,12.93,40.29,28.63,53.73,25.48,44.71,9.52,12.20,21.21,24.14,34.40,62.33,32.75,12.13,65.52,70.95,30.61,,9.88,30.38,36.19,45.42,43.64,,,23.64,6.02,8.40,0.00,21.62,2.79,50.00,13.64,0.00,24.14,54.00,14.81,95.24,29.43,25.25,20.26,9.79,51.19,45.93,42.97,12.13
SOM,Somalia,Middle East & North Africa,2020,Discoverer,30.79,47.84,13.60,41.85,33.01,60.42,36.82,44.71,15.47,7.93,21.21,24.88,34.40,66.26,36.95,17.25,80.00,73.83,37.21,,11.38,34.87,64.21,45.42,43.64,,,23.05,23.05,7.89,7.89,15.86,0.00,50.00,13.64,0.00,24.88,54.00,14.81,97.40,35.12,26.52,29.41,12.45,56.76,52.51,43.63,17.25
SOM,Somalia,Middle East & North Africa,2021,Discoverer,32.87,43.05,19.55,43.42,31.93,56.82,32.39,36.82,23.37,14.91,21.21,25.68,34.40,70.18,35.60,17.25,80.00,76.83,45.23,0.00,7.45,28.87,60.83,45.42,43.64,6.77,0.00,37.67,24.34,22.39,9.06,23.75,6.08,50.00,13.64,0.00,25.68,54.00,14.81,99.56,40.80,26.51,29.43,13.27,61.96,51.84,19.39,17.25
SOM,Somalia,Middle East & North Africa,2022,Discoverer,32.99,47.18,16.32,47.32,32.49,61.97,37.58,36.82,24.24,5.95,21.21,26.49,34.40,81.06,36.30,17.25,80.00,79.95,54.98,0.00,8.55,31.32,72.86,45.42,43.64,6.77,0.00,38.54,25.21,23.27,9.94,11.91,0.00,50.00,13.64,0.00,26.49,54.00,14.81,100.00,62.13,26.67,29.44,10.91,63.03,51.47,29.42,17.25
SOM,Somalia,Middle East & North Africa,2023,Discoverer,34.48,47.69,17.55,47.58,35.47,65.86,34.95,36.82,25.11,8.17,21.21,27.09,34.40,81.25,40.03,17.25,80.00,83.19,61.46,0.00,10.88,26.86,67.12,45.42,43.64,6.77,0.00,39.40,26.07,24.15,10.82,16.34,0.00,50.00,13.64,0.00,27.09,54.00,14.81,100.00,62.50,29.88,29.44,15.83,64.82,51.11,47.54,17.25
SOM,Somalia,Middle East & North Africa,2024,Emerging,39.40,52.40,24.84,46.86,39.49,69.98,42.61,36.82,26.39,19.45,32.54,28.39,34.40,77.78,40.01,37.39,90.00,87.20,63.94,5.21,17.07,34.59,76.17,45.42,43.64,6.77,0.00,40.81,24.22,25.56,14.98,25.99,12.90,66.67,30.95,0.00,28.39,54.00,14.81,100.00,55.57,30.02,29.71,16.08,63.41,59.42,32.57,37.39
SRB,Serbia,Europe & Central Asia,2014,Transitioner,55.47,35.80,58.41,89.31,50.69,58.70,17.98,25.68,61.22,49.23,71.16,88.16,79.77,100.00,56.74,26.50,99.16,97.16,0.00,,7.90,9.97,36.05,22.29,30.77,,,70.59,70.59,51.85,51.85,59.38,39.08,66.67,46.83,100.00,88.16,99.00,60.55,100.00,100.00,56.70,39.37,37.18,79.70,69.48,41.94,26.50
SRB,Serbia,Europe & Central Asia,2015,Transitioner,62.18,54.10,58.34,89.23,53.07,81.44,30.40,46.82,62.12,48.14,71.16,87.67,80.03,100.00,59.32,28.03,99.16,97.29,56.74,,15.30,14.35,61.53,50.86,40.77,,,71.36,71.36,52.88,52.88,58.15,38.13,66.67,46.83,100.00,87.67,99.00,61.07,100.00,100.00,57.09,60.63,35.97,82.80,69.48,41.94,28.03
SRB,Serbia,Europe & Central Asia,2016,Transitioner,64.87,61.21,60.81,85.71,55.52,90.84,38.77,46.82,66.46,49.99,71.16,76.43,80.70,100.00,62.01,29.57,99.16,98.51,79.00,,19.24,20.76,76.32,50.86,40.77,,,75.33,75.33,57.59,57.59,59.60,40.38,66.67,46.83,100.00,76.43,99.00,62.39,100.00,100.00,57.74,81.88,36.10,84.81,69.48,41.94,29.57
SRB,Serbia,Europe & Central Asia,2017,Advanced,66.50,65.80,62.46,84.28,56.46,97.19,43.89,46.82,68.37,52.20,71.16,78.90,81.08,92.86,62.81,31.10,99.16,99.00,94.40,,22.12,26.17,83.37,50.86,40.77,,,76.43,76.43,60.31,60.31,60.93,43.46,66.67,46.83,100.00,78.90,99.00,63.17,96.25,89.47,58.18,77.75,40.27,86.26,69.48,41.94,31.10
SRB,Serbia,Europe & Central Asia,2018,Advanced,68.06,68.67,62.36,79.20,63.28,98.63,49.63,46.82,74.53,45.78,71.16,80.38,81.58,75.65,63.02,64.30,99.16,99.00,98.00,,27.82,35.48,85.59,50.86,40.77,,,86.13,78.17,70.88,62.92,54.04,37.52,66.67,46.83,100.00,80.38,99.00,64.16,77.78,73.53,58.52,73.61,44.49,84.84,69.48,41.94,64.30
SRB,Serbia,Europe & Central Asia,2019,Advanced,69.50,70.93,62.16,79.32,66.73,98.63,55.28,46.82,63.54,56.26,71.16,80.87,81.53,75.55,64.15,77.05,99.16,99.00,98.00,,34.00,45.02,86.83,50.86,40.77,,,73.82,67.68,59.40,53.27,64.07,48.45,66.67,46.83,100.00,80.87,99.00,64.06,78.49,72.60,58.96,76.51,48.02,85.07,69.48,41.94,77.05
SRB,Serbia,Europe & Central Asia,2020,Advanced,71.37,72.52,62.02,80.35,71.80,98.67,59.22,46.82,63.28,56.19,71.16,81.38,81.32,78.34,67.30,89.80,99.16,99.00,98.10,,38.94,49.67,89.04,50.86,40.77,,,74.25,66.63,59.93,52.32,63.95,48.44,66.67,46.83,100.00,81.38,99.00,63.63,77.30,79.38,59.64,79.41,60.20,86.24,69.75,41.94,89.80
SRB,Serbia,Europe & Central Asia,2021,Advanced,71.21,63.86,68.08,81.19,72.82,88.80,52.03,37.66,68.64,65.97,71.16,81.70,80.48,81.40,68.58,89.80,99.19,99.00,98.20,0.00,25.21,41.42,89.46,50.86,40.77,0.00,0.00,82.37,68.25,69.04,54.92,73.19,58.75,66.67,46.83,100.00,81.70,99.00,61.96,76.11,86.70,60.41,82.28,66.27,86.65,67.92,41.00,89.80
SRB,Serbia,Europe & Central Asia,2022,Advanced,72.37,66.79,68.78,80.17,74.48,88.81,59.09,38.13,70.39,65.98,71.16,82.04,80.48,78.00,70.65,89.80,99.26,99.00,98.20,0.00,32.06,55.19,90.03,51.81,40.77,0.00,0.00,85.34,69.07,71.72,55.45,73.36,58.60,66.67,46.83,100.00,82.04,99.00,61.96,74.91,81.08,60.75,85.14,68.05,87.26,71.10,47.00,89.80
SRB,Serbia,Europe & Central Asia,2023,Advanced,75.49,73.17,69.18,86.14,74.49,89.18,74.69,38.13,68.75,68.62,71.16,82.20,80.55,95.66,70.66,89.80,99.75,99.00,99.00,0.00,53.65,78.40,92.03,51.81,40.77,0.00,0.00,83.35,67.78,69.73,54.16,75.99,61.24,66.67,46.83,100.00,82.20,99.00,62.10,96.38,94.94,61.51,85.14,68.70,86.89,71.13,45.00,89.80
SRB,Serbia,Europe & Central Asia,2024,Advanced,77.03,78.43,68.78,86.78,75.20,91.08,85.92,38.13,65.70,70.66,71.16,82.85,80.55,96.94,69.80,96.82,99.77,99.50,99.50,15.00,66.92,97.82,93.02,51.81,40.77,0.00,0.00,77.32,72.93,63.70,48.85,78.03,63.28,66.67,46.83,100.00,82.85,99.00,62.10,96.45,97.44,62.04,85.40,66.95,83.69,70.04,47.14,96.82
SSD,South Sudan,Sub-Saharan Africa,2014,Discoverer,12.89,12.90,21.30,22.34,4.50,18.00,1.10,26.29,44.05,0.00,18.40,16.43,17.25,33.33,3.43,8.80,50.00,20.00,0.00,,0.66,2.63,0.00,23.81,30.00,,,63.33,44.28,43.82,24.76,0.00,0.00,55.19,0.00,0.00,16.43,34.50,0.00,0.00,66.67,0.00,0.79,0.93,0.00,8.53,14.57,8.80
SSD,South Sudan,Sub-Saharan Africa,2015,Discoverer,14.08,13.41,21.14,22.88,6.06,18.00,2.38,26.29,43.66,0.00,18.40,18.04,17.27,33.33,5.55,8.10,50.00,20.00,0.00,,2.14,5.00,0.00,23.81,30.00,,,62.94,43.89,43.43,24.37,0.00,0.00,55.19,0.00,0.00,18.04,34.50,0.03,0.00,66.67,0.00,6.55,1.17,1.74,8.53,26.08,8.10
SSD,South Sudan,Sub-Saharan Africa,2016,Discoverer,13.30,13.73,7.89,33.32,8.68,18.00,3.19,26.29,10.52,0.00,18.40,20.42,17.71,61.83,8.99,7.40,50.00,20.00,0.00,,3.50,6.08,0.00,23.81,30.00,,,26.88,7.83,7.37,0.00,0.00,0.00,55.19,0.00,0.00,20.42,34.50,0.93,56.99,66.67,0.00,12.32,1.38,11.97,8.53,33.87,7.40
SSD,South Sudan,Sub-Saharan Africa,2017,Discoverer,9.37,14.89,5.12,12.34,8.19,20.00,4.09,26.29,3.60,0.00,18.40,17.68,17.71,1.61,8.56,6.70,50.00,25.00,0.00,,5.08,7.20,0.00,23.81,30.00,,,14.42,0.00,0.00,0.00,0.00,0.00,55.19,0.00,0.00,17.68,34.50,0.93,3.23,0.00,0.00,11.71,1.61,14.60,8.53,24.38,6.70
SSD,South Sudan,Sub-Saharan Africa,2018,Discoverer,10.04,17.48,8.15,12.20,5.84,27.65,2.91,26.29,11.18,0.00,18.40,17.28,17.71,1.61,5.67,6.50,69.00,34.63,0.00,,3.47,5.27,0.00,23.81,30.00,,,27.77,8.71,8.25,0.00,0.00,0.00,55.19,0.00,0.00,17.28,34.50,0.93,3.23,0.00,0.00,11.11,2.11,0.00,8.53,24.36,6.50
SSD,South Sudan,Sub-Saharan Africa,2019,Discoverer,9.35,19.63,3.68,13.11,8.07,31.96,3.97,26.29,0.00,0.00,18.40,20.00,17.71,1.61,8.55,6.13,69.00,45.40,0.00,,4.72,7.20,0.00,23.81,30.00,,,0.00,0.00,0.00,0.00,0.00,0.00,55.19,0.00,0.00,20.00,34.50,0.93,3.23,0.00,0.44,5.56,2.62,12.70,8.53,31.39,6.13
SSD,South Sudan,Sub-Saharan Africa,2020,Discoverer,10.58,24.46,3.68,14.70,9.47,38.40,9.60,26.29,0.00,0.00,18.40,24.77,17.71,1.61,10.41,5.75,69.00,59.51,2.00,,4.97,7.89,15.95,23.81,30.00,,,0.00,0.00,0.00,0.00,0.00,0.00,55.19,0.00,0.00,24.77,34.50,0.93,3.23,0.00,1.24,0.00,4.19,16.71,11.01,37.77,5.75
SSD,South Sudan,Sub-Saharan Africa,2021,Discoverer,10.52,27.07,3.68,15.72,7.83,45.02,12.20,20.90,0.00,0.00,18.40,27.84,17.71,1.61,8.34,5.75,69.00,66.31,29.00,0.00,5.99,7.79,22.83,23.81,30.00,0.00,0.00,0.00,0.00,0.00,0.00,0.00,0.00,55.19,0.00,0.00,27.84,34.50,0.93,3.23,0.00,0.53,2.59,4.72,12.10,11.66,22.84,5.75
SSD,South Sudan,Sub-Saharan Africa,2022,Discoverer,12.07,34.83,3.68,16.90,9.80,50.90,22.35,27.67,0.00,0.00,18.40,31.36,17.71,1.61,10.81,5.75,69.00,69.00,41.00,0.00,6.46,7.22,53.36,33.33,36.67,0.00,0.00,0.00,0.00,0.00,0.00,0.00,0.00,55.19,0.00,0.00,31.36,34.50,0.93,3.23,0.00,0.00,5.18,4.28,15.21,14.13,35.68,5.75
SSD,South Sudan,Sub-Saharan Africa,2023,Discoverer,12.72,38.74,3.91,17.43,9.93,60.10,22.92,27.67,1.97,0.00,15.61,32.96,17.71,1.61,10.97,5.75,77.00,76.00,55.00,0.00,5.73,8.04,54.98,33.33,36.67,0.00,0.00,7.88,0.00,0.00,0.00,0.00,0.00,46.83,0.00,0.00,32.96,34.50,0.93,3.23,0.00,2.43,5.18,6.59,15.82,15.27,24.32,5.75
SSD,South Sudan,Sub-Saharan Africa,2024,Discoverer,14.58,41.61,3.45,17.93,17.58,64.00,26.19,27.67,0.81,0.00,15.61,34.47,17.71,1.61,13.38,34.38,80.00,78.00,62.00,0.00,6.36,9.83,62.37,33.33,36.67,0.00,0.00,3.26,0.00,0.00,0.00,0.00,0.00,46.83,0.00,0.00,34.47,34.50,0.93,3.23,0.00,3.93,15.04,7.61,13.74,16.27,35.62,34.38
SUR,Suriname,Latin America & Caribbean,2014,Emerging,43.37,26.86,51.09,76.82,33.58,39.04,10.25,35.72,22.52,61.61,87.17,69.28,66.35,94.84,39.02,11.80,100.00,47.60,0.00,,6.45,4.55,19.74,43.43,24.17,,,30.75,30.75,14.30,14.30,70.52,52.69,100.00,61.52,100.00,69.28,94.40,38.29,89.67,100.00,57.51,14.17,30.74,62.78,13.86,46.25,11.80
SUR,Suriname,Latin America & Caribbean,2015,Emerging,47.46,36.91,49.07,71.97,38.92,52.64,21.77,35.72,17.71,61.39,87.17,52.47,66.31,97.13,45.39,13.03,100.00,81.60,0.00,,7.38,6.61,51.32,43.43,24.17,,,25.93,25.93,9.48,9.48,70.30,52.48,100.00,61.52,100.00,52.47,94.40,38.21,94.26,100.00,61.07,21.94,36.30,80.47,13.86,48.52,13.03
SUR,Suriname,Latin America & Caribbean,2016,Emerging,49.15,42.86,44.18,72.17,42.69,62.24,27.05,35.72,16.49,50.37,87.17,50.75,66.27,99.48,49.80,14.27,100.00,88.33,17.28,,8.80,11.13,61.21,43.43,24.17,,,24.72,24.72,8.26,8.26,59.29,41.45,100.00,61.52,100.00,50.75,94.40,38.13,98.97,100.00,61.49,29.71,47.90,84.84,13.86,52.13,14.27
SUR,Suriname,Latin America & Caribbean,2017,Transitioner,50.75,49.47,46.27,68.68,42.19,72.33,33.48,35.72,21.23,50.86,87.17,53.35,66.23,86.46,48.87,15.50,100.00,95.00,35.83,,12.06,18.58,69.82,43.43,24.17,,,29.45,29.45,13.00,13.00,59.77,41.95,100.00,61.52,100.00,53.35,94.40,38.05,85.10,87.83,61.74,29.44,52.49,76.83,13.86,49.38,15.50
SUR,Suriname,Latin America & Caribbean,2018,Transitioner,53.48,55.34,50.83,70.60,41.20,83.07,37.43,35.72,30.78,52.72,87.17,56.51,66.19,89.11,48.75,11.00,100.00,95.00,62.67,,13.12,27.40,71.77,43.43,24.17,,,39.01,39.01,22.56,22.56,61.63,43.80,100.00,61.52,100.00,56.51,94.40,37.97,90.39,87.83,63.08,29.17,55.28,72.00,13.86,49.88,11.00
SUR,Suriname,Latin America & Caribbean,2019,Transitioner,56.00,60.08,52.84,70.07,44.21,88.47,43.87,35.72,35.76,52.76,87.17,59.26,66.15,84.81,49.98,21.10,100.00,95.00,76.18,,20.26,32.29,79.05,43.43,24.17,,,49.00,38.96,32.55,22.51,61.67,43.85,100.00,61.52,100.00,59.26,94.40,37.89,89.16,80.46,63.39,29.00,59.03,73.95,13.86,50.38,21.10
SUR,Suriname,Latin America & Caribbean,2020,Transitioner,56.56,62.12,48.15,72.31,47.32,93.20,44.24,35.72,30.85,45.93,87.17,63.98,66.11,86.84,51.35,31.20,100.00,95.00,88.00,,18.46,29.06,85.18,43.43,24.17,,,43.37,34.79,26.91,18.33,54.84,37.02,100.00,61.52,100.00,63.98,94.40,37.81,91.12,82.55,63.66,28.82,63.36,74.20,16.53,49.25,31.20
SUR,Suriname,Latin America & Caribbean,2021,Transitioner,56.53,55.22,53.21,71.93,48.30,83.20,40.38,28.96,42.45,47.00,87.17,67.95,66.06,81.77,52.57,31.20,100.00,95.00,88.00,0.00,13.67,22.55,84.91,43.43,24.17,0.00,0.00,54.35,46.99,37.91,30.54,55.90,38.09,100.00,61.52,100.00,67.95,94.40,37.73,80.98,82.55,63.73,31.50,66.08,74.34,16.98,52.00,31.20
SUR,Suriname,Latin America & Caribbean,2022,Transitioner,58.58,56.26,58.56,77.09,46.38,83.20,42.96,28.96,45.29,58.76,84.68,70.04,66.02,95.22,50.17,31.20,100.00,95.00,88.00,0.00,15.37,27.30,86.21,43.43,24.17,0.00,0.00,57.20,49.84,40.74,33.37,67.68,49.85,100.00,54.04,100.00,70.04,94.40,37.65,99.50,90.94,63.92,34.18,56.81,70.78,16.95,50.62,31.20
SUR,Suriname,Latin America & Caribbean,2023,Transitioner,58.15,55.76,59.71,74.24,46.25,83.20,41.71,28.96,49.57,57.36,84.68,71.35,66.02,85.34,50.01,31.20,100.00,95.00,88.00,0.00,14.79,29.21,81.12,43.43,24.17,0.00,0.00,61.47,54.11,45.03,37.67,66.27,48.45,100.00,54.04,100.00,71.35,94.40,37.65,88.25,82.43,63.82,34.18,54.24,69.31,19.54,52.13,31.20
SUR,Suriname,Latin America & Caribbean,2024,Transitioner,60.06,56.97,61.22,78.00,47.84,83.20,44.75,28.96,48.31,62.41,84.68,72.50,66.02,95.47,51.10,34.78,100.00,95.00,88.00,0.00,16.99,30.86,86.40,43.43,24.17,0.00,0.00,60.21,52.85,43.76,36.40,71.32,53.50,100.00,54.04,100.00,72.50,94.40,37.65,100.00,90.94,63.36,48.14,55.02,67.03,21.50,49.01,34.78
SVK,Slovakia,Europe & Central Asia,2014,Advanced,68.91,55.93,75.21,83.56,64.14,75.79,31.50,65.10,79.69,69.44,77.78,80.36,82.67,87.65,64.72,61.80,100.00,87.48,52.00,,16.84,18.96,58.70,57.71,76.17,,,89.86,80.08,79.31,69.52,75.15,63.72,66.67,66.67,100.00,80.36,99.00,66.34,100.00,75.31,71.70,48.82,29.51,85.98,84.05,55.94,61.80
SVK,Slovakia,Europe & Central Asia,2015,Advanced,70.96,64.08,75.37,82.69,63.50,88.08,39.56,65.10,80.58,68.95,77.78,78.22,82.20,87.65,66.05,53.27,100.00,95.00,75.20,,21.54,28.91,68.24,57.71,76.17,,,90.75,80.97,80.19,70.41,74.67,63.24,66.67,66.67,100.00,78.22,99.00,65.39,100.00,75.31,72.20,46.51,33.16,87.99,84.05,59.20,53.27
SVK,Slovakia,Europe & Central Asia,2016,Advanced,71.66,69.78,76.17,79.53,62.39,92.88,49.02,65.10,81.15,70.38,77.78,78.16,81.74,78.69,66.80,44.73,100.00,95.00,87.20,,27.84,38.98,80.26,57.71,76.17,,,91.03,81.24,81.05,71.26,75.79,64.97,66.67,66.67,100.00,78.16,99.00,64.48,82.08,75.31,72.60,44.20,36.80,89.27,84.05,58.38,44.73
SVK,Slovakia,Europe & Central Asia,2017,Advanced,73.79,73.36,77.05,83.15,63.07,94.24,56.60,65.10,82.31,71.44,77.78,81.42,81.13,86.90,69.78,36.20,100.00,95.00,90.60,,35.27,48.36,86.18,57.71,76.17,,,91.80,82.01,82.61,72.82,76.42,66.46,66.67,66.67,100.00,81.42,99.00,63.26,86.11,87.69,73.07,58.91,42.26,90.93,84.05,58.29,36.20
SVK,Slovakia,Europe & Central Asia,2018,Advanced,77.16,75.92,76.92,84.75,71.60,96.80,60.46,65.10,85.00,68.41,77.78,84.10,80.88,89.28,71.28,72.90,100.00,96.00,96.00,,41.03,54.77,85.60,57.71,76.17,,,100.00,79.61,90.76,69.63,73.81,63.00,66.67,66.67,100.00,84.10,99.00,62.76,93.06,85.51,73.48,73.61,44.03,88.79,84.05,58.42,72.90
SVK,Slovakia,Europe & Central Asia,2019,Advanced,78.10,78.04,72.56,88.06,74.62,97.92,64.64,65.10,68.86,73.65,77.78,86.24,80.68,97.26,72.61,82.63,100.00,97.40,97.40,,45.16,62.25,86.53,57.71,76.17,,,83.98,62.85,74.86,53.74,78.59,68.71,66.67,66.67,100.00,86.24,99.00,62.35,100.00,94.52,73.76,72.69,49.03,89.37,84.05,60.98,82.63
SVK,Slovakia,Europe & Central Asia,2020,Leader,81.85,83.75,75.92,88.18,80.07,99.20,67.31,85.72,73.30,77.60,77.78,86.78,80.62,97.13,77.00,92.36,100.00,99.00,99.00,,52.42,60.77,88.74,90.10,79.17,,,88.20,68.14,78.46,58.40,82.88,72.33,66.67,66.67,100.00,86.78,99.00,62.23,100.00,94.27,74.35,71.76,70.89,89.81,83.46,61.26,92.36
SVK,Slovakia,Europe & Central Asia,2021,Leader,81.28,74.94,81.53,88.82,80.40,91.63,57.80,75.85,81.96,82.98,77.78,85.69,80.77,100.00,77.41,92.36,100.00,99.10,99.10,23.50,36.63,46.41,90.36,90.10,79.17,47.00,0.00,96.42,77.10,86.83,67.51,88.17,77.78,66.67,66.67,100.00,85.69,99.00,62.54,100.00,100.00,74.64,72.18,70.43,90.37,82.87,65.35,92.36
SVK,Slovakia,Europe & Central Asia,2022,Leader,83.21,78.77,85.58,88.44,80.39,93.08,62.18,83.35,89.63,85.43,77.78,86.52,81.30,97.50,77.40,92.36,100.00,99.10,99.10,38.00,42.82,53.02,90.70,90.10,79.17,97.00,0.00,100.00,86.96,94.59,76.97,90.83,80.02,66.67,66.67,100.00,86.52,99.00,63.60,100.00,95.00,74.61,72.60,70.41,89.19,82.61,67.77,92.36
SVK,Slovakia,Europe & Central Asia,2023,Leader,84.94,83.99,87.26,88.42,80.32,96.29,72.02,83.35,91.35,87.91,77.78,88.77,81.30,95.18,77.32,92.36,100.00,99.10,99.10,70.10,54.60,69.94,91.51,90.10,79.17,97.00,0.00,100.00,89.25,96.89,79.26,93.32,82.50,66.67,66.67,100.00,88.77,99.00,63.60,100.00,90.36,74.79,72.60,69.99,89.20,82.84,66.93,92.36
SVK,Slovakia,Europe & Central Asia,2024,Leader,83.09,86.88,77.58,87.66,80.67,97.53,77.99,83.35,65.98,89.10,77.78,88.67,81.30,93.02,77.23,94.45,100.00,99.10,99.10,82.50,63.52,78.21,92.24,90.10,79.17,97.00,0.00,75.13,69.26,65.14,54.38,94.50,83.69,66.67,66.67,100.00,88.67,99.00,63.60,100.00,86.05,75.07,70.97,68.11,87.36,84.00,72.22,94.45
SVN,Slovenia,Europe & Central Asia,2014,Advanced,66.71,59.82,70.35,82.29,57.19,89.54,25.76,68.48,65.92,73.34,73.22,79.66,91.86,75.35,67.09,17.60,99.70,99.00,75.00,,14.72,16.71,45.84,61.90,78.33,,,70.87,70.87,60.97,60.97,78.71,67.98,59.84,59.84,100.00,79.66,99.70,84.02,75.69,75.00,75.37,42.52,29.84,92.19,82.23,69.11,17.60
SVN,Slovenia,Europe & Central Asia,2015,Advanced,71.07,68.38,74.52,82.14,60.95,98.34,38.38,68.48,77.08,72.61,73.22,80.36,90.70,75.35,70.40,23.17,99.70,99.00,97.00,,19.17,23.06,72.90,61.90,78.33,,,81.96,81.96,72.21,72.21,77.89,67.33,59.84,59.84,100.00,80.36,99.70,81.70,75.69,75.00,75.51,63.65,31.65,94.54,82.23,72.47,23.17
SVN,Slovenia,Europe & Central Asia,2016,Advanced,73.62,71.39,75.56,83.91,64.91,99.14,44.26,70.14,77.93,74.35,73.22,80.72,90.44,80.56,73.95,28.73,99.70,99.00,99.00,,21.80,28.93,82.06,61.90,82.50,,,82.69,82.69,73.18,73.18,79.50,69.20,59.84,59.84,100.00,80.72,99.70,81.18,86.11,75.00,75.85,84.78,37.25,95.81,82.23,72.47,28.73
SVN,Slovenia,Europe & Central Asia,2017,Advanced,74.74,74.13,76.57,82.44,66.69,99.14,51.12,70.14,79.21,75.60,73.22,83.33,91.08,72.91,74.79,34.30,99.70,99.00,99.00,,27.81,38.27,87.28,61.90,82.50,,,83.81,83.81,74.61,74.61,80.58,70.62,59.84,59.84,100.00,83.33,99.70,82.47,76.19,69.62,76.09,82.32,41.39,97.07,82.23,72.07,34.30
SVN,Slovenia,Europe & Central Asia,2018,Advanced,79.37,76.23,80.90,87.09,73.90,99.56,55.95,70.14,90.97,74.67,73.22,84.93,91.14,85.21,74.84,70.10,99.80,100.00,99.00,,33.87,45.83,88.15,61.90,82.50,,,92.84,98.37,83.57,89.10,79.70,69.65,59.84,59.84,100.00,84.93,99.70,82.57,89.69,80.72,76.34,79.86,44.09,95.23,82.23,72.81,70.10
SVN,Slovenia,Europe & Central Asia,2019,Advanced,79.33,78.04,75.80,88.38,75.77,99.56,60.48,70.14,78.48,74.41,73.22,85.51,91.04,88.59,76.58,72.52,99.80,100.00,99.00,,40.23,53.20,88.01,61.90,82.50,,,83.08,83.08,73.88,73.88,79.39,69.43,59.84,59.84,100.00,85.51,99.70,82.37,93.27,83.91,76.54,82.58,50.00,95.76,82.23,74.17,72.52
SVN,Slovenia,Europe & Central Asia,2020,Leader,80.08,79.85,74.08,87.53,79.43,99.57,64.99,70.14,77.89,70.71,73.22,86.10,90.63,85.86,80.56,74.93,99.84,100.00,99.00,,48.25,56.43,90.29,61.90,82.50,,,82.37,82.37,73.41,73.41,75.57,65.86,59.84,59.84,100.00,86.10,99.70,81.55,89.90,81.82,76.97,85.29,65.71,96.23,83.27,75.92,74.93
SVN,Slovenia,Europe & Central Asia,2021,Leader,81.88,79.94,80.07,87.13,80.59,93.47,59.03,94.73,87.36,76.20,73.22,86.47,90.41,84.50,82.00,74.93,99.92,100.00,99.00,38.80,39.15,47.02,90.91,97.62,100.00,95.00,33.33,91.92,91.92,82.80,82.80,81.14,71.26,59.84,59.84,100.00,86.47,99.70,81.12,86.39,82.61,77.27,85.98,73.30,96.12,82.83,75.01,74.93
SVN,Slovenia,Europe & Central Asia,2022,Leader,84.80,84.77,84.80,88.36,81.42,96.40,68.17,94.73,96.60,78.80,73.22,86.93,90.91,87.24,83.04,74.93,99.99,100.00,99.00,68.00,54.51,57.72,92.28,97.62,100.00,95.00,33.33,100.00,100.00,93.20,93.20,83.73,73.86,59.84,59.84,100.00,86.93,99.70,82.11,89.69,84.78,77.43,86.66,77.37,95.26,82.85,77.95,74.93
SVN,Slovenia,Europe & Central Asia,2023,Leader,86.28,89.60,86.26,88.93,80.64,97.60,79.05,94.73,97.75,81.29,73.22,87.31,90.91,88.57,82.06,74.93,99.99,100.00,99.00,80.00,77.82,66.63,92.69,97.62,100.00,95.00,33.33,100.00,100.00,95.50,95.50,86.23,76.35,59.84,59.84,100.00,87.31,99.70,82.11,89.90,87.23,77.64,86.66,73.71,94.42,83.09,76.27,74.93
SVN,Slovenia,Europe & Central Asia,2024,Leader,86.76,94.41,76.48,92.44,84.88,98.23,90.43,94.73,72.39,82.19,73.22,87.55,90.91,98.85,81.99,96.47,99.90,99.90,99.70,84.00,100.00,78.41,92.89,97.62,100.00,95.00,33.33,82.25,69.71,73.13,64.46,87.13,77.26,59.84,59.84,100.00,87.55,99.70,82.11,100.00,97.70,77.74,86.40,74.59,92.28,83.93,76.40,96.47
SWE,Sweden,Europe & Central Asia,2014,Advanced,79.80,68.64,87.44,87.12,77.57,99.20,36.95,70.92,94.78,90.47,66.67,76.01,93.24,92.10,80.79,64.70,100.00,99.00,99.00,,20.47,29.43,60.94,66.67,77.30,,,100.00,100.00,89.56,89.56,96.51,84.43,50.00,50.00,100.00,76.01,99.00,87.48,93.20,91.01,83.20,70.08,48.99,98.19,89.87,97.35,64.70
SWE,Sweden,Europe & Central Asia,2015,Leader,81.26,73.07,86.20,86.89,79.66,99.20,48.02,70.92,95.18,87.00,66.67,75.63,92.93,92.10,82.68,67.57,99.99,99.00,99.00,,28.07,41.95,74.03,66.67,77.30,,,100.00,100.00,90.36,90.36,93.18,80.82,50.00,50.00,100.00,75.63,99.00,86.85,93.20,91.01,83.74,78.88,51.51,99.69,89.87,98.35,67.57
SWE,Sweden,Europe & Central Asia,2016,Leader,83.99,76.85,86.23,91.30,82.24,99.20,57.14,71.59,95.34,86.90,66.67,84.68,93.71,95.51,85.19,70.43,99.99,99.00,99.00,,38.23,52.37,80.83,66.67,78.97,,,100.00,100.00,90.67,90.67,93.18,80.63,50.00,50.00,100.00,84.68,99.00,88.42,100.00,91.01,84.01,87.68,58.97,100.00,89.87,98.56,70.43
SWE,Sweden,Europe & Central Asia,2017,Leader,85.09,79.90,86.12,90.84,83.84,99.20,64.76,71.59,95.73,86.24,66.67,87.28,94.06,91.19,86.48,73.30,100.00,99.00,99.00,,50.03,58.91,85.35,66.67,78.97,,,100.00,100.00,91.46,91.46,92.37,80.11,50.00,50.00,100.00,87.28,99.00,89.13,96.49,85.88,85.82,91.06,62.31,100.00,89.87,97.71,73.30
SWE,Sweden,Europe & Central Asia,2018,Leader,87.32,83.81,86.28,94.12,85.43,99.20,69.15,82.35,95.75,86.62,66.67,87.94,95.58,98.85,86.54,81.00,100.00,99.00,99.00,,58.25,63.98,85.23,85.71,77.30,,,100.00,100.00,91.50,91.50,93.09,80.15,50.00,50.00,100.00,87.94,99.00,92.17,100.00,97.70,85.14,94.44,62.65,99.13,89.87,97.39,81.00
SWE,Sweden,Europe & Central Asia,2019,Leader,88.13,87.66,83.06,94.67,87.53,99.20,78.78,82.35,86.68,87.65,66.67,88.32,95.69,100.00,87.46,87.78,100.00,99.00,99.00,,71.06,78.77,86.52,85.71,77.30,,,100.00,82.83,92.63,71.25,93.93,81.37,50.00,50.00,100.00,88.32,99.00,92.38,100.00,100.00,84.30,92.22,69.47,99.11,89.87,96.94,87.78
SWE,Sweden,Europe & Central Asia,2020,Leader,88.41,89.91,80.96,93.08,90.19,99.20,84.39,82.35,87.06,82.01,66.67,88.68,94.40,96.14,89.10,94.55,100.00,99.00,99.00,,83.60,82.15,87.42,85.71,77.30,,,100.00,83.60,92.54,72.11,88.24,75.78,50.00,50.00,100.00,88.68,99.00,89.81,96.63,95.65,84.63,90.00,77.86,99.20,90.04,97.53,94.55
SWE,Sweden,Europe & Central Asia,2021,Leader,88.53,85.65,83.72,93.29,91.81,91.55,81.55,82.05,89.41,86.56,66.67,89.13,94.85,95.88,91.13,94.55,100.00,99.00,99.00,23.49,79.00,76.90,88.75,85.71,90.63,80.00,0.00,100.00,86.88,95.84,74.94,93.03,80.10,50.00,50.00,100.00,89.13,99.00,90.70,100.00,91.75,84.30,90.01,86.00,99.24,92.22,97.75,94.55
SWE,Sweden,Europe & Central Asia,2022,Leader,89.94,91.27,82.99,95.23,90.70,94.50,92.66,82.05,88.13,86.00,66.67,89.52,96.18,100.00,89.73,94.55,100.00,99.00,99.00,53.00,100.00,88.88,89.10,85.71,90.63,80.00,0.00,100.00,85.36,94.27,72.88,92.77,79.24,50.00,50.00,100.00,89.52,99.00,93.36,100.00,100.00,84.13,90.02,81.24,96.72,92.38,98.38,94.55
SWE,Sweden,Europe & Central Asia,2023,Leader,89.71,94.03,80.39,95.01,90.21,97.40,96.65,82.05,83.87,83.76,66.67,89.86,96.18,98.98,89.12,94.55,100.00,99.00,99.00,82.00,100.00,100.00,89.95,85.71,90.63,80.00,0.00,94.05,86.18,81.56,73.70,90.52,76.99,50.00,50.00,100.00,89.86,99.00,93.36,100.00,97.96,84.17,90.02,78.64,96.28,92.67,97.66,94.55
SWE,Sweden,Europe & Central Asia,2024,Leader,89.54,94.45,78.63,95.07,91.05,98.30,96.81,82.05,78.71,84.54,66.67,90.05,96.18,98.98,88.99,99.31,100.00,99.00,99.00,91.00,100.00,100.00,90.43,85.71,90.63,80.00,0.00,87.33,83.62,74.85,69.04,91.31,77.78,50.00,50.00,100.00,90.05,99.00,93.36,100.00,97.96,84.09,88.36,79.86,93.95,93.55,98.63,99.31
SWZ,Eswatini,Sub-Saharan Africa,2014,Discoverer,32.01,23.21,36.25,51.70,24.14,28.08,13.98,31.94,28.65,15.77,92.40,25.57,69.62,59.91,28.70,5.90,98.00,21.21,0.00,,6.62,6.89,28.42,33.24,30.00,,,54.13,28.89,28.40,3.17,29.71,1.84,88.60,88.60,100.00,25.57,88.40,50.84,88.24,31.59,31.41,13.39,14.34,44.07,44.48,5.00,5.90
SWZ,Eswatini,Sub-Saharan Africa,2015,Discoverer,33.14,24.06,35.67,52.59,26.73,28.08,16.11,31.94,29.98,12.99,92.40,27.29,70.57,59.91,32.08,5.30,98.00,21.21,0.00,,6.46,6.86,35.00,33.24,30.00,,,55.46,30.22,29.74,4.50,25.99,0.00,88.60,88.60,100.00,27.29,88.40,52.74,88.24,31.59,36.40,20.46,11.42,55.39,44.48,5.00,5.30
SWZ,Eswatini,Sub-Saharan Africa,2016,Emerging,36.26,28.01,38.01,57.70,28.13,35.60,18.46,31.94,31.38,17.45,92.40,41.63,71.54,59.91,33.99,4.70,98.00,30.00,10.00,,7.16,7.92,40.29,33.24,30.00,,,56.86,31.62,31.13,5.90,31.39,3.52,88.60,88.60,100.00,41.63,88.40,54.68,88.24,31.59,37.07,27.54,13.95,58.17,44.48,5.00,4.70
SWZ,Eswatini,Sub-Saharan Africa,2017,Emerging,39.11,34.72,37.62,60.89,29.41,45.05,25.79,31.94,28.37,19.49,92.40,43.64,72.53,66.49,35.74,4.10,98.00,42.88,20.74,,10.54,16.65,50.18,33.24,30.00,,,50.32,32.14,24.60,6.42,33.42,5.56,88.60,88.60,100.00,43.64,88.40,56.66,88.24,44.74,38.57,32.52,14.71,62.17,44.48,5.00,4.10
SWZ,Eswatini,Sub-Saharan Africa,2018,Emerging,44.18,44.43,42.69,64.25,31.26,61.84,30.42,37.66,43.50,18.29,89.86,45.47,73.54,73.75,35.75,13.30,98.00,69.90,35.70,,14.38,16.35,60.52,42.76,30.00,,,68.98,43.75,43.26,18.03,32.22,4.36,84.78,84.78,100.00,45.47,88.40,58.68,88.24,59.26,38.56,37.50,18.03,56.41,44.48,5.00,13.30
SWZ,Eswatini,Sub-Saharan Africa,2019,Emerging,45.92,53.17,35.45,72.03,32.74,74.48,39.61,37.66,22.49,21.20,89.86,46.90,74.87,94.33,36.99,15.77,98.00,89.80,47.40,,16.09,21.80,80.94,42.76,30.00,,,41.85,28.85,16.13,3.12,35.14,7.27,84.78,84.78,100.00,46.90,88.99,60.75,96.21,92.45,39.20,43.16,21.44,55.73,44.48,5.00,15.77
SWZ,Eswatini,Sub-Saharan Africa,2020,Emerging,47.14,57.83,34.94,69.27,35.29,83.80,41.94,37.66,21.29,21.12,89.86,48.45,76.22,83.14,39.56,18.23,99.00,96.00,64.00,,18.24,27.23,80.34,42.76,30.00,,,41.77,26.54,16.05,0.81,35.05,7.19,84.78,84.78,100.00,48.45,89.57,62.86,100.00,66.27,39.44,48.82,28.64,55.64,47.16,5.00,18.23
SWZ,Eswatini,Sub-Saharan Africa,2021,Emerging,49.94,52.92,46.47,71.43,35.41,77.50,39.61,30.38,27.98,43.27,89.86,50.17,77.59,86.54,39.70,18.23,99.00,98.00,71.00,0.00,11.63,23.82,83.39,42.76,30.00,0.00,0.00,51.34,30.34,25.61,4.62,57.20,29.34,84.78,84.78,100.00,50.17,90.16,65.01,100.00,73.08,40.08,40.61,32.72,55.56,47.36,5.00,18.23
SWZ,Eswatini,Sub-Saharan Africa,2022,Transitioner,51.52,54.72,49.39,76.57,34.06,81.51,40.11,30.38,33.69,44.85,89.86,51.83,77.88,100.00,38.01,18.23,99.10,99.00,80.00,0.00,11.14,26.13,83.07,42.76,30.00,0.00,0.00,58.13,34.98,32.41,9.26,58.78,30.92,84.78,84.78,100.00,51.83,90.75,65.01,100.00,100.00,40.19,32.40,27.70,56.28,47.19,5.00,18.23
SWZ,Eswatini,Sub-Saharan Africa,2023,Transitioner,53.13,55.77,54.22,75.07,35.11,84.31,39.92,30.38,39.29,51.34,89.86,52.90,77.88,94.44,39.33,18.23,99.10,99.00,87.00,0.00,12.10,30.02,77.64,42.76,30.00,0.00,0.00,67.62,36.67,41.90,10.95,65.27,37.41,84.78,84.78,100.00,52.90,90.75,65.01,100.00,88.89,40.46,32.40,33.55,56.20,47.76,5.00,18.23
SWZ,Eswatini,Sub-Saharan Africa,2024,Transitioner,57.14,58.41,50.71,73.22,49.14,87.41,43.44,30.38,29.32,52.52,89.86,54.03,77.88,87.76,41.56,79.43,99.10,98.74,95.00,0.00,14.19,35.04,81.08,42.76,30.00,0.00,0.00,44.01,36.69,18.29,18.28,66.46,38.59,84.78,84.78,100.00,54.03,90.75,65.01,100.00,75.51,39.13,45.57,37.59,52.43,53.38,5.00,79.43
SYC,Seychelles,Sub-Saharan Africa,2014,Transitioner,54.97,33.60,69.79,76.45,50.95,59.60,2.70,43.37,54.06,75.49,89.86,57.20,72.15,100.00,60.74,11.80,98.00,90.00,10.00,,4.20,3.91,0.00,48.95,35.00,,,71.03,55.22,48.30,41.68,82.83,68.16,84.78,84.78,100.00,57.20,95.90,48.39,100.00,100.00,88.17,33.07,26.36,100.00,36.35,72.60,11.80
SYC,Seychelles,Sub-Saharan Africa,2015,Transitioner,58.32,40.21,69.79,77.39,53.26,64.18,14.66,43.37,55.61,73.93,89.86,57.00,75.16,100.00,63.07,14.00,98.00,90.00,21.44,,6.18,9.72,28.08,48.95,35.00,,,65.90,56.31,57.50,42.72,81.30,66.57,84.78,84.78,100.00,57.00,95.90,54.42,100.00,100.00,93.48,36.83,32.04,100.00,36.35,70.19,14.00
SYC,Seychelles,Sub-Saharan Africa,2016,Transitioner,64.28,50.49,74.79,79.11,57.15,72.06,32.48,43.37,59.56,82.49,89.86,62.12,75.21,100.00,67.38,16.20,98.00,90.00,41.14,,9.87,12.78,74.80,48.95,35.00,,,75.62,57.17,61.95,43.50,89.89,75.08,84.78,84.78,100.00,62.12,95.90,54.52,100.00,100.00,94.29,40.58,49.43,100.00,36.35,73.13,16.20
SYC,Seychelles,Sub-Saharan Africa,2017,Advanced,68.36,60.91,74.99,79.48,60.15,91.60,38.99,43.37,59.57,82.97,89.86,64.89,75.05,98.49,70.59,18.40,98.00,90.00,90.00,,13.21,22.16,81.62,48.95,35.00,,,72.01,61.46,56.90,47.93,90.30,75.64,84.78,84.78,100.00,64.89,95.90,54.21,99.66,97.32,93.83,51.20,59.54,100.00,36.35,75.25,18.40
SYC,Seychelles,Sub-Saharan Africa,2018,Advanced,69.65,63.92,71.99,80.44,63.57,98.50,39.62,43.37,53.26,81.78,89.86,66.79,74.53,100.00,72.99,25.90,98.50,98.50,98.50,,21.10,32.78,64.98,48.95,35.00,,,68.52,51.73,54.58,38.22,89.10,74.46,84.78,84.78,100.00,66.79,95.90,53.17,100.00,100.00,93.97,61.81,64.59,100.00,36.35,78.29,25.90
SYC,Seychelles,Sub-Saharan Africa,2019,Advanced,70.50,69.69,69.43,81.09,62.97,99.40,53.14,43.37,45.16,83.49,89.86,67.93,75.35,100.00,73.82,19.57,99.40,99.40,99.40,,28.30,47.24,83.89,48.95,35.00,,,65.87,37.98,52.33,24.44,90.82,76.15,84.78,84.78,100.00,67.93,95.90,54.80,100.00,100.00,94.32,61.79,68.32,100.00,36.35,78.43,19.57
SYC,Seychelles,Sub-Saharan Africa,2020,Advanced,68.91,67.74,66.77,81.67,61.05,99.40,48.25,43.37,44.15,77.83,89.86,69.60,75.40,100.00,73.01,13.23,99.40,99.40,99.40,,30.06,40.98,73.72,48.95,35.00,,,64.89,36.99,51.31,23.42,85.19,70.48,84.78,84.78,100.00,69.60,95.90,54.90,100.00,100.00,94.64,61.76,70.05,100.00,31.72,75.51,13.23
SYC,Seychelles,Sub-Saharan Africa,2021,Advanced,67.82,62.95,67.60,82.12,60.52,89.56,50.33,34.98,43.73,80.35,89.86,71.54,74.83,100.00,72.34,13.23,99.40,99.40,99.40,1.00,23.76,37.91,89.33,48.95,35.00,0.00,0.00,64.48,36.59,50.87,22.98,87.72,72.98,84.78,84.78,100.00,71.54,95.90,53.77,100.00,100.00,95.07,53.00,68.00,100.00,32.28,79.75,13.23
SYC,Seychelles,Sub-Saharan Africa,2022,Advanced,68.27,67.95,64.67,83.06,59.50,89.96,53.80,52.24,49.38,67.36,89.86,72.45,76.73,100.00,71.07,13.23,99.40,99.40,99.40,5.00,28.58,42.80,90.03,58.48,51.67,50.00,0.00,70.15,42.26,56.51,28.62,74.74,59.97,84.78,84.78,100.00,72.45,95.90,57.56,100.00,100.00,95.37,44.24,61.53,100.00,35.53,81.61,13.23
SYC,Seychelles,Sub-Saharan Africa,2023,Advanced,69.20,68.45,68.65,81.77,59.68,91.26,53.74,52.24,57.87,68.83,89.86,73.36,76.89,95.07,71.29,13.23,99.40,99.40,99.40,18.00,34.04,54.86,72.33,58.48,51.67,50.00,0.00,78.65,50.75,64.99,37.09,76.23,61.43,84.78,84.78,100.00,73.36,95.90,57.87,100.00,90.13,95.69,44.24,61.74,100.00,36.65,80.55,13.23
SYC,Seychelles,Sub-Saharan Africa,2024,Advanced,73.98,70.84,73.17,83.66,69.08,92.09,58.88,52.24,69.54,68.45,89.86,74.09,76.89,100.00,73.75,50.41,99.40,99.40,99.40,26.30,37.40,57.10,82.15,58.48,51.67,50.00,0.00,90.32,62.43,76.64,48.75,75.86,61.04,84.78,84.78,100.00,74.09,95.90,57.87,100.00,100.00,95.69,46.38,63.93,100.00,46.64,78.61,50.41
TCD,Chad,Sub-Saharan Africa,2014,Discoverer,11.86,17.96,23.80,15.87,2.92,23.88,0.69,40.67,9.49,16.89,66.22,26.75,20.85,0.00,2.92,2.90,85.00,11.20,6.00,,2.06,,0.00,33.33,51.67,,,20.98,11.16,5.84,0.00,25.10,8.69,73.73,24.92,100.00,26.75,26.00,15.71,0.00,0.00,0.00,4.72,0.69,0.00,6.14,10.84,2.90
TCD,Chad,Sub-Saharan Africa,2015,Discoverer,13.55,18.97,16.03,16.85,6.58,25.20,1.88,40.67,19.81,9.85,20.83,29.03,21.52,0.00,7.14,4.33,86.00,13.00,7.00,,2.06,3.58,0.00,33.33,51.67,,,32.29,22.47,17.15,7.33,18.05,1.65,40.63,0.00,21.88,29.03,26.00,17.04,0.00,0.00,12.77,9.25,1.18,5.89,6.14,10.16,4.33
TCD,Chad,Sub-Saharan Africa,2016,Discoverer,14.70,22.70,16.74,14.29,8.59,29.44,6.98,40.67,17.72,13.72,20.83,25.24,17.62,0.00,9.29,5.77,86.00,22.01,8.60,,7.68,13.25,0.00,33.33,51.67,,,30.20,20.38,15.06,5.24,21.92,5.51,40.63,0.00,21.88,25.24,22.00,13.25,0.00,0.00,12.06,13.77,1.21,14.92,6.14,10.51,5.77
TCD,Chad,Sub-Saharan Africa,2017,Discoverer,14.86,29.62,11.77,15.23,9.17,33.60,20.11,40.67,13.73,12.76,5.88,26.13,19.57,0.00,9.67,7.20,86.00,32.00,9.00,,11.38,17.80,31.15,33.33,51.67,,,26.21,16.39,11.07,1.24,20.96,4.56,17.65,0.00,0.00,26.13,24.88,14.26,0.00,0.00,13.30,14.17,1.69,14.60,6.14,11.04,7.20
TCD,Chad,Sub-Saharan Africa,2018,Discoverer,17.40,33.55,13.76,16.12,12.32,38.80,23.41,43.33,13.46,18.01,5.88,26.83,21.52,0.00,12.95,9.80,86.00,42.00,12.00,,14.05,24.33,31.85,33.33,58.33,,,27.44,14.11,12.29,0.00,26.21,9.81,17.65,0.00,0.00,26.83,27.75,15.30,0.00,0.00,13.14,14.58,0.76,31.35,6.14,12.18,9.80
TCD,Chad,Sub-Saharan Africa,2019,Discoverer,13.36,33.57,4.32,16.98,12.92,42.12,20.14,43.33,2.73,5.14,5.88,27.45,23.49,0.00,9.87,25.12,86.00,43.00,19.30,,11.14,22.67,26.60,33.33,58.33,,,10.25,0.67,0.00,0.00,10.28,0.00,17.65,0.00,0.00,27.45,30.63,16.35,0.00,0.00,13.68,17.29,1.98,12.70,6.14,12.40,25.12
TCD,Chad,Sub-Saharan Africa,2020,Discoverer,15.06,40.24,4.20,17.34,17.55,45.14,33.79,43.33,4.88,2.69,5.88,27.98,24.03,0.00,11.83,40.44,86.10,48.00,21.80,,13.17,28.35,59.85,33.33,58.33,,,16.65,1.35,1.51,0.00,5.37,0.00,17.65,0.00,0.00,27.98,30.63,17.42,0.00,0.00,14.05,20.00,2.74,16.71,8.73,13.88,40.44
TCD,Chad,Sub-Saharan Africa,2021,Discoverer,20.68,38.09,15.73,17.72,17.22,41.01,37.13,34.17,6.09,4.29,57.91,28.59,24.57,0.00,11.42,40.44,86.10,59.00,22.00,0.00,8.89,26.46,76.04,33.33,58.33,0.00,0.00,17.72,4.39,2.26,0.00,8.57,0.00,73.73,0.00,100.00,28.59,30.63,18.52,0.00,0.00,14.13,23.63,3.23,12.10,8.90,13.80,40.44
TCD,Chad,Sub-Saharan Africa,2022,Discoverer,25.62,43.67,22.32,24.20,18.26,50.21,37.12,43.69,8.94,5.78,82.14,29.27,24.57,18.75,12.71,40.44,86.10,68.00,36.00,0.00,9.40,28.39,73.57,52.38,58.33,0.00,0.00,20.48,10.27,5.02,0.00,11.56,0.00,73.73,72.70,100.00,29.27,30.63,18.52,0.00,37.50,13.62,27.26,2.73,15.21,11.42,13.91,40.44
TCD,Chad,Sub-Saharan Africa,2023,Discoverer,24.13,44.68,19.65,20.33,19.00,55.01,34.85,43.69,2.50,5.57,82.14,30.02,24.57,6.41,13.64,40.44,86.10,76.00,40.00,0.00,11.39,28.76,64.39,52.38,58.33,0.00,0.00,6.75,3.25,0.00,0.00,11.13,0.00,73.73,72.69,100.00,30.02,30.63,18.52,12.82,0.00,14.76,27.26,5.23,15.82,11.81,13.88,40.44
TCD,Chad,Sub-Saharan Africa,2024,Discoverer,26.53,43.95,25.16,21.03,21.31,56.29,31.74,43.69,16.14,5.68,82.14,31.45,24.57,7.07,14.46,48.68,86.90,76.00,43.00,0.00,13.22,30.30,51.70,52.38,58.33,0.00,0.00,30.07,18.13,14.61,1.75,11.36,0.00,73.73,72.69,100.00,31.45,30.63,18.52,14.14,0.00,14.47,26.74,8.75,15.53,12.79,14.82,48.68
TGO,Togo,Sub-Saharan Africa,2014,Discoverer,21.34,17.54,21.12,34.33,16.30,31.27,1.48,22.19,7.52,10.46,69.65,33.78,54.63,14.57,13.75,26.50,91.00,32.67,0.00,,0.57,3.87,0.00,25.43,17.33,,,15.04,15.04,0.00,0.00,20.93,0.00,73.73,35.21,100.00,33.78,64.00,45.27,18.03,11.11,0.00,11.02,2.09,32.42,16.67,24.14,26.50
TGO,Togo,Sub-Saharan Africa,2015,Discoverer,23.94,18.77,20.41,35.38,24.24,33.80,2.04,22.19,7.99,8.21,69.65,36.49,55.07,14.57,24.06,24.93,91.00,38.99,0.00,,2.58,3.54,0.00,25.43,17.33,,,15.98,15.98,0.00,0.00,16.43,0.00,73.73,35.21,100.00,36.49,64.00,46.14,18.03,11.11,29.32,21.45,2.51,38.40,16.67,45.38,24.93
TGO,Togo,Sub-Saharan Africa,2016,Discoverer,29.39,28.85,22.59,43.63,26.26,42.60,17.09,24.86,8.28,13.36,69.65,38.24,55.88,36.78,26.98,23.37,93.00,60.00,0.00,,9.05,6.16,36.05,25.43,24.00,,,16.57,16.57,0.00,0.00,23.86,2.86,73.73,35.21,100.00,38.24,64.75,47.01,62.44,11.11,29.60,31.88,5.29,41.20,16.67,52.45,23.37
TGO,Togo,Sub-Saharan Africa,2017,Discoverer,29.30,33.94,22.78,35.81,26.64,55.40,17.02,24.86,8.35,13.77,69.65,39.56,56.69,11.19,27.84,21.80,93.00,92.00,0.00,,6.85,5.80,38.42,25.43,24.00,,,16.71,16.71,0.00,0.00,23.58,3.96,73.73,35.21,100.00,39.56,65.50,47.88,22.37,0.00,31.12,43.72,7.04,43.37,16.67,38.32,21.80
TGO,Togo,Sub-Saharan Africa,2018,Discoverer,33.15,46.20,22.61,45.11,25.62,67.00,32.55,31.90,8.61,13.08,69.65,40.53,57.50,37.30,29.86,8.70,97.00,92.00,27.00,,14.63,13.51,69.51,34.95,27.33,,,17.23,17.23,0.00,0.00,22.89,3.28,73.73,35.21,100.00,40.53,66.25,48.75,27.93,46.67,31.17,55.56,7.49,43.03,16.67,46.28,8.70
TGO,Togo,Sub-Saharan Africa,2019,Emerging,35.02,53.02,24.13,41.90,28.05,74.20,42.39,31.90,4.42,21.09,69.65,41.39,58.32,25.98,29.82,20.95,97.00,92.00,45.00,,22.68,22.14,82.34,34.95,27.33,,,17.69,0.00,0.00,0.00,30.90,11.28,73.73,35.21,100.00,41.39,67.00,49.64,28.89,23.08,31.70,52.78,7.51,47.87,16.67,37.99,20.95
TGO,Togo,Sub-Saharan Africa,2020,Emerging,38.87,59.48,31.21,38.75,31.73,83.80,48.94,31.90,5.08,38.13,69.65,42.17,59.71,14.37,31.36,33.19,97.00,96.00,65.00,,33.02,29.91,83.89,34.95,27.33,,,17.95,0.00,2.38,0.00,46.56,29.69,73.73,35.21,100.00,42.17,68.87,50.55,28.73,0.00,31.92,50.00,10.05,49.06,19.25,43.06,33.19
TGO,Togo,Sub-Saharan Africa,2021,Emerging,36.14,53.40,25.01,40.91,31.23,81.07,39.59,25.68,6.58,21.12,69.65,43.07,61.10,18.57,30.74,33.19,98.00,97.00,81.00,0.73,22.61,18.31,77.84,34.95,27.33,0.00,0.00,19.09,3.73,3.52,0.00,29.55,12.68,73.73,35.21,100.00,43.07,70.73,51.46,28.57,8.57,32.21,46.69,10.47,49.50,17.09,42.22,33.19
TGO,Togo,Sub-Saharan Africa,2022,Emerging,38.99,60.21,24.83,50.60,30.56,88.45,49.23,25.68,8.07,19.19,69.65,44.11,62.03,45.66,29.90,33.19,98.00,98.00,98.00,2.50,30.19,32.07,85.44,34.95,27.33,0.00,0.00,20.40,7.07,4.83,0.00,27.62,10.75,73.73,35.21,100.00,44.11,72.60,51.46,54.73,36.59,32.38,43.38,8.39,51.30,20.88,29.75,33.19
TGO,Togo,Sub-Saharan Africa,2023,Emerging,42.29,63.32,27.72,57.24,31.84,88.80,56.67,25.68,13.90,20.58,69.65,45.27,62.03,64.42,31.50,33.19,99.00,98.00,98.00,5.00,41.82,40.67,87.51,34.95,27.33,0.00,0.00,21.68,21.68,6.11,6.11,29.01,12.15,73.73,35.21,100.00,45.27,72.60,51.46,75.90,52.94,32.59,43.38,9.84,51.95,22.50,37.84,33.19
TGO,Togo,Sub-Saharan Africa,2024,Emerging,47.63,67.47,29.24,59.67,43.72,89.40,66.43,25.68,16.65,21.62,69.65,46.76,62.03,70.23,32.14,90.06,99.70,98.55,98.00,8.09,56.00,52.36,90.92,34.95,27.33,0.00,0.00,30.40,21.40,14.82,0.00,30.05,13.18,73.73,35.21,100.00,46.76,72.60,51.46,79.67,60.78,32.91,44.72,9.56,48.19,23.32,48.73,90.06
THA,Thailand,East Asia & Pacific,2014,Transitioner,59.36,51.60,68.18,71.81,49.14,83.20,21.49,48.62,73.37,47.08,100.00,53.55,75.35,86.54,51.13,41.20,97.00,97.00,62.50,,6.79,9.93,47.73,49.52,47.27,,,80.99,80.99,65.74,65.74,55.34,38.82,100.00,100.00,100.00,53.55,93.00,57.69,100.00,73.08,52.74,44.09,39.93,71.28,38.26,62.75,41.20
THA,Thailand,East Asia & Pacific,2015,Transitioner,63.97,57.68,71.91,75.47,53.49,90.60,26.90,53.41,85.73,44.04,100.00,55.43,84.45,86.54,54.30,50.27,97.00,98.00,80.00,,7.66,13.06,59.98,51.90,55.67,,,92.99,92.99,78.47,78.47,51.91,36.18,100.00,100.00,100.00,55.43,93.00,75.90,100.00,73.08,53.83,49.58,48.26,74.34,38.26,64.05,50.27
THA,Thailand,East Asia & Pacific,2016,Advanced,68.19,66.44,73.60,75.58,58.52,98.00,41.39,53.41,86.59,47.39,100.00,60.03,83.75,82.95,58.32,59.33,98.00,98.00,98.00,,15.86,31.62,76.68,51.90,55.67,,,94.06,94.06,79.13,79.13,55.48,39.31,100.00,100.00,100.00,60.03,91.98,75.52,92.83,73.08,54.28,55.07,59.36,76.77,38.26,70.75,59.33
THA,Thailand,East Asia & Pacific,2017,Advanced,70.45,68.22,71.91,80.97,62.00,98.00,45.84,53.41,80.10,49.69,100.00,63.88,84.07,94.95,60.40,68.40,98.00,98.00,98.00,,16.76,39.33,81.45,51.90,55.67,,,87.56,87.56,72.63,72.63,57.78,41.60,100.00,100.00,100.00,63.88,92.99,75.15,97.10,92.80,54.47,59.48,64.78,78.36,38.26,72.75,68.40
THA,Thailand,East Asia & Pacific,2018,Advanced,71.44,68.58,70.38,83.11,64.95,98.00,49.08,48.74,72.27,53.67,100.00,67.36,83.87,98.08,61.29,79.60,98.00,98.00,98.00,,18.45,44.07,84.73,51.90,44.00,,,79.79,79.79,64.75,64.75,61.82,45.53,100.00,100.00,100.00,67.36,94.00,73.75,96.17,100.00,54.90,63.89,68.80,76.05,38.26,73.00,79.60
THA,Thailand,East Asia & Pacific,2019,Advanced,73.19,75.37,71.90,79.03,66.99,98.00,57.49,65.89,63.56,66.18,100.00,70.86,81.80,84.42,62.98,83.05,98.00,98.00,98.00,,26.89,59.47,86.09,80.48,44.00,,,77.28,63.95,63.17,49.84,73.83,58.54,100.00,100.00,100.00,70.86,91.27,72.34,89.13,79.71,55.06,71.65,72.38,76.63,38.26,73.50,83.05
THA,Thailand,East Asia & Pacific,2020,Advanced,77.05,85.04,71.00,83.45,69.96,98.00,71.05,87.12,68.51,58.98,100.00,75.35,81.07,93.93,65.83,86.50,98.00,98.00,98.00,,42.58,82.84,87.73,94.76,75.67,,,89.31,62.02,74.99,47.70,66.74,51.23,100.00,100.00,100.00,75.35,91.21,70.93,96.42,91.45,55.61,79.41,76.34,77.22,41.51,77.50,86.50
THA,Thailand,East Asia & Pacific,2021,Advanced,75.49,78.53,68.30,85.00,71.25,95.88,63.24,74.41,54.81,65.94,100.00,78.93,80.34,95.72,67.44,86.50,98.80,98.00,98.00,76.00,36.46,64.40,88.85,94.76,75.67,0.00,86.67,61.92,61.92,47.70,47.70,73.64,58.24,100.00,100.00,100.00,78.93,91.16,69.53,100.00,91.45,55.83,78.52,78.71,77.34,42.31,87.50,86.50
THA,Thailand,East Asia & Pacific,2022,Advanced,75.07,82.94,63.07,86.88,69.88,98.25,71.89,74.41,58.32,49.35,100.00,81.58,80.31,98.75,65.73,86.50,99.50,100.00,99.50,85.00,51.09,74.62,89.96,94.76,75.67,0.00,86.67,67.62,62.93,53.70,49.02,56.89,41.81,100.00,100.00,100.00,81.58,91.10,69.53,100.00,97.50,55.77,77.63,72.17,76.06,42.59,86.50,86.50
THA,Thailand,East Asia & Pacific,2023,Advanced,76.64,85.81,66.19,88.32,68.77,98.75,78.56,74.41,65.74,49.73,100.00,84.66,80.31,100.00,64.34,86.50,99.50,100.00,99.50,90.00,62.97,82.88,89.85,94.76,75.67,0.00,86.67,81.91,63.09,68.39,49.56,57.05,42.40,100.00,100.00,100.00,84.66,91.10,69.53,100.00,100.00,56.21,77.63,67.17,75.29,42.45,83.50,86.50
THA,Thailand,East Asia & Pacific,2024,Advanced,77.31,87.67,63.86,88.47,72.12,99.25,82.71,74.41,59.52,50.12,100.00,85.10,80.31,100.00,65.34,99.22,99.50,100.00,99.50,95.00,71.87,86.41,89.85,94.76,75.67,0.00,86.67,71.69,60.71,58.17,47.50,57.45,42.80,100.00,100.00,100.00,85.10,91.10,69.53,100.00,100.00,55.53,76.11,69.79,71.09,51.05,82.38,99.22
TJK,Tajikistan,Europe & Central Asia,2014,Discoverer,30.25,36.24,18.54,52.53,23.73,61.82,10.09,37.40,14.09,0.00,64.52,46.86,68.66,42.06,25.99,14.70,60.00,90.00,34.54,,4.93,6.07,19.29,35.94,39.59,,,28.85,12.59,14.93,0.00,0.00,0.00,73.73,45.26,74.58,46.86,99.80,37.52,73.78,10.34,28.19,6.30,0.55,40.83,57.21,0.00,14.70
TJK,Tajikistan,Europe & Central Asia,2015,Discoverer,32.11,45.46,17.09,52.92,25.85,71.12,23.83,37.40,14.35,0.00,56.75,48.07,68.62,42.06,27.43,19.53,60.00,90.00,57.79,,9.12,14.13,48.24,35.94,39.59,,,29.19,12.93,15.28,0.00,0.00,0.00,66.67,45.26,58.33,48.07,99.80,37.44,73.78,10.34,28.72,9.31,0.86,45.72,57.21,0.00,19.53
TJK,Tajikistan,Europe & Central Asia,2016,Emerging,36.02,50.49,22.90,52.15,27.91,80.15,27.38,37.40,28.87,0.00,56.75,52.55,68.58,35.33,28.79,24.37,73.59,90.00,73.59,,8.67,15.80,57.66,35.94,39.59,,,43.96,27.70,30.05,13.79,0.00,0.00,66.67,45.26,58.33,52.55,99.80,37.36,60.32,10.34,28.92,12.32,0.91,50.76,57.21,0.00,24.37
TJK,Tajikistan,Europe & Central Asia,2017,Emerging,37.29,55.39,23.99,47.83,30.41,86.00,33.78,37.40,31.61,0.00,56.75,54.85,68.54,20.09,30.71,29.20,90.00,90.00,80.00,,9.58,16.80,74.95,35.94,39.59,,,46.70,30.44,32.78,16.52,0.00,0.00,66.67,45.26,58.33,54.85,99.80,37.28,40.17,0.00,28.41,23.17,1.88,54.48,57.21,0.00,29.20
TJK,Tajikistan,Europe & Central Asia,2018,Emerging,37.64,54.92,24.59,48.11,30.89,86.00,32.60,37.40,33.10,0.00,56.75,56.85,68.50,18.99,32.03,26.30,90.00,90.00,80.00,,7.82,16.52,73.47,35.94,39.59,,,48.19,31.93,34.27,18.01,0.00,0.00,66.67,45.26,58.33,56.85,99.80,37.21,37.98,0.00,27.94,34.03,2.60,55.40,57.21,0.00,26.30
TJK,Tajikistan,Europe & Central Asia,2019,Discoverer,34.57,56.64,17.09,47.78,30.87,86.00,36.89,37.40,14.36,0.00,56.75,58.57,68.46,16.29,33.17,21.70,90.00,90.00,80.00,,11.92,23.50,75.26,35.94,39.59,,,32.67,6.01,18.76,0.00,0.00,0.00,66.67,45.26,58.33,58.57,99.80,37.13,32.58,0.00,28.09,32.90,6.95,57.15,57.21,0.00,21.70
TJK,Tajikistan,Europe & Central Asia,2020,Emerging,35.69,57.30,17.85,48.68,32.58,86.00,38.56,37.40,16.26,0.00,56.75,59.29,68.43,18.33,36.45,17.10,90.00,90.00,80.00,,13.71,21.78,80.20,35.94,39.59,,,36.51,5.93,22.60,0.00,0.00,0.00,66.67,45.26,58.33,59.29,99.80,37.05,36.66,0.00,28.46,31.76,10.26,58.15,69.51,0.00,17.10
TJK,Tajikistan,Europe & Central Asia,2021,Emerging,36.13,51.28,19.31,51.25,33.58,77.38,35.89,29.85,19.90,0.00,56.75,60.08,68.39,25.27,37.70,17.10,90.00,90.00,80.00,3.84,8.93,18.05,80.69,35.94,39.59,0.00,0.00,36.86,16.85,22.95,2.93,0.00,0.00,66.67,45.26,58.33,60.08,99.80,36.97,40.74,9.80,28.20,35.72,14.35,58.83,69.25,0.00,17.10
TJK,Tajikistan,Europe & Central Asia,2022,Emerging,35.50,51.70,18.90,48.38,33.59,78.05,36.27,29.85,22.64,0.00,49.24,60.74,68.39,16.02,37.71,17.10,90.00,90.00,80.00,10.50,9.45,19.48,79.87,35.94,39.59,0.00,0.00,39.60,19.58,25.69,5.67,0.00,0.00,59.84,45.26,42.62,60.74,99.80,36.97,19.54,12.50,28.45,39.68,10.95,59.26,70.06,0.00,17.10
TJK,Tajikistan,Europe & Central Asia,2023,Emerging,37.50,52.99,18.83,57.09,34.72,78.72,38.84,29.85,22.46,0.00,49.24,61.33,68.39,41.55,39.13,17.10,90.00,90.00,80.00,17.16,13.17,24.55,78.80,35.94,39.59,0.00,0.00,39.43,19.41,25.51,5.50,0.00,0.00,59.84,45.26,42.62,61.33,99.80,36.97,48.72,34.38,30.38,39.68,15.63,59.27,70.51,0.00,17.10
TJK,Tajikistan,Europe & Central Asia,2024,Emerging,38.82,54.60,20.44,55.17,36.88,79.38,42.20,29.85,27.23,1.07,45.59,62.86,70.98,31.69,39.76,25.36,90.00,90.00,80.00,23.79,18.87,29.14,78.58,35.94,39.59,0.00,0.00,40.58,26.48,26.66,15.20,2.14,0.00,63.22,31.39,42.15,62.86,99.80,42.16,24.24,39.13,31.94,44.76,16.79,55.91,71.79,0.00,25.36
TLS,Timor-Leste,East Asia & Pacific,2014,Discoverer,29.98,28.05,34.58,43.43,19.17,49.39,2.16,37.13,23.31,13.13,100.00,32.00,59.31,38.98,23.97,0.00,96.00,75.48,0.00,,3.49,2.98,0.00,35.85,39.04,,,28.71,28.71,17.91,17.91,18.98,7.28,100.00,100.00,100.00,32.00,65.78,52.85,54.17,23.79,38.57,20.47,13.39,36.01,2.60,38.07,0.00
TLS,Timor-Leste,East Asia & Pacific,2015,Discoverer,31.75,29.64,34.94,44.28,22.15,52.01,3.53,37.13,24.74,12.60,100.00,40.68,59.35,32.82,27.40,1.13,96.00,82.03,0.00,,5.33,5.26,0.00,35.85,39.04,,,30.15,30.15,19.33,19.33,18.46,6.74,100.00,100.00,100.00,40.68,65.78,52.93,41.84,23.79,41.46,21.11,20.57,36.01,2.60,51.59,1.13
TLS,Timor-Leste,East Asia & Pacific,2016,Discoverer,34.10,32.03,39.27,44.29,24.25,54.86,6.67,37.13,24.97,23.21,100.00,41.22,59.39,32.25,29.75,2.27,96.00,89.14,0.00,,4.50,5.50,10.00,35.85,39.04,,,30.38,30.38,19.57,19.57,29.07,17.36,100.00,100.00,100.00,41.22,65.78,53.00,40.72,23.79,41.47,21.74,30.80,42.47,2.60,41.07,2.27
TLS,Timor-Leste,East Asia & Pacific,2017,Emerging,39.39,42.84,37.32,54.35,27.70,62.10,26.43,37.13,23.94,19.35,100.00,44.00,60.01,59.05,33.78,3.40,96.50,95.00,12.00,,6.28,11.53,61.49,35.85,39.04,,,29.35,29.35,18.54,18.54,25.21,13.50,100.00,100.00,100.00,44.00,66.94,53.08,93.01,25.08,41.39,26.49,31.14,58.56,2.60,43.94,3.40
TLS,Timor-Leste,East Asia & Pacific,2018,Emerging,41.85,44.68,42.71,51.24,31.36,67.25,25.89,37.13,42.55,14.22,100.00,46.63,60.63,46.47,37.15,8.20,96.50,95.00,24.88,,5.17,11.31,61.20,35.85,39.04,,,47.95,47.95,37.14,37.14,20.08,8.37,100.00,100.00,100.00,46.63,68.10,53.16,56.88,36.05,38.00,31.25,38.55,62.38,2.60,57.22,8.20
TLS,Timor-Leste,East Asia & Pacific,2019,Emerging,40.82,49.12,32.72,56.15,30.75,76.26,27.99,37.13,14.43,17.38,100.00,49.34,60.67,58.44,36.88,6.23,96.50,95.00,47.39,,4.13,12.44,67.41,35.85,39.04,,,28.65,11.03,17.84,0.22,23.23,11.53,100.00,100.00,100.00,49.34,68.10,53.24,75.07,41.82,38.46,37.69,31.19,67.67,2.60,51.28,6.23
TLS,Timor-Leste,East Asia & Pacific,2020,Emerging,46.19,55.30,45.42,57.38,31.60,84.94,34.74,37.13,15.26,48.28,100.00,52.69,60.71,58.73,38.44,4.26,96.50,95.00,69.09,,6.07,16.72,81.44,35.85,39.04,,,29.47,11.85,18.67,1.04,54.13,42.43,100.00,100.00,100.00,52.69,68.10,53.31,68.50,48.97,38.22,44.12,33.11,71.30,2.51,49.99,4.26
TLS,Timor-Leste,East Asia & Pacific,2021,Emerging,46.60,51.19,48.61,62.10,30.52,81.24,31.92,29.64,24.84,46.68,100.00,55.61,60.75,69.95,37.08,4.26,96.50,95.00,83.98,0.00,4.47,12.07,79.21,35.85,39.04,0.00,0.00,39.06,21.44,28.25,10.63,52.54,40.83,100.00,100.00,100.00,55.61,68.10,53.39,84.72,55.19,37.96,41.72,31.75,71.18,3.01,41.31,4.26
TLS,Timor-Leste,East Asia & Pacific,2022,Emerging,48.48,52.34,55.54,62.47,30.40,83.65,32.39,29.64,42.22,46.63,100.00,58.03,60.75,68.64,36.94,4.26,96.50,95.00,90.00,0.00,4.20,12.58,80.39,35.85,39.04,0.00,0.00,63.10,32.15,52.30,21.35,52.49,40.78,100.00,100.00,100.00,58.03,68.10,53.39,77.83,59.45,38.37,39.31,26.25,69.73,5.49,50.40,4.26
TLS,Timor-Leste,East Asia & Pacific,2023,Emerging,47.88,55.57,48.42,60.31,32.38,85.65,38.45,29.64,33.68,37.37,100.00,60.41,60.75,59.78,39.41,4.26,96.50,95.00,95.00,0.00,6.88,22.21,86.26,35.85,39.04,0.00,0.00,54.55,23.60,43.75,12.80,43.23,31.52,100.00,100.00,100.00,60.41,68.10,53.39,64.47,55.08,38.51,39.31,42.16,67.21,6.39,46.28,4.26
TLS,Timor-Leste,East Asia & Pacific,2024,Emerging,48.72,57.60,46.30,63.82,33.10,85.96,43.22,29.64,29.28,36.46,100.00,61.94,60.75,68.77,37.17,16.82,96.50,95.39,95.39,0.00,11.58,29.73,88.37,35.85,39.04,0.00,0.00,40.39,28.13,29.57,19.04,42.32,30.61,100.00,100.00,100.00,61.94,68.10,53.39,78.48,59.07,38.03,34.06,42.33,58.92,8.41,42.30,16.82
TON,Tonga,East Asia & Pacific,2014,Emerging,43.11,20.04,52.33,73.48,44.84,39.33,2.13,17.30,37.72,50.29,85.63,38.07,82.36,100.00,53.85,8.80,86.00,45.33,10.00,,2.57,3.81,0.00,25.71,4.67,,,40.13,39.74,44.65,26.35,57.54,43.03,84.78,72.12,100.00,38.07,97.00,67.71,100.00,100.00,80.52,34.65,22.56,82.47,51.36,30.00,8.80
TON,Tonga,East Asia & Pacific,2015,Transitioner,50.48,34.96,51.61,74.41,48.38,60.52,18.23,17.30,37.99,48.21,85.63,40.40,82.83,100.00,56.58,15.60,86.00,86.86,21.44,,23.89,29.17,1.62,25.71,4.67,,,53.25,39.69,32.61,26.41,55.40,41.01,84.78,72.12,100.00,40.40,97.00,68.67,100.00,100.00,82.27,35.80,33.05,83.31,51.36,30.00,15.60
TON,Tonga,East Asia & Pacific,2016,Transitioner,54.12,39.10,56.57,75.31,51.49,71.01,18.09,17.30,40.80,57.80,85.63,42.61,83.31,100.00,58.76,22.40,92.00,90.39,41.14,,16.74,37.53,0.00,25.71,4.67,,,58.49,39.04,40.00,25.65,65.06,50.55,84.78,72.12,100.00,42.61,97.00,69.62,100.00,100.00,82.64,36.96,40.73,85.59,51.36,30.00,22.40
TON,Tonga,East Asia & Pacific,2017,Transitioner,58.40,48.05,56.73,76.30,55.94,83.07,28.40,17.30,42.08,56.92,85.63,44.51,84.39,100.00,62.63,29.20,95.00,94.06,66.12,,17.51,33.24,34.45,25.71,4.67,,,54.74,43.39,40.22,29.98,64.18,49.65,84.78,72.12,100.00,44.51,98.20,70.58,100.00,100.00,82.82,42.09,51.29,91.65,51.36,30.00,29.20
TON,Tonga,East Asia & Pacific,2018,Transitioner,60.68,54.59,57.23,77.21,56.19,89.75,38.08,17.30,46.64,53.62,85.63,46.16,85.47,100.00,65.04,20.80,98.00,95.00,80.37,,19.85,37.79,56.60,25.71,4.67,,,54.55,48.06,49.12,34.81,60.80,46.44,84.78,72.12,100.00,46.16,99.40,71.53,100.00,100.00,82.94,47.22,59.97,92.34,51.36,30.00,20.80
TON,Tonga,East Asia & Pacific,2019,Transitioner,61.44,54.43,59.84,76.42,57.24,93.60,33.83,17.30,53.13,53.66,85.63,47.48,81.77,100.00,66.33,20.88,98.00,95.00,90.00,,11.37,33.39,56.72,25.71,4.67,,,58.36,58.36,47.89,47.89,59.33,47.99,84.78,72.12,100.00,47.48,91.05,72.49,100.00,100.00,85.79,42.44,63.44,94.85,51.36,30.00,20.88
TON,Tonga,East Asia & Pacific,2020,Transitioner,61.79,56.53,56.53,77.04,59.22,95.80,36.87,17.30,44.25,54.27,85.63,48.86,82.25,100.00,68.79,20.95,99.00,95.00,95.00,,9.71,28.65,72.26,25.71,4.67,,,49.49,49.49,39.00,39.00,59.95,48.59,84.78,72.12,100.00,48.86,91.05,73.44,100.00,100.00,86.62,37.65,72.16,98.71,52.63,30.00,20.95
TON,Tonga,East Asia & Pacific,2021,Transitioner,60.71,51.73,56.87,77.86,59.30,85.90,36.30,14.26,44.48,54.88,85.63,50.85,82.72,100.00,68.89,20.95,99.00,95.00,95.00,0.00,10.52,29.58,68.81,25.71,4.67,0.00,0.00,49.73,49.73,39.23,39.23,60.58,49.19,84.78,72.12,100.00,50.85,91.05,74.40,100.00,100.00,87.62,35.31,70.88,100.00,53.29,30.00,20.95
TON,Tonga,East Asia & Pacific,2022,Transitioner,57.21,42.36,56.72,78.40,56.86,85.90,12.88,14.26,44.33,54.67,85.63,52.48,82.72,100.00,65.84,20.95,99.00,95.00,95.00,0.00,9.17,29.47,0.00,25.71,4.67,0.00,0.00,49.61,49.61,39.04,39.04,60.39,48.94,84.78,72.12,100.00,52.48,91.05,74.40,100.00,100.00,88.35,32.96,59.15,100.00,50.20,30.00,20.95
TON,Tonga,East Asia & Pacific,2023,Transitioner,60.18,51.75,56.89,78.88,56.47,85.90,36.34,14.26,44.84,54.57,85.63,53.92,82.72,100.00,65.35,20.95,99.00,95.00,95.00,0.00,18.42,36.23,54.36,25.71,4.67,0.00,0.00,50.16,50.16,39.53,39.53,60.33,48.82,84.78,72.12,100.00,53.92,91.05,74.40,100.00,100.00,86.43,32.96,61.05,100.00,47.80,30.00,20.95
TON,Tonga,East Asia & Pacific,2024,Transitioner,64.17,62.60,57.86,78.20,59.86,87.10,62.28,14.26,46.08,55.76,85.63,55.68,82.72,96.19,66.38,33.79,99.00,95.00,95.00,12.00,46.35,74.01,66.46,25.71,4.67,0.00,0.00,51.31,51.31,40.85,40.85,61.43,50.10,84.78,72.12,100.00,55.68,91.05,74.40,100.00,92.37,86.20,32.20,60.60,100.00,53.99,30.00,33.79
TTO,Trinidad and Tobago,Latin America & Caribbean,2014,Emerging,49.58,26.00,60.00,72.23,53.64,49.33,2.96,25.43,49.67,63.46,73.72,47.87,75.99,92.83,61.90,20.60,100.00,73.33,0.00,,4.47,4.41,0.00,19.05,35.00,,,59.43,59.53,39.81,39.91,74.09,52.83,84.78,36.37,100.00,47.87,99.00,52.97,85.66,100.00,51.75,33.07,32.98,62.17,96.06,100.00,20.60
TTO,Trinidad and Tobago,Latin America & Caribbean,2015,Transitioner,55.67,35.13,67.99,72.37,55.57,55.44,19.34,26.10,69.90,63.23,73.71,47.85,76.43,92.83,65.21,17.00,100.00,88.61,0.00,,5.14,5.51,47.37,19.05,36.67,,,79.65,79.74,60.06,60.15,73.84,52.62,84.78,36.36,100.00,47.85,99.00,53.85,85.66,100.00,54.03,42.98,38.23,66.25,96.06,100.00,17.00
TTO,Trinidad and Tobago,Latin America & Caribbean,2016,Transitioner,56.18,40.61,56.08,76.29,57.31,62.00,26.48,26.10,41.58,58.73,79.80,59.18,76.87,92.83,68.29,13.40,100.00,95.00,10.00,,6.91,8.54,63.99,19.05,36.67,,,51.41,51.51,31.65,31.75,69.43,48.02,94.44,44.96,100.00,59.18,99.00,54.74,85.66,100.00,54.49,52.90,46.13,68.30,96.06,100.00,13.40
TTO,Trinidad and Tobago,Latin America & Caribbean,2017,Transitioner,63.95,57.08,66.69,76.63,57.34,94.00,35.65,26.10,68.93,57.89,79.80,61.18,77.32,91.40,69.22,9.80,100.00,95.00,90.00,,11.96,20.66,74.32,19.05,36.67,,,78.79,78.89,58.97,59.07,68.62,47.15,94.44,44.96,100.00,61.18,99.00,55.64,85.66,97.14,54.01,58.39,46.93,69.92,96.06,100.00,9.80
TTO,Trinidad and Tobago,Latin America & Caribbean,2018,Transitioner,64.76,64.69,58.25,78.34,59.59,95.60,46.22,39.81,47.37,57.48,81.54,63.39,77.77,93.86,69.79,18.80,100.00,95.00,94.00,,20.79,35.60,82.28,41.90,36.67,,,57.45,57.54,37.19,37.29,68.45,46.51,92.48,52.15,100.00,63.39,99.00,56.55,87.71,100.00,54.40,63.89,48.93,67.61,96.06,100.00,18.80
TTO,Trinidad and Tobago,Latin America & Caribbean,2019,Transitioner,64.05,66.00,52.61,79.46,60.99,95.60,49.50,39.81,32.75,57.38,82.79,65.26,78.23,94.88,71.11,20.49,100.00,95.00,94.00,,22.88,40.21,85.42,41.90,36.67,,,47.16,38.56,26.94,18.35,68.33,46.43,94.44,53.94,100.00,65.26,99.00,57.46,89.76,100.00,53.79,62.54,55.82,68.61,96.06,100.00,20.49
TTO,Trinidad and Tobago,Latin America & Caribbean,2020,Advanced,66.27,75.17,51.18,80.38,62.36,95.60,69.57,45.52,29.90,56.64,82.79,66.53,78.69,95.90,72.41,22.18,100.00,95.00,94.00,,49.71,70.80,88.20,51.43,36.67,,,44.84,39.91,19.89,14.96,70.16,43.13,94.44,53.92,100.00,66.53,99.00,58.38,91.81,100.00,53.89,61.18,60.90,70.60,96.06,100.00,22.18
TTO,Trinidad and Tobago,Latin America & Caribbean,2021,Advanced,66.60,66.38,57.07,81.64,63.59,85.60,61.99,36.71,37.58,63.72,82.78,68.82,79.16,96.93,73.95,22.18,100.00,95.00,94.00,0.00,34.67,60.97,90.33,51.43,36.67,0.00,0.00,50.01,47.04,28.12,25.15,75.57,51.86,94.44,53.90,100.00,68.82,99.00,59.32,93.86,100.00,54.24,55.05,71.02,70.89,96.06,100.00,22.18
TTO,Trinidad and Tobago,Latin America & Caribbean,2022,Advanced,68.06,66.28,63.32,82.57,61.92,85.60,61.74,36.71,45.96,70.95,82.77,70.60,79.16,97.95,71.86,22.18,100.00,95.00,94.00,0.00,31.58,62.55,91.10,51.43,36.67,0.00,0.00,56.02,56.02,35.90,35.90,81.85,60.06,94.44,53.88,100.00,70.60,99.00,59.32,95.90,100.00,54.16,48.92,65.11,69.51,96.06,100.00,22.18
TTO,Trinidad and Tobago,Latin America & Caribbean,2023,Advanced,67.01,67.41,59.57,83.50,60.12,85.60,64.58,36.71,43.75,63.80,82.79,72.36,79.16,98.98,69.61,22.18,100.00,95.00,94.00,0.00,36.86,65.83,91.04,51.43,36.67,0.00,0.00,53.81,53.81,33.69,33.69,74.69,52.90,94.44,53.91,100.00,72.36,99.00,59.32,97.95,100.00,53.78,48.92,54.21,68.55,97.05,100.00,22.18
TTO,Trinidad and Tobago,Latin America & Caribbean,2024,Advanced,69.55,69.73,59.67,83.50,67.33,86.00,69.96,36.71,44.06,63.72,82.79,73.74,79.16,97.59,70.11,56.22,100.00,96.00,94.00,0.00,44.15,74.00,91.74,51.43,36.67,0.00,0.00,54.23,53.34,34.11,34.58,74.62,52.83,94.44,53.91,100.00,73.74,99.00,59.32,100.00,95.18,53.26,59.99,56.70,65.49,95.11,100.00,56.22
TUN,Tunisia,Middle East & North Africa,2014,Emerging,43.37,29.78,40.59,64.23,45.57,55.00,4.54,29.83,36.09,42.68,45.41,57.94,69.40,65.36,43.74,52.90,99.00,88.00,0.00,,6.15,7.49,0.00,33.05,25.00,,,42.71,42.71,29.48,29.48,49.85,35.51,40.63,73.73,21.88,57.94,79.00,59.80,74.36,56.36,42.23,63.78,31.32,64.54,17.27,62.88,52.90
TUN,Tunisia,Middle East & North Africa,2015,Emerging,46.82,36.52,41.52,64.52,49.12,57.80,18.59,29.83,40.37,40.73,45.41,59.00,69.19,65.36,47.66,54.97,99.00,95.00,0.00,,7.02,8.24,40.53,33.05,25.00,,,46.99,46.99,33.75,33.75,47.90,33.56,40.63,73.73,21.88,59.00,79.12,59.26,74.36,56.36,46.53,67.76,35.28,68.77,17.27,73.11,54.97
TUN,Tunisia,Middle East & North Africa,2016,Transitioner,54.91,51.53,46.43,72.00,52.77,72.60,30.74,50.97,49.89,43.74,44.89,70.15,69.57,76.29,51.70,57.03,99.00,97.00,35.00,,11.82,13.44,66.97,61.62,35.00,,,56.51,56.51,43.27,43.27,50.90,36.57,40.63,72.16,21.88,70.15,79.24,59.91,96.21,56.36,47.04,71.74,47.67,71.68,17.27,78.01,57.03
TUN,Tunisia,Middle East & North Africa,2017,Transitioner,58.08,61.50,45.50,73.47,55.37,89.40,38.87,50.97,50.95,41.31,42.98,72.36,70.39,77.67,54.43,59.10,99.00,99.00,75.00,,14.00,19.09,83.52,61.62,35.00,,,57.56,57.56,44.33,44.33,48.48,34.14,37.60,68.85,22.48,72.36,79.36,61.42,69.30,86.05,51.33,76.15,53.91,74.29,17.27,74.57,59.10
TUN,Tunisia,Middle East & North Africa,2018,Transitioner,60.47,67.24,51.25,70.96,54.68,97.17,45.45,50.97,79.31,44.51,8.65,73.73,70.63,68.52,54.95,53.60,99.00,99.00,94.43,,20.18,30.29,85.88,61.62,35.00,,,85.92,85.92,72.69,72.69,51.67,37.34,25.94,0.00,0.00,73.73,79.48,61.79,68.63,68.42,51.63,80.56,57.54,72.41,17.27,71.24,53.60
TUN,Tunisia,Middle East & North Africa,2019,Transitioner,59.96,71.86,43.03,72.34,57.80,98.02,55.15,52.97,52.41,50.83,8.65,74.73,71.58,70.73,54.77,69.92,99.00,99.00,96.56,,27.63,50.62,87.19,61.62,40.00,,,65.12,53.03,51.79,39.70,58.05,43.61,25.94,0.00,0.00,74.73,81.00,62.15,71.89,69.57,51.88,71.46,58.48,73.33,17.27,74.34,69.92
TUN,Tunisia,Middle East & North Africa,2020,Transitioner,59.83,74.78,39.04,70.91,61.89,98.02,62.44,52.97,51.79,41.48,8.65,75.74,72.43,64.55,55.81,86.23,99.00,99.00,96.56,,34.42,63.74,89.15,61.62,40.00,,,64.34,52.57,51.01,39.24,48.70,34.26,25.94,0.00,0.00,75.74,82.34,62.52,73.53,55.57,52.62,62.35,65.67,74.25,16.55,77.53,86.23
TUN,Tunisia,Middle East & North Africa,2021,Transitioner,60.93,66.69,44.07,76.08,61.65,88.56,56.75,42.81,58.63,47.23,8.65,77.05,73.29,77.91,55.50,86.23,99.00,99.00,97.64,0.00,24.47,55.90,89.89,61.62,40.00,0.00,0.00,76.87,53.72,63.54,40.39,54.45,40.01,25.94,0.00,0.00,77.05,83.68,62.89,75.18,80.65,52.95,61.33,64.88,74.43,17.21,74.73,86.23
TUN,Tunisia,Middle East & North Africa,2022,Transitioner,61.78,69.04,46.31,75.13,60.65,88.70,62.49,42.81,60.56,50.89,8.65,78.13,73.93,73.33,54.26,86.23,99.00,99.00,98.00,0.00,25.78,70.80,90.89,61.62,40.00,0.00,0.00,77.79,56.66,64.46,43.33,58.11,43.67,25.94,0.00,0.00,78.13,84.96,62.89,74.36,72.31,53.23,60.31,57.54,74.33,17.31,77.46,86.23
TUN,Tunisia,Middle East & North Africa,2023,Transitioner,63.47,71.92,47.66,78.49,60.33,89.10,69.29,42.81,62.18,52.64,8.65,79.26,74.57,81.64,53.86,86.23,99.00,99.50,98.50,0.00,33.93,81.79,92.14,61.62,40.00,0.00,0.00,79.41,58.28,66.08,44.95,59.86,45.42,25.94,0.00,0.00,79.26,86.25,62.89,85.51,77.78,53.44,60.31,56.20,73.96,17.45,76.15,86.23
TUN,Tunisia,Middle East & North Africa,2024,Advanced,67.28,76.20,46.49,84.24,68.65,89.11,70.78,61.20,57.57,54.33,8.65,79.83,74.57,98.33,65.34,81.93,99.00,99.50,98.52,0.00,37.35,83.25,91.75,75.90,40.00,75.00,0.00,70.11,60.19,56.78,43.21,61.55,47.11,25.94,0.00,0.00,79.83,86.25,62.89,100.00,96.67,53.30,59.51,57.13,68.77,81.91,71.65,81.93
TUR,Turkey,Middle East & North Africa,2014,Transitioner,53.64,38.37,50.56,65.60,65.04,56.85,19.65,38.86,81.14,45.27,0.00,56.17,86.45,54.17,65.13,64.70,98.00,93.12,0.00,,10.85,9.96,38.16,33.14,47.43,,,96.61,83.28,78.99,65.66,54.82,35.73,0.00,0.00,0.00,56.17,95.00,77.91,53.90,54.43,62.18,55.91,40.57,76.31,81.27,74.75,64.70
TUR,Turkey,Middle East & North Africa,2015,Transitioner,62.76,68.89,50.51,66.64,66.90,90.80,48.92,65.00,83.19,43.08,0.00,57.01,88.75,54.17,68.00,62.50,98.00,98.00,80.00,,36.14,47.88,62.73,61.71,69.93,,,98.97,85.64,80.74,67.41,52.96,33.21,0.00,0.00,0.00,57.01,96.00,81.50,53.90,54.43,62.60,58.03,44.81,80.54,81.27,83.51,62.50
TUR,Turkey,Middle East & North Africa,2016,Advanced,65.84,79.50,47.63,72.56,68.42,91.90,74.34,65.00,69.37,46.23,6.94,73.14,90.37,54.17,70.45,60.30,98.51,98.00,82.50,,51.64,88.55,82.83,61.71,69.93,,,85.09,71.76,66.98,53.65,56.04,36.42,20.83,0.00,0.00,73.14,96.00,84.75,53.90,54.43,62.85,60.15,51.50,83.30,81.27,86.50,60.30
TUR,Turkey,Middle East & North Africa,2017,Advanced,69.68,83.67,47.75,84.95,69.44,95.13,81.53,65.00,72.21,43.93,6.49,76.45,92.05,86.35,72.28,58.10,99.67,98.00,90.00,,59.62,97.41,87.57,61.71,69.93,,,88.24,74.91,69.50,56.17,54.08,33.79,19.47,0.00,0.00,76.45,96.00,88.10,89.36,83.33,62.89,74.52,53.37,85.35,81.27,82.50,58.10
TUR,Turkey,Middle East & North Africa,2018,Advanced,72.96,84.63,51.31,86.24,75.66,97.26,81.82,65.00,75.65,51.48,2.29,79.15,93.67,85.90,73.25,85.30,99.84,98.23,95.00,,59.55,96.83,89.06,61.71,69.93,,,91.50,78.17,73.14,59.81,61.42,41.53,6.87,0.00,0.00,79.15,96.50,90.85,100.00,71.79,63.11,88.89,52.92,83.50,81.27,82.00,85.30
TUR,Turkey,Middle East & North Africa,2019,Advanced,70.65,85.19,42.01,88.41,78.76,97.14,83.34,65.00,61.43,41.63,3.92,81.43,94.96,88.83,75.60,91.40,99.69,98.00,95.00,,60.55,100.00,89.47,61.71,69.93,,,74.23,67.76,55.11,48.64,51.99,31.27,11.75,0.00,0.00,81.43,97.00,92.93,85.66,92.00,63.25,87.39,63.64,84.16,81.27,84.00,91.40
TUR,Turkey,Middle East & North Africa,2020,Advanced,74.00,84.87,48.26,89.35,81.95,97.14,82.52,65.00,67.33,50.68,5.30,82.26,95.69,90.11,78.07,97.49,99.70,98.00,95.00,,58.37,99.18,90.02,61.71,69.93,,,78.45,74.93,59.72,56.20,60.83,40.53,15.90,0.00,0.00,82.26,97.00,94.38,86.67,93.55,63.61,85.88,69.98,85.44,86.37,84.00,97.49
TUR,Turkey,Middle East & North Africa,2021,Advanced,73.41,73.79,51.84,90.46,83.93,89.17,69.39,51.84,83.00,46.60,0.00,83.17,96.07,92.15,80.54,97.49,99.70,99.00,99.00,0.00,40.41,79.08,88.68,61.71,69.93,0.00,0.00,92.62,92.62,73.37,73.37,57.03,36.18,0.00,0.00,0.00,83.17,97.00,95.14,93.20,91.11,63.69,85.94,79.95,86.50,84.36,90.50,97.49
TUR,Turkey,Middle East & North Africa,2022,Advanced,76.99,74.47,60.96,93.39,82.87,89.18,71.09,51.84,95.59,56.81,0.00,83.97,97.41,98.80,79.21,97.49,99.75,99.00,99.00,0.00,40.06,83.01,90.20,61.71,69.93,0.00,0.00,100.00,100.00,97.65,84.70,67.10,46.53,0.00,0.00,0.00,83.97,97.00,97.83,100.00,97.59,63.63,86.00,72.36,86.73,84.83,91.00,97.49
TUR,Turkey,Middle East & North Africa,2023,Advanced,77.85,77.52,64.22,89.99,81.98,89.66,78.23,51.84,97.91,62.64,0.00,84.65,97.41,87.92,78.11,97.49,99.76,99.60,99.60,0.00,52.62,92.19,89.89,61.71,69.93,0.00,0.00,100.00,100.00,100.00,91.66,72.93,52.36,0.00,0.00,0.00,84.65,97.00,97.83,96.53,79.31,65.65,86.00,66.41,85.83,84.89,89.50,97.49
TUR,Turkey,Middle East & North Africa,2024,Advanced,76.32,80.13,56.34,90.38,83.17,89.75,84.67,51.84,62.08,65.87,25.80,84.91,97.41,88.82,78.96,100.00,99.85,99.70,99.70,0.00,64.33,98.99,90.68,61.71,69.93,0.00,0.00,75.83,69.87,56.83,45.80,76.16,55.58,45.06,0.00,32.34,84.91,97.00,97.83,93.20,84.44,66.33,92.25,67.37,82.23,87.50,90.48,100.00
TZA,Tanzania,Sub-Saharan Africa,2014,Discoverer,28.75,30.98,29.46,34.67,21.59,37.77,3.06,73.24,36.35,22.67,29.28,32.47,49.33,22.22,21.84,20.60,83.00,26.46,26.46,,3.34,5.84,0.00,67.62,81.67,,,49.26,39.44,33.25,23.43,31.34,14.00,20.37,67.47,0.00,32.47,78.00,20.66,44.44,0.00,20.51,29.92,3.87,33.88,21.76,28.41,20.60
TZA,Tanzania,Sub-Saharan Africa,2015,Discoverer,30.39,32.43,29.68,35.55,24.94,39.94,4.52,73.24,38.32,21.25,29.28,36.08,48.34,22.22,25.10,24.30,89.00,27.67,27.67,,4.10,7.19,2.26,67.62,81.67,,,51.24,41.41,35.23,25.41,29.92,12.58,20.37,67.47,0.00,36.08,78.00,18.67,44.44,0.00,22.19,43.58,4.11,38.14,21.76,35.03,24.30
TZA,Tanzania,Sub-Saharan Africa,2016,Discoverer,33.64,39.88,32.37,35.00,28.32,40.31,22.78,73.24,40.41,25.89,29.28,33.86,47.34,23.81,28.40,28.00,90.00,28.10,27.67,,7.72,12.28,48.34,67.62,81.67,,,53.33,43.50,37.32,27.49,34.56,17.22,20.37,67.47,0.00,33.86,78.00,16.69,47.62,0.00,22.96,57.25,7.59,42.97,21.76,36.19,28.00
TZA,Tanzania,Sub-Saharan Africa,2017,Emerging,37.23,45.94,33.08,42.11,30.01,48.00,31.96,69.81,41.83,26.24,29.28,35.35,46.47,44.50,29.59,31.70,92.00,46.00,28.00,,8.04,15.43,72.40,61.90,81.67,,,54.74,44.92,38.73,28.91,34.91,17.57,20.37,67.47,0.00,35.35,78.00,14.94,70.25,18.75,23.35,56.75,7.52,47.57,21.76,38.72,31.70
TZA,Tanzania,Sub-Saharan Africa,2018,Emerging,39.06,48.48,34.05,38.55,36.58,50.80,33.45,73.90,41.85,29.09,28.37,36.71,47.49,31.45,29.67,64.20,94.00,52.00,28.00,,9.59,16.96,73.79,80.95,63.33,,,54.77,44.95,38.76,28.94,37.76,20.42,20.37,64.73,0.00,36.71,78.00,16.97,62.90,0.00,23.63,56.25,7.46,47.49,21.76,39.81,64.20
TZA,Tanzania,Sub-Saharan Africa,2019,Emerging,39.50,53.15,27.62,41.06,40.38,61.07,34.85,73.90,26.35,28.50,28.43,37.77,48.76,36.65,31.13,77.39,94.00,64.18,41.50,,10.07,18.66,75.81,80.95,63.33,,,43.82,24.88,27.82,8.87,37.17,19.83,20.37,64.91,0.00,37.77,78.00,19.52,47.37,25.93,24.03,55.77,7.34,51.25,21.76,46.78,77.39
TZA,Tanzania,Sub-Saharan Africa,2020,Emerging,42.31,55.40,33.25,39.92,43.58,67.40,34.14,73.90,29.02,40.17,27.86,38.93,50.04,30.80,31.84,90.58,95.00,70.00,51.00,,10.04,17.17,75.20,80.95,63.33,,,44.77,29.29,28.76,13.28,48.84,31.50,20.37,63.22,0.00,38.93,78.00,22.07,42.15,19.45,24.92,55.29,8.52,53.42,21.76,45.83,90.58
TZA,Tanzania,Sub-Saharan Africa,2021,Emerging,43.12,48.02,36.68,44.99,43.64,57.90,32.42,59.48,31.97,39.66,40.12,40.22,51.29,43.47,31.90,90.58,95.00,70.00,51.00,0.00,6.31,14.06,76.89,80.95,63.33,0.00,0.00,45.55,34.40,29.54,18.39,48.33,30.99,20.37,100.00,0.00,40.22,78.00,24.59,36.94,50.00,25.09,51.15,9.31,53.53,21.76,48.48,90.58
TZA,Tanzania,Sub-Saharan Africa,2022,Emerging,44.98,53.92,38.66,45.92,42.76,60.59,33.83,80.74,34.26,42.31,40.12,41.57,49.64,46.55,30.80,90.58,95.00,72.00,55.00,2.85,7.37,16.25,77.88,90.48,93.33,50.00,0.00,48.93,35.60,32.92,19.59,50.98,33.64,20.37,100.00,0.00,41.57,78.00,21.28,74.36,18.75,25.75,47.00,7.37,54.16,21.76,42.96,90.58
TZA,Tanzania,Sub-Saharan Africa,2023,Emerging,44.00,61.96,30.11,47.21,42.57,76.56,37.97,80.74,28.77,38.98,15.06,42.53,49.64,49.45,30.57,90.58,95.00,86.00,79.00,10.57,12.04,23.20,78.67,90.48,93.33,50.00,0.00,40.67,32.88,24.67,16.87,47.65,30.31,20.37,24.81,0.00,42.53,78.00,21.28,67.87,31.03,25.95,47.00,8.15,52.73,21.76,41.54,90.58
TZA,Tanzania,Sub-Saharan Africa,2024,Emerging,45.46,65.55,27.78,53.81,43.57,83.40,40.10,80.74,23.29,38.64,15.06,43.71,49.64,68.09,29.64,99.27,98.00,91.00,88.00,20.00,16.52,26.63,77.17,90.48,93.33,50.00,0.00,38.00,24.91,21.99,8.27,47.31,29.97,20.37,24.81,0.00,43.71,78.00,21.28,92.50,43.69,25.98,47.91,9.53,46.98,23.05,37.40,99.27
UGA,Uganda,Sub-Saharan Africa,2014,Discoverer,32.72,29.33,28.91,47.36,28.53,40.60,6.63,52.19,29.04,26.14,34.17,31.54,53.61,56.94,21.69,55.90,91.00,50.00,6.00,,7.97,10.56,1.35,54.76,48.33,,,45.80,30.02,28.06,12.27,35.75,16.53,28.79,73.73,0.00,31.54,69.10,38.12,59.60,54.29,20.36,14.96,3.68,38.06,25.35,27.05,55.90
UGA,Uganda,Sub-Saharan Africa,2015,Emerging,35.70,39.06,27.66,48.20,31.18,41.66,26.70,58.57,31.29,20.77,34.17,33.82,53.84,56.94,25.19,55.13,91.00,50.00,8.64,,11.21,15.74,53.16,64.29,50.00,,,48.05,32.27,30.31,14.53,30.38,11.16,28.79,73.73,0.00,33.82,69.10,38.57,59.60,54.29,21.97,32.48,3.94,41.92,25.35,33.12,55.13
UGA,Uganda,Sub-Saharan Africa,2016,Emerging,36.45,40.93,30.40,43.12,32.91,47.52,21.51,66.57,31.83,27.08,34.17,33.71,54.06,41.59,27.55,54.37,91.00,62.94,10.37,,11.23,14.50,38.79,64.29,70.00,,,48.60,32.81,30.86,15.07,36.69,17.47,28.79,73.73,0.00,33.71,69.10,39.03,28.89,54.29,21.70,50.00,5.58,44.53,25.35,31.19,54.37
UGA,Uganda,Sub-Saharan Africa,2017,Emerging,37.90,46.61,31.89,40.57,34.20,50.00,33.24,66.57,36.10,26.54,34.17,35.56,56.14,30.01,29.36,53.60,93.00,68.13,10.37,,11.60,16.13,72.00,64.29,70.00,,,52.86,37.07,35.12,19.33,36.15,16.93,28.79,73.73,0.00,35.56,72.80,39.49,38.97,21.05,23.27,53.47,6.37,47.58,25.35,34.93,53.60
UGA,Uganda,Sub-Saharan Africa,2018,Emerging,37.27,50.71,22.11,47.63,36.13,56.72,36.76,66.57,37.73,17.55,0.00,37.22,58.22,47.44,29.64,62.10,93.00,73.75,21.56,,12.72,20.74,76.81,64.29,70.00,,,54.38,38.59,36.88,21.09,27.03,8.07,0.00,0.00,0.00,37.22,76.50,39.95,54.34,40.54,23.55,56.94,5.45,46.31,25.35,38.14,62.10
UGA,Uganda,Sub-Saharan Africa,2019,Emerging,35.98,54.49,20.13,40.30,37.91,62.84,40.10,66.57,20.69,29.64,0.00,38.60,58.46,23.84,30.88,66.04,98.00,84.60,23.49,,14.88,24.24,81.17,64.29,70.00,,,40.01,18.88,22.50,1.38,39.12,20.16,0.00,0.00,0.00,38.60,76.50,40.41,42.72,4.96,23.69,57.59,5.58,48.51,25.35,44.94,66.04
UGA,Uganda,Sub-Saharan Africa,2020,Emerging,39.37,57.40,22.98,45.64,39.90,70.99,39.22,66.57,20.75,36.71,0.00,40.07,58.69,38.15,32.38,69.98,98.00,88.02,40.45,,13.62,21.24,82.81,64.29,70.00,,,39.40,19.60,21.90,2.10,46.19,27.23,0.00,0.00,0.00,40.07,76.50,40.88,53.58,22.71,23.76,58.24,7.38,52.17,27.27,44.43,69.98
UGA,Uganda,Sub-Saharan Africa,2021,Emerging,42.34,54.96,28.91,50.94,39.69,71.08,38.16,56.29,29.59,37.89,9.60,41.66,58.92,52.22,32.12,69.98,98.00,90.50,62.70,0.00,10.27,19.28,84.94,64.29,70.00,21.00,0.00,53.82,22.87,36.32,5.37,47.37,28.41,28.79,0.00,0.00,41.66,76.50,41.35,64.44,40.00,23.98,54.97,5.90,53.97,27.18,44.18,69.98
UGA,Uganda,Sub-Saharan Africa,2022,Emerging,44.76,59.39,30.45,57.63,38.51,78.60,41.73,56.29,31.44,39.89,9.60,43.28,58.92,70.67,30.64,69.98,98.00,92.00,80.00,0.00,14.46,28.16,82.56,64.29,70.00,21.00,0.00,55.66,24.71,38.16,7.21,49.37,30.41,28.79,0.00,0.00,43.28,76.50,41.35,87.50,53.85,24.14,51.69,4.28,53.18,28.58,34.40,69.98
UGA,Uganda,Sub-Saharan Africa,2023,Emerging,42.05,65.70,26.77,45.67,38.91,81.01,48.85,68.80,37.02,25.11,9.60,44.47,58.92,33.63,31.14,69.98,98.00,92.40,85.00,2.50,21.86,40.50,84.19,73.81,83.33,46.00,0.00,56.95,34.59,39.45,17.08,34.59,15.63,28.79,0.00,0.00,44.47,76.50,41.35,61.68,5.57,23.65,51.69,5.28,51.19,32.77,33.94,69.98
UGA,Uganda,Sub-Saharan Africa,2024,Emerging,43.88,66.52,25.21,53.54,41.30,84.44,47.47,68.80,29.75,26.21,14.10,45.55,58.92,56.14,30.85,83.10,99.00,94.60,88.00,15.00,21.02,36.63,84.74,73.81,83.33,46.00,0.00,45.07,33.48,27.56,12.91,35.69,16.73,34.62,0.00,7.69,45.55,76.50,41.35,81.77,30.51,24.39,60.69,4.67,45.18,33.44,32.51,83.10
UKR,Ukraine,Europe & Central Asia,2014,Transitioner,54.10,34.60,54.80,83.64,54.01,52.80,18.70,30.00,71.33,40.66,50.00,85.53,82.01,83.37,58.69,35.30,99.90,82.05,0.00,,7.03,8.29,40.79,33.33,25.00,,,75.81,75.81,66.85,66.85,45.51,35.80,42.16,66.67,41.18,85.53,99.00,65.02,92.83,73.91,60.73,26.77,34.13,73.75,86.20,50.49,35.30
UKR,Ukraine,Europe & Central Asia,2015,Transitioner,55.44,40.73,49.37,84.02,55.91,55.50,27.33,38.00,63.73,34.70,50.00,86.66,82.02,83.37,59.83,40.23,99.90,88.81,0.00,,10.55,11.98,59.47,33.33,45.00,,,68.52,68.52,58.93,58.93,39.89,29.51,42.16,66.67,41.18,86.66,99.00,65.03,92.83,73.91,60.18,42.73,27.14,76.88,86.20,54.74,40.23
UKR,Ukraine,Europe & Central Asia,2016,Transitioner,57.36,43.37,52.88,80.25,58.84,56.56,32.86,38.00,70.90,36.29,50.00,75.76,78.02,86.96,62.25,45.17,99.90,90.00,1.44,,12.84,15.21,70.53,33.33,45.00,,,75.62,75.62,66.19,66.19,41.40,31.19,42.16,66.67,41.18,75.76,99.00,57.04,100.00,73.91,60.48,58.70,25.11,79.15,86.20,61.95,45.17
UKR,Ukraine,Europe & Central Asia,2017,Transitioner,58.60,44.95,55.61,79.59,59.27,56.98,36.39,38.00,75.03,38.98,50.00,79.07,77.55,82.15,61.57,50.10,99.90,90.00,2.50,,13.93,17.30,77.94,33.33,45.00,,,80.02,80.02,70.04,70.04,44.39,33.58,42.16,66.67,41.18,79.07,99.00,56.11,96.30,68.00,60.56,57.82,21.32,81.37,86.20,58.93,50.10
UKR,Ukraine,Europe & Central Asia,2018,Advanced,66.33,57.79,62.31,84.65,63.49,78.98,43.82,43.33,78.66,52.13,50.00,81.92,77.69,94.34,62.84,66.10,99.90,90.00,57.50,,19.29,31.66,80.53,33.33,58.33,,,83.57,83.57,73.74,73.74,57.45,46.81,42.16,66.67,41.18,81.92,99.00,56.38,100.00,88.68,60.59,56.94,29.33,79.57,86.20,60.14,66.10
UKR,Ukraine,Europe & Central Asia,2019,Transitioner,64.71,62.77,51.67,81.27,66.53,86.60,48.66,43.33,72.66,31.50,50.00,84.25,77.58,81.97,66.66,66.02,99.90,90.00,76.55,,22.76,43.64,79.60,33.33,58.33,,,82.89,72.42,72.91,62.43,36.91,26.09,42.16,66.67,41.18,84.25,99.00,56.16,100.00,63.93,60.66,62.59,41.82,79.98,86.20,66.70,66.02
UKR,Ukraine,Europe & Central Asia,2020,Advanced,68.71,65.27,55.55,87.57,70.21,90.38,51.12,43.33,69.88,44.00,50.00,84.90,77.82,100.00,71.28,65.93,99.90,90.00,86.00,,25.87,45.94,81.54,33.33,58.33,,,83.54,65.82,73.95,56.23,49.19,38.81,42.16,66.67,41.18,84.90,99.00,56.64,100.00,100.00,61.08,68.24,56.67,80.97,89.40,68.30,65.93
UKR,Ukraine,Europe & Central Asia,2021,Advanced,68.83,58.87,59.06,88.79,72.69,82.23,47.87,34.17,70.85,51.82,50.00,88.99,77.39,100.00,74.39,65.93,99.90,90.30,90.30,0.00,19.76,40.79,83.06,33.33,58.33,0.00,0.00,85.73,65.54,76.15,55.96,57.01,46.62,42.16,66.67,41.18,88.99,99.00,55.78,100.00,100.00,61.81,74.86,64.99,81.89,89.00,73.60,65.93
UKR,Ukraine,Europe & Central Asia,2022,Advanced,67.82,58.80,55.22,88.48,73.65,85.19,44.74,34.17,63.22,49.84,50.00,88.94,76.49,100.00,75.58,65.93,99.90,94.00,94.00,0.00,17.33,38.23,78.65,33.33,58.33,0.00,0.00,68.01,68.01,58.43,58.43,55.03,44.65,42.16,66.67,41.18,88.94,99.00,53.99,100.00,100.00,62.81,81.48,68.87,82.29,88.86,68.68,65.93
UKR,Ukraine,Europe & Central Asia,2023,Advanced,69.40,61.01,59.98,87.09,72.78,85.59,49.86,34.17,69.98,54.96,50.00,84.77,76.49,100.00,74.49,65.93,99.90,94.50,94.50,0.00,22.00,45.44,82.13,33.33,58.33,0.00,0.00,74.77,74.77,65.19,65.19,60.16,49.77,42.16,66.67,41.18,84.77,99.00,53.99,100.00,100.00,62.88,81.48,63.31,81.63,88.88,70.05,65.93
UKR,Ukraine,Europe & Central Asia,2024,Advanced,69.25,63.21,54.43,87.41,76.48,86.79,51.52,39.42,54.36,56.70,50.00,85.73,76.49,100.00,74.62,83.94,99.90,96.00,96.00,0.00,24.82,46.89,82.84,33.33,75.83,0.00,0.00,65.11,52.68,55.53,44.12,61.90,51.51,42.16,66.67,41.18,85.73,99.00,53.99,100.00,100.00,61.35,98.54,55.05,78.93,91.38,74.21,83.94
URY,Uruguay,Latin America & Caribbean,2014,Advanced,66.96,41.98,75.35,89.12,71.31,79.68,10.35,29.81,72.47,83.75,64.29,82.70,84.66,100.00,73.69,61.80,100.00,85.41,63.79,,7.81,11.00,12.26,28.57,31.67,,,87.95,74.62,70.33,57.00,93.30,74.21,59.84,33.02,100.00,82.70,98.00,71.32,100.00,100.00,63.82,85.04,46.51,77.90,97.45,80.50,61.80
URY,Uruguay,Latin America & Caribbean,2015,Advanced,70.43,53.64,75.97,82.45,73.25,88.00,31.19,29.81,74.16,83.61,64.29,62.02,85.32,100.00,75.87,62.77,100.00,92.45,77.54,,17.56,29.07,46.95,28.57,31.67,,,89.64,76.31,72.01,58.68,93.16,74.07,59.84,33.02,100.00,62.02,99.00,71.64,100.00,100.00,65.02,81.29,52.81,80.82,97.45,85.18,62.77
URY,Uruguay,Latin America & Caribbean,2016,Advanced,73.61,61.40,76.34,82.71,75.74,93.20,45.41,29.81,75.77,82.95,64.29,62.82,85.32,100.00,78.74,63.73,100.00,95.00,88.00,,24.05,45.30,66.87,28.57,31.67,,,91.12,77.79,73.74,60.41,92.37,73.53,59.84,33.02,100.00,62.82,99.00,71.63,100.00,100.00,65.51,77.54,64.37,82.85,97.45,89.50,63.73
URY,Uruguay,Latin America & Caribbean,2017,Advanced,76.98,70.35,77.70,82.82,77.58,93.20,53.74,57.86,77.28,84.83,64.29,65.42,86.19,96.86,80.80,64.70,100.00,95.00,88.00,,27.68,56.62,76.93,71.43,37.50,,,92.46,79.13,75.43,62.10,94.05,75.60,59.84,33.02,100.00,65.42,99.00,73.38,96.38,97.33,65.74,83.21,70.08,84.90,97.45,88.50,64.70
URY,Uruguay,Latin America & Caribbean,2018,Advanced,75.42,72.96,66.59,84.83,78.52,93.20,60.27,57.86,60.63,73.70,64.29,67.63,86.87,100.00,81.13,68.10,100.00,95.00,88.00,,34.38,67.12,79.33,71.43,37.50,,,69.26,69.26,52.00,52.00,83.05,64.35,59.84,33.02,100.00,67.63,99.00,74.73,100.00,100.00,66.09,88.89,70.02,83.66,97.45,88.00,68.10
URY,Uruguay,Latin America & Caribbean,2019,Advanced,78.08,76.93,70.30,85.34,80.53,93.20,65.19,67.86,66.07,77.53,64.29,69.37,86.64,100.00,82.76,71.63,100.00,95.00,88.00,,40.52,74.16,80.90,71.43,62.50,,,82.13,67.41,64.74,50.02,86.94,68.11,59.84,33.02,100.00,69.37,99.00,74.27,100.00,100.00,66.33,86.51,77.14,84.14,97.45,91.00,71.63
URY,Uruguay,Latin America & Caribbean,2020,Advanced,79.66,78.23,72.86,86.16,82.01,93.20,68.44,67.86,69.54,80.48,64.29,71.19,87.29,100.00,83.73,75.15,100.00,95.00,88.00,,45.18,75.29,84.86,71.43,62.50,,,89.44,67.26,71.82,49.64,90.02,70.93,59.84,33.02,100.00,71.19,99.00,75.57,100.00,100.00,66.90,84.12,82.83,84.73,97.36,89.50,75.15
URY,Uruguay,Latin America & Caribbean,2021,Advanced,77.48,69.35,71.80,87.09,83.11,88.80,57.34,54.46,71.81,75.56,64.29,73.77,87.49,100.00,85.10,75.15,100.00,99.00,98.00,0.00,29.84,57.00,85.16,71.43,62.50,0.00,0.00,88.46,72.90,70.72,55.16,85.17,65.95,59.84,33.02,100.00,73.77,99.00,75.97,100.00,100.00,67.39,80.27,90.05,84.80,97.37,91.50,75.15
URY,Uruguay,Latin America & Caribbean,2022,Advanced,77.75,69.92,72.21,88.70,81.62,88.80,58.11,55.80,75.19,73.18,64.29,75.73,90.37,100.00,83.24,75.15,100.00,99.00,98.00,0.00,34.77,54.33,85.23,71.43,62.50,0.00,26.67,88.45,79.67,70.71,61.93,82.79,63.57,59.84,33.02,100.00,75.73,99.00,81.74,100.00,100.00,67.43,76.41,80.33,85.34,97.63,94.50,75.15
URY,Uruguay,Latin America & Caribbean,2023,Leader,80.85,79.25,75.48,88.63,80.57,90.81,73.80,67.05,73.85,82.72,64.29,77.67,90.37,97.85,81.93,75.15,100.00,99.00,99.00,16.05,67.54,67.14,86.73,71.43,62.50,75.00,26.67,84.15,81.29,66.41,63.55,92.33,73.11,59.84,33.02,100.00,77.67,99.00,81.74,100.00,95.70,67.69,76.41,71.89,84.09,100.00,95.50,75.15
URY,Uruguay,Latin America & Caribbean,2024,Leader,81.41,80.90,71.29,89.67,84.94,91.46,77.27,67.05,62.62,83.45,64.29,78.64,90.37,100.00,82.50,94.70,99.00,100.00,99.00,19.56,76.79,67.78,87.24,71.43,62.50,75.00,26.67,75.54,67.75,57.80,49.39,93.06,73.85,59.84,33.02,100.00,78.64,99.00,81.74,100.00,100.00,67.85,88.32,75.36,81.09,100.00,88.10,94.70
USA,United States of America,North America,2014,Advanced,78.93,65.55,84.42,82.11,85.40,98.78,28.93,72.32,81.13,86.06,87.73,66.84,87.67,91.83,86.15,82.40,99.90,99.00,98.00,,16.42,25.57,44.82,63.81,85.08,,,90.24,90.24,72.01,72.01,95.93,76.18,98.43,100.00,64.75,66.84,99.00,76.34,85.96,97.70,85.43,94.49,49.49,100.00,98.60,100.00,82.40
USA,United States of America,North America,2015,Leader,80.56,69.10,85.18,82.91,86.32,99.18,37.41,72.32,81.58,87.51,87.73,69.26,87.64,91.83,86.51,85.57,99.90,99.00,99.00,,20.84,33.68,57.69,63.81,85.08,,,90.63,90.63,72.52,72.52,97.32,77.70,98.43,100.00,64.75,69.26,99.00,76.27,85.96,97.70,85.28,93.62,51.85,100.00,98.60,100.00,85.57
USA,United States of America,North America,2016,Leader,82.93,72.61,85.59,86.57,87.93,99.18,46.20,72.32,82.18,88.78,86.04,76.60,87.76,95.34,87.73,88.73,99.90,99.00,99.00,,26.77,42.80,69.02,63.81,85.08,,,91.23,91.23,73.12,73.12,98.59,78.97,96.71,100.00,61.40,76.60,99.00,76.52,92.98,97.70,85.82,92.75,57.84,100.00,98.60,100.00,88.73
USA,United States of America,North America,2017,Leader,84.02,78.44,79.92,89.09,89.23,99.18,50.76,92.32,69.41,87.40,85.99,79.23,88.03,100.00,88.56,91.90,99.90,99.00,99.00,,32.81,46.58,72.90,97.14,85.08,,,78.59,78.59,60.23,60.23,97.35,77.46,96.55,100.00,61.42,79.23,99.00,77.05,100.00,100.00,85.93,95.68,60.43,100.00,98.60,100.00,91.90
USA,United States of America,North America,2018,Leader,86.12,80.79,85.10,89.33,89.58,99.17,56.64,92.32,72.93,96.83,85.99,81.73,88.02,98.25,88.82,92.60,99.90,99.00,98.98,,42.03,51.74,76.15,97.14,85.08,,,82.17,82.17,63.69,63.69,100.00,93.66,96.55,100.00,61.42,81.73,99.00,77.05,96.49,100.00,86.18,98.61,60.02,100.00,98.60,100.00,92.60
USA,United States of America,North America,2019,Leader,85.66,83.85,80.73,87.06,91.35,99.18,64.28,92.32,61.60,97.22,85.99,82.92,87.92,90.35,90.11,96.30,99.90,99.00,99.00,,53.39,62.35,77.11,97.14,85.08,,,72.12,69.56,53.64,51.08,100.00,94.44,96.55,100.00,61.42,82.92,99.00,76.85,89.69,91.01,86.45,96.66,67.18,100.00,98.60,100.00,96.30
USA,United States of America,North America,2020,Leader,88.13,86.13,85.72,88.41,92.44,99.18,69.98,92.32,71.31,100.00,85.99,83.51,87.90,93.82,90.54,100.00,99.90,99.00,99.00,,67.54,62.35,80.05,97.14,85.08,,,88.09,71.80,70.83,54.53,100.00,100.00,96.55,100.00,61.42,83.51,99.00,76.80,96.53,91.11,86.63,94.71,69.33,100.00,99.40,100.00,100.00
USA,United States of America,North America,2021,Leader,88.33,83.37,85.96,90.60,93.75,98.59,65.24,89.22,75.01,96.90,85.99,83.93,87.87,100.00,92.19,100.00,99.90,99.00,99.00,94.00,60.50,52.56,82.65,97.14,85.08,67.50,100.00,90.01,76.68,73.33,60.00,100.00,93.80,96.55,100.00,61.42,83.93,99.00,76.74,100.00,100.00,86.94,93.88,77.92,100.00,99.16,100.00,100.00
USA,United States of America,North America,2022,Leader,89.79,90.84,85.47,90.49,92.50,98.99,80.71,94.77,77.62,93.06,85.99,84.34,87.13,100.00,90.63,100.00,99.90,99.00,99.00,98.00,96.98,60.68,84.47,97.14,89.83,95.00,100.00,91.71,81.89,73.35,63.53,100.00,86.12,96.55,100.00,61.42,84.34,99.00,75.26,100.00,100.00,87.15,93.04,70.79,100.00,98.69,100.00,100.00
USA,United States of America,North America,2023,Leader,90.57,92.16,87.21,90.60,92.39,98.99,84.02,94.77,82.32,92.72,85.99,84.67,87.13,100.00,90.49,100.00,99.90,99.00,99.00,98.00,100.00,68.03,84.02,97.14,89.83,95.00,100.00,100.00,82.96,81.97,64.35,100.00,85.43,96.55,100.00,61.42,84.67,99.00,75.26,100.00,100.00,87.03,93.04,68.91,100.00,100.00,100.00,100.00
USA,United States of America,North America,2024,Leader,88.92,93.04,80.14,90.43,92.70,98.96,86.25,94.77,64.20,93.16,85.99,85.25,87.13,98.92,90.92,99.86,99.70,98.98,98.98,98.10,100.00,74.06,84.69,97.14,89.83,95.00,100.00,73.11,75.07,54.50,54.12,100.00,86.31,96.55,100.00,61.42,85.25,99.00,75.26,100.00,97.85,86.56,91.36,72.49,100.00,99.85,100.00,99.86
UZB,Uzbekistan,Europe & Central Asia,2014,Emerging,35.20,32.04,28.89,58.35,28.42,36.76,10.03,66.65,20.57,23.86,55.56,57.28,71.26,46.51,31.86,14.70,97.80,42.00,1.00,,6.21,9.14,14.73,60.29,76.20,,,36.63,18.24,22.91,4.52,31.30,16.43,66.67,0.00,100.00,57.28,100.00,42.51,47.57,45.45,25.62,44.88,0.91,42.73,62.68,9.77,14.70
UZB,Uzbekistan,Europe & Central Asia,2015,Emerging,41.72,39.07,42.02,58.39,31.59,40.78,23.57,66.65,50.28,26.99,55.56,57.31,71.36,46.51,34.73,19.03,97.80,43.04,10.00,,9.47,12.27,48.96,60.29,76.20,,,66.33,47.94,52.61,34.22,34.42,19.56,66.67,0.00,100.00,57.31,100.00,42.71,47.57,45.45,28.32,56.86,1.12,47.60,62.68,11.02,19.03
UZB,Uzbekistan,Europe & Central Asia,2016,Emerging,41.13,42.20,33.63,58.45,34.50,44.48,27.69,66.65,28.81,27.50,55.56,59.90,71.46,43.99,37.28,23.37,98.00,45.30,16.90,,13.31,16.94,52.82,60.29,76.20,,,44.86,26.48,31.15,12.76,34.93,20.06,66.67,0.00,100.00,59.90,100.00,42.92,42.53,45.45,29.88,68.84,1.80,52.05,62.68,11.18,23.37
UZB,Uzbekistan,Europe & Central Asia,2017,Emerging,44.69,53.79,35.28,56.57,37.16,66.88,34.27,66.65,27.01,22.30,77.78,62.37,71.81,35.54,39.53,27.70,98.40,75.00,43.00,,11.35,18.64,72.83,60.29,76.20,,,43.06,24.68,29.35,10.96,29.73,14.87,66.67,66.67,100.00,62.37,100.00,43.62,29.41,41.67,34.94,74.01,2.48,55.16,62.68,10.76,27.70
UZB,Uzbekistan,Europe & Central Asia,2018,Emerging,49.66,55.85,44.30,53.36,46.05,71.22,35.08,66.65,54.12,17.75,77.78,64.39,72.27,23.41,40.91,66.60,98.40,75.50,53.36,,13.02,20.77,71.44,60.29,76.20,,,70.59,51.36,56.88,37.64,25.18,10.32,66.67,66.67,100.00,64.39,100.00,44.54,14.81,32.00,37.06,79.17,3.06,56.49,62.68,11.38,66.60
UZB,Uzbekistan,Europe & Central Asia,2019,Emerging,49.70,60.58,31.34,66.85,48.09,80.42,34.85,72.37,38.31,20.15,39.80,65.96,72.86,61.72,42.89,68.86,98.60,80.70,71.04,,12.43,23.92,68.20,69.81,76.20,,,53.63,36.72,39.91,23.00,27.58,12.72,34.62,84.78,0.00,65.96,100.00,45.71,46.97,76.47,38.15,78.71,9.57,58.98,62.68,11.47,68.86
UZB,Uzbekistan,Europe & Central Asia,2020,Transitioner,53.79,65.81,34.35,70.28,52.68,86.78,37.28,80.94,51.73,16.62,35.05,66.31,73.63,70.89,48.08,71.11,99.20,87.35,80.00,,13.08,24.29,74.47,84.10,76.20,,,73.07,44.12,59.35,30.40,24.05,9.19,20.37,84.78,0.00,66.31,100.00,47.26,71.93,69.86,39.55,78.24,13.42,63.10,79.43,11.51,71.11
UZB,Uzbekistan,Europe & Central Asia,2021,Transitioner,61.85,63.04,57.34,75.94,53.31,78.56,39.47,79.16,61.82,61.63,39.80,66.72,72.59,88.52,48.86,71.11,99.30,90.00,80.00,6.28,11.36,23.90,83.15,84.10,86.20,75.00,0.00,76.68,60.67,62.96,46.95,69.06,54.20,34.62,84.78,0.00,66.72,100.00,45.18,96.88,80.15,40.59,76.32,17.96,64.59,76.97,12.02,71.11
UZB,Uzbekistan,Europe & Central Asia,2022,Transitioner,62.80,67.15,55.63,77.45,53.76,83.12,41.12,87.30,65.85,47.42,51.59,67.10,72.39,92.87,49.42,71.11,99.40,93.00,86.00,15.79,13.35,26.75,83.25,98.38,89.53,75.00,0.00,82.26,62.40,69.31,49.45,54.43,40.41,50.00,84.78,20.00,67.10,100.00,44.78,99.32,86.42,41.70,74.40,15.33,66.33,80.42,12.22,71.11
UZB,Uzbekistan,Europe & Central Asia,2023,Transitioner,63.59,72.90,51.49,78.66,55.38,87.68,48.10,92.94,70.29,29.38,58.10,67.56,72.39,96.04,51.45,71.11,99.50,96.00,92.00,25.29,21.72,37.95,84.63,100.00,93.13,100.00,0.00,85.92,69.28,71.30,54.66,37.30,21.46,59.84,96.43,18.03,67.56,100.00,44.78,100.00,92.08,42.68,74.40,24.56,65.71,81.13,11.89,71.11
UZB,Uzbekistan,Europe & Central Asia,2024,Advanced,68.00,77.84,56.89,80.46,60.02,90.84,57.30,92.94,62.19,31.23,97.62,68.86,74.44,98.09,52.72,89.20,99.50,97.00,97.00,32.87,37.11,48.30,86.49,100.00,93.13,100.00,0.00,78.71,55.87,64.09,50.08,39.15,23.31,96.43,96.43,100.00,68.86,100.00,48.89,100.00,96.18,43.27,76.48,32.44,63.27,80.62,11.58,89.20
VCT,Saint Vincent and the Grenadines,Latin America & Caribbean,2014,Emerging,44.61,29.01,42.32,74.28,43.43,37.20,17.82,35.01,30.72,41.45,67.27,47.20,75.64,100.00,54.29,0.00,100.00,43.00,0.00,,8.56,9.11,35.79,48.67,14.53,,,51.12,32.55,25.33,13.87,51.57,31.33,81.03,20.78,100.00,47.20,88.00,63.27,100.00,100.00,91.33,15.75,37.49,80.62,4.13,100.00,0.00
VCT,Saint Vincent and the Grenadines,Latin America & Caribbean,2015,Emerging,46.51,29.78,45.50,74.75,46.22,48.97,7.98,35.01,35.88,44.22,67.27,47.84,76.40,100.00,56.20,6.30,100.00,72.42,0.00,,6.95,7.50,9.47,48.67,14.53,,,53.50,41.76,24.11,24.17,53.75,34.69,81.03,20.78,100.00,47.84,88.00,64.80,100.00,100.00,94.46,22.73,43.31,77.76,4.13,100.00,6.30
VCT,Saint Vincent and the Grenadines,Latin America & Caribbean,2016,Emerging,49.64,33.45,46.72,77.24,50.30,51.36,14.77,35.01,39.36,43.81,67.27,54.64,77.07,100.00,59.73,12.60,100.00,78.39,0.00,,14.38,10.73,19.21,48.67,14.53,,,50.49,42.39,38.78,25.80,52.79,34.83,81.03,20.78,100.00,54.64,88.00,66.15,100.00,100.00,95.05,29.71,53.90,80.71,4.13,100.00,12.60
VCT,Saint Vincent and the Grenadines,Latin America & Caribbean,2017,Transitioner,51.73,38.30,43.82,78.26,54.52,53.94,24.31,35.01,31.78,44.14,67.27,56.94,77.85,100.00,63.43,18.90,100.00,84.85,0.00,,13.95,18.47,40.53,48.67,14.53,,,43.84,31.73,35.40,16.14,52.58,35.69,81.03,20.78,100.00,56.94,88.00,67.70,100.00,100.00,95.27,37.43,57.87,91.14,4.13,100.00,18.90
VCT,Saint Vincent and the Grenadines,Latin America & Caribbean,2018,Transitioner,55.94,49.95,44.42,79.19,55.72,78.00,29.37,35.01,32.06,45.36,67.27,58.92,78.64,100.00,65.43,16.90,100.00,90.00,55.00,,18.29,26.71,43.11,48.67,14.53,,,43.61,34.40,30.71,19.52,53.42,37.30,81.03,20.78,100.00,58.92,88.00,69.28,100.00,100.00,97.37,45.14,59.94,93.14,4.13,100.00,16.90
VCT,Saint Vincent and the Grenadines,Latin America & Caribbean,2019,Transitioner,58.45,59.71,43.27,79.97,56.48,85.29,46.48,35.01,27.92,46.62,67.27,60.46,79.44,100.00,66.97,14.54,100.00,90.00,73.22,,35.97,48.36,55.12,48.67,14.53,,,34.93,34.93,20.91,20.91,54.21,39.03,81.03,20.78,100.00,60.46,88.00,70.88,100.00,100.00,98.01,46.10,62.84,96.80,4.13,100.00,14.54
VCT,Saint Vincent and the Grenadines,Latin America & Caribbean,2020,Transitioner,59.59,64.18,41.66,80.75,58.40,91.60,51.34,35.01,24.39,46.11,67.27,62.00,80.25,100.00,69.95,12.18,100.00,90.00,89.00,,38.97,58.61,56.45,48.67,14.53,,,31.09,31.09,17.70,17.70,53.36,38.86,81.03,20.78,100.00,62.00,88.00,72.51,100.00,100.00,98.67,47.06,73.91,99.68,3.96,100.00,12.18
VCT,Saint Vincent and the Grenadines,Latin America & Caribbean,2021,Transitioner,58.80,58.40,41.77,81.77,59.93,82.00,49.66,28.69,23.93,46.86,67.27,64.22,81.08,100.00,71.86,12.18,100.00,90.00,90.00,0.00,24.84,47.31,76.84,48.67,14.53,0.00,0.00,30.62,30.62,17.24,17.24,54.11,39.61,81.03,20.78,100.00,64.22,88.00,74.16,100.00,100.00,98.63,46.16,83.61,100.00,3.99,100.00,12.18
VCT,Saint Vincent and the Grenadines,Latin America & Caribbean,2022,Transitioner,60.62,62.27,45.41,82.32,58.00,83.60,57.74,28.69,25.63,54.25,67.27,65.87,81.08,100.00,69.46,12.18,100.00,92.00,92.00,0.00,31.78,54.36,87.08,48.67,14.53,0.00,0.00,32.31,32.31,18.94,18.94,61.49,47.01,81.03,20.78,100.00,65.87,88.00,74.16,100.00,100.00,98.93,45.26,71.80,100.00,3.94,100.00,12.18
VCT,Saint Vincent and the Grenadines,Latin America & Caribbean,2023,Transitioner,61.40,65.74,45.91,82.83,56.84,83.60,66.40,28.69,24.84,56.30,67.27,67.42,81.08,100.00,68.01,12.18,100.00,92.00,92.00,0.00,45.84,66.11,87.24,48.67,14.53,0.00,0.00,31.51,31.51,18.16,18.16,63.54,49.07,81.03,20.78,100.00,67.42,88.00,74.16,100.00,100.00,99.04,45.26,59.69,100.00,8.66,100.00,12.18
VCT,Saint Vincent and the Grenadines,Latin America & Caribbean,2024,Transitioner,61.97,64.49,46.88,83.34,58.53,86.00,60.88,28.69,25.58,57.99,67.27,68.93,81.08,100.00,66.52,26.55,100.00,95.00,95.00,0.00,37.37,58.73,86.55,48.67,14.53,0.00,0.00,32.24,32.24,18.92,18.92,65.20,50.77,81.03,20.78,100.00,68.93,88.00,74.16,100.00,100.00,98.76,39.06,59.35,94.93,10.01,100.00,26.55
VEN,Venezuela,Latin America & Caribbean,2014,Emerging,49.90,32.50,47.68,77.10,51.88,67.15,1.81,24.61,21.96,58.69,77.09,53.68,77.62,100.00,59.70,20.60,96.00,95.00,24.88,,2.97,2.45,0.00,16.57,36.67,,,38.76,27.48,14.18,7.41,71.40,45.98,96.43,34.85,100.00,53.68,97.00,58.24,100.00,100.00,55.42,55.12,25.03,52.20,96.52,83.50,20.60
VEN,Venezuela,Latin America & Caribbean,2015,Emerging,44.28,37.72,24.90,76.35,53.60,75.76,6.23,24.61,6.86,16.83,77.09,51.59,77.47,100.00,60.46,26.13,96.00,95.00,46.40,,5.86,6.78,6.04,16.57,36.67,,,15.37,8.96,3.11,0.00,27.67,5.99,96.43,34.85,100.00,51.59,97.00,57.94,100.00,100.00,56.05,49.30,27.42,56.73,96.52,81.91,26.13
VEN,Venezuela,Latin America & Caribbean,2016,Emerging,42.09,47.79,15.42,75.14,56.71,84.32,22.84,24.61,0.00,0.00,77.09,48.11,77.32,100.00,62.97,31.67,96.00,95.00,67.79,,8.13,9.83,50.58,16.57,36.67,,,0.00,0.00,0.00,0.00,0.00,0.00,96.43,34.85,100.00,48.11,97.00,57.64,100.00,100.00,56.21,43.48,35.89,59.76,96.52,89.45,31.67
VEN,Venezuela,Latin America & Caribbean,2017,Emerging,41.86,52.84,15.42,66.54,56.65,90.16,29.63,24.61,0.00,0.00,77.09,50.53,77.17,71.93,61.52,37.20,96.00,95.00,82.40,,9.99,17.76,61.14,16.57,36.67,,,0.00,0.00,0.00,0.00,0.00,0.00,96.43,34.85,100.00,50.53,97.00,57.34,57.81,86.05,50.94,42.22,33.12,62.65,96.52,86.50,37.20
VEN,Venezuela,Latin America & Caribbean,2018,Emerging,43.25,53.15,15.42,76.41,55.88,92.40,28.16,24.61,0.00,0.00,77.09,52.20,77.02,100.00,60.99,35.40,96.00,95.00,88.00,,9.36,18.91,56.20,16.57,36.67,,,0.00,0.00,0.00,0.00,0.00,0.00,96.43,34.85,100.00,52.20,97.00,57.04,100.00,100.00,51.41,40.97,32.99,60.19,96.52,86.75,35.40
VEN,Venezuela,Latin America & Caribbean,2019,Emerging,43.21,52.01,16.02,76.60,54.64,92.40,25.33,24.61,1.80,4.47,67.54,53.09,76.71,100.00,60.49,31.23,96.00,95.00,88.00,,8.79,18.48,48.72,16.57,36.67,,,7.21,0.00,0.00,0.00,8.94,0.00,81.03,21.58,100.00,53.09,97.00,56.42,100.00,100.00,48.62,36.37,34.03,60.72,96.52,88.75,31.23
VEN,Venezuela,Latin America & Caribbean,2020,Emerging,48.64,55.44,24.08,76.90,54.54,92.40,33.89,24.61,10.04,16.39,67.54,54.29,76.40,100.00,61.41,27.06,96.00,95.00,88.00,,10.36,22.94,68.36,16.57,36.67,,,27.32,7.93,4.91,0.00,22.35,10.42,81.03,21.58,100.00,54.29,97.00,55.80,100.00,100.00,47.60,31.76,42.77,61.06,96.21,87.00,27.06
VEN,Venezuela,Latin America & Caribbean,2021,Transitioner,53.44,50.12,37.92,77.35,55.51,82.80,32.85,19.29,28.72,32.30,67.54,55.95,76.09,100.00,62.62,27.06,96.00,95.00,88.00,0.00,6.26,16.48,75.81,16.57,36.67,0.00,0.00,47.43,29.42,25.95,12.09,35.76,28.84,81.03,21.58,100.00,55.95,97.00,55.19,100.00,100.00,47.33,31.16,48.13,61.45,95.87,89.50,27.06
VEN,Venezuela,Latin America & Caribbean,2022,Transitioner,58.16,50.71,52.81,76.39,55.93,82.80,34.32,19.29,50.04,48.21,67.54,57.29,76.09,95.78,63.15,27.06,96.00,95.00,88.00,0.00,6.90,19.05,77.03,16.57,36.67,0.00,0.00,67.55,50.91,46.98,34.71,49.17,47.26,81.03,21.58,100.00,57.29,97.00,55.19,91.56,100.00,47.13,30.56,50.39,61.72,96.23,90.00,27.06
VEN,Venezuela,Latin America & Caribbean,2023,Transitioner,60.05,51.79,57.19,78.36,56.01,82.80,37.02,19.29,48.93,60.26,67.54,59.00,76.09,100.00,63.25,27.06,96.00,95.00,88.00,0.00,11.32,25.44,74.31,16.57,36.67,0.00,0.00,64.36,58.67,43.80,28.91,73.27,47.25,81.03,21.58,100.00,59.00,97.00,55.19,100.00,100.00,46.92,30.56,47.84,61.48,100.00,89.50,27.06
VEN,Venezuela,Latin America & Caribbean,2024,Transitioner,60.53,53.18,54.43,79.01,58.70,82.60,40.71,19.29,48.46,53.86,67.54,60.95,76.09,100.00,63.25,40.50,94.00,95.00,88.00,0.00,15.29,31.76,75.09,16.57,36.67,0.00,0.00,62.85,56.97,42.29,31.71,68.04,39.67,81.03,21.58,100.00,60.95,97.00,55.19,100.00,100.00,46.16,35.76,50.51,57.40,100.00,88.57,40.50
VNM,Vietnam,East Asia & Pacific,2014,Transitioner,50.51,24.56,69.74,74.84,50.76,40.08,2.38,37.89,73.06,51.29,100.00,66.80,72.24,85.49,55.35,32.40,94.00,53.19,0.00,,2.96,4.19,0.00,33.14,45.00,,,85.08,75.25,70.86,61.04,58.99,43.59,100.00,100.00,100.00,66.80,95.00,49.47,83.74,87.23,52.91,41.73,26.17,74.95,77.47,48.75,32.40
VNM,Vietnam,East Asia & Pacific,2015,Transitioner,53.27,32.20,69.10,68.85,52.59,46.69,14.87,37.89,73.61,49.13,100.00,48.64,72.42,85.49,58.29,29.77,94.00,69.72,0.00,,3.43,4.87,36.32,33.14,45.00,,,85.63,75.81,71.42,61.59,56.83,41.43,100.00,100.00,100.00,48.64,95.00,49.84,83.74,87.23,54.08,49.49,31.30,79.69,77.47,48.35,29.77
VNM,Vietnam,East Asia & Pacific,2016,Transitioner,58.38,40.33,71.85,72.05,55.64,51.73,30.16,37.89,75.06,54.56,100.00,58.60,72.60,84.96,62.76,27.13,94.00,77.32,5.00,,9.13,10.30,71.05,33.14,45.00,,,87.24,77.41,72.72,62.89,62.42,46.69,100.00,100.00,100.00,58.60,95.00,50.21,82.68,87.23,54.29,57.25,43.81,82.44,77.47,54.39,27.13
VNM,Vietnam,East Asia & Pacific,2017,Advanced,65.80,61.62,73.54,72.01,57.45,95.00,40.10,37.89,76.71,57.14,100.00,62.27,72.79,80.96,65.69,24.50,95.00,95.00,95.00,,14.79,21.22,84.30,33.14,45.00,,,88.88,79.06,74.36,64.54,65.00,49.27,100.00,100.00,100.00,62.27,95.00,50.58,77.01,84.91,52.49,65.43,52.92,82.29,77.47,61.15,24.50
VNM,Vietnam,East Asia & Pacific,2018,Transitioner,64.57,63.65,61.03,65.04,68.83,95.90,44.27,37.89,66.90,35.67,100.00,65.61,72.98,56.52,68.71,69.30,99.50,95.00,95.00,,18.37,30.51,83.94,33.14,45.00,,,80.93,67.60,66.21,52.88,43.64,27.69,100.00,100.00,100.00,65.61,95.00,50.96,60.32,52.73,52.90,73.61,60.83,80.78,77.47,69.50,69.30
VNM,Vietnam,East Asia & Pacific,2019,Advanced,69.39,65.77,65.62,74.00,72.58,95.92,49.57,37.89,60.96,53.09,100.00,68.99,73.67,79.35,70.23,81.95,99.60,95.00,95.00,,21.90,42.15,84.64,33.14,45.00,,,78.89,57.76,64.16,43.04,61.07,45.12,100.00,100.00,100.00,68.99,96.00,51.33,85.96,72.73,53.23,69.45,66.73,81.14,77.47,75.75,81.95
VNM,Vietnam,East Asia & Pacific,2020,Advanced,70.24,68.63,59.67,77.56,76.62,95.96,56.66,37.89,57.48,41.70,100.00,73.35,73.86,85.47,72.13,94.59,99.80,95.00,95.00,,29.34,54.28,86.37,33.14,45.00,,,69.68,60.53,54.43,45.28,49.96,33.44,100.00,100.00,100.00,73.35,96.00,51.71,87.21,83.73,53.57,65.29,73.29,81.75,79.53,79.75,94.59
VNM,Vietnam,East Asia & Pacific,2021,Advanced,70.88,62.66,64.31,80.26,78.05,87.58,54.03,30.07,68.74,42.03,100.00,76.90,74.04,89.84,73.92,94.59,99.80,97.00,97.00,0.00,22.23,51.95,87.92,33.14,45.00,0.00,0.00,88.15,64.06,73.42,49.33,50.00,34.05,100.00,100.00,100.00,76.90,96.00,52.09,88.45,91.23,53.78,65.07,77.79,82.56,78.95,87.94,94.59
VNM,Vietnam,East Asia & Pacific,2022,Advanced,71.74,65.43,66.14,80.06,76.44,88.38,60.17,30.07,70.94,44.41,100.00,79.62,74.04,86.51,71.90,94.59,99.80,98.00,98.00,0.00,27.94,63.11,89.46,33.14,45.00,0.00,0.00,90.35,66.26,75.63,51.53,52.39,36.44,100.00,100.00,100.00,79.62,96.00,52.09,89.69,83.33,53.80,64.84,68.85,81.71,78.48,88.50,94.59
VNM,Vietnam,East Asia & Pacific,2023,Advanced,72.86,68.86,64.73,82.61,76.56,88.39,68.72,30.07,66.35,45.48,100.00,82.65,74.04,91.12,72.05,94.59,99.90,98.00,98.00,0.00,39.84,77.11,89.21,33.14,45.00,0.00,0.00,73.71,73.71,58.99,58.99,53.46,37.50,100.00,100.00,100.00,82.65,96.00,52.09,96.53,85.71,54.50,64.84,70.39,81.33,78.35,86.50,94.59
VNM,Vietnam,East Asia & Pacific,2024,Advanced,74.44,75.38,60.07,85.71,79.11,89.36,77.80,42.57,53.65,46.51,100.00,83.09,74.04,100.00,73.95,99.74,99.90,97.96,97.96,10.00,55.38,87.94,90.09,33.14,61.67,50.00,0.00,68.72,52.22,54.00,39.67,54.49,38.53,100.00,100.00,100.00,83.09,96.00,52.09,100.00,100.00,54.61,70.81,73.86,79.23,83.84,85.58,99.74
VUT,Vanuatu,East Asia & Pacific,2014,Discoverer,33.79,17.96,39.26,62.61,29.54,35.47,1.94,14.99,7.46,42.54,96.30,35.86,61.57,90.39,33.26,14.70,93.00,42.17,0.00,,2.36,3.47,0.00,19.43,8.33,,,14.14,14.14,0.77,0.77,49.78,35.29,94.44,94.44,100.00,35.86,84.70,38.45,92.62,88.16,52.75,7.87,3.66,57.59,5.68,85.31,14.70
VUT,Vanuatu,East Asia & Pacific,2015,Emerging,35.35,20.22,38.88,63.18,31.42,40.50,2.55,14.99,9.10,39.95,96.30,38.59,62.37,88.58,35.71,14.27,93.00,54.75,0.00,,2.61,5.05,0.00,19.43,8.33,,,15.77,15.77,2.42,2.42,47.18,32.72,94.44,94.44,100.00,38.59,85.40,39.34,89.01,88.16,57.96,12.27,6.79,59.34,5.68,85.31,14.27
VUT,Vanuatu,East Asia & Pacific,2016,Emerging,41.14,31.51,43.18,61.49,34.23,54.06,17.21,14.99,9.13,50.69,96.30,37.62,63.17,83.68,39.33,13.83,93.00,70.93,17.72,,3.49,6.41,41.73,19.43,8.33,,,15.78,15.78,2.47,2.47,57.89,43.48,94.44,94.44,100.00,37.62,86.10,40.23,79.19,88.16,56.96,16.67,13.25,69.77,5.68,85.31,13.83
VUT,Vanuatu,East Asia & Pacific,2017,Emerging,44.27,41.06,43.25,58.09,37.23,63.94,31.23,14.99,10.48,49.48,96.30,39.23,63.79,71.26,43.19,13.40,95.00,76.85,35.50,,8.87,19.43,65.38,19.43,8.33,,,17.16,17.16,3.81,3.81,56.72,42.24,94.44,94.44,100.00,39.23,86.80,40.78,75.40,67.11,56.97,30.21,21.45,74.08,5.68,85.31,13.40
VUT,Vanuatu,East Asia & Pacific,2018,Emerging,48.39,46.47,51.66,60.31,37.86,77.71,30.97,14.99,38.44,45.78,89.86,40.63,64.42,75.87,44.87,9.80,98.00,83.19,62.09,,11.74,22.93,58.24,19.43,8.33,,,45.11,45.11,31.78,31.78,53.00,38.56,84.78,84.78,100.00,40.63,87.50,41.33,84.63,67.11,53.66,43.75,27.26,73.24,5.68,85.31,9.80
VUT,Vanuatu,East Asia & Pacific,2019,Emerging,48.38,50.73,44.57,62.69,38.65,84.44,34.90,14.99,23.17,43.32,89.86,41.80,64.74,81.55,45.47,11.34,98.00,90.04,72.07,,12.79,27.43,64.48,19.43,8.33,,,40.41,19.28,27.06,5.94,50.55,36.09,84.78,84.78,100.00,41.80,87.59,41.88,82.01,81.08,54.07,38.64,30.24,75.39,5.68,85.31,11.34
VUT,Vanuatu,East Asia & Pacific,2020,Transitioner,50.35,56.19,45.22,64.51,39.21,91.07,41.90,14.99,27.06,41.07,89.86,43.02,65.06,85.45,45.79,12.88,98.00,95.00,83.67,,17.91,32.71,75.09,19.43,8.33,,,41.35,26.12,28.00,12.77,48.30,33.84,84.78,84.78,100.00,43.02,87.68,42.43,86.28,84.62,53.37,33.53,34.18,75.93,6.04,85.31,12.88
VUT,Vanuatu,East Asia & Pacific,2021,Transitioner,50.10,55.09,43.60,66.39,39.51,83.80,47.83,12.21,25.71,38.37,89.86,44.72,65.38,89.07,46.17,12.88,98.00,95.00,90.00,0.00,20.86,45.55,77.07,19.43,8.33,0.00,0.00,32.38,32.38,19.05,19.05,45.59,31.15,84.78,84.78,100.00,44.72,87.78,42.98,93.53,84.62,53.46,37.91,33.73,75.71,6.41,85.19,12.88
VUT,Vanuatu,East Asia & Pacific,2022,Transitioner,53.50,58.57,50.57,70.63,39.15,84.60,55.73,12.21,35.16,46.33,89.86,46.19,65.70,100.00,45.72,12.88,98.00,96.00,91.00,0.00,23.35,57.12,86.71,19.43,8.33,0.00,0.00,41.84,41.84,28.48,28.48,53.56,39.09,84.78,84.78,100.00,46.19,87.87,43.53,100.00,100.00,53.32,42.28,27.39,77.33,6.33,86.17,12.88
VUT,Vanuatu,East Asia & Pacific,2023,Transitioner,53.89,58.32,52.37,68.18,40.50,85.00,54.68,12.21,36.17,49.82,89.86,47.50,65.74,91.28,47.41,12.88,98.00,96.00,92.00,0.00,21.51,63.18,79.36,19.43,8.33,0.00,0.00,42.84,42.84,29.50,29.50,57.05,42.60,84.78,84.78,100.00,47.50,87.96,43.53,88.01,94.56,52.38,42.28,35.50,76.40,8.72,85.86,12.88
VUT,Vanuatu,East Asia & Pacific,2024,Transitioner,58.79,62.63,51.02,70.94,52.69,87.40,63.07,12.21,32.65,49.98,89.86,49.29,65.74,97.78,48.55,69.29,98.00,97.00,97.00,0.00,32.89,70.28,86.03,19.43,8.33,0.00,0.00,43.22,36.65,29.91,20.83,57.18,42.77,84.78,84.78,100.00,49.29,87.96,43.53,98.65,96.92,53.87,47.69,37.29,74.57,9.64,87.03,69.29
WSM,Samoa,East Asia & Pacific,2014,Emerging,42.58,24.17,38.13,70.87,50.32,49.43,2.33,17.30,32.31,30.18,65.70,40.19,72.42,100.00,58.50,17.60,97.00,75.08,0.00,,3.49,3.51,0.00,25.71,4.67,,,41.68,30.51,37.93,19.10,36.36,24.00,84.78,12.32,100.00,40.19,99.00,45.84,100.00,100.00,100.00,24.41,17.76,76.74,50.40,70.76,17.60
WSM,Samoa,East Asia & Pacific,2015,Emerging,43.85,26.34,37.13,73.06,51.75,54.52,2.67,17.30,31.37,28.60,65.70,46.62,72.56,100.00,61.36,13.33,97.00,87.81,0.00,,4.29,3.71,0.00,25.71,4.67,,,45.60,30.12,31.13,18.64,34.81,22.38,84.78,12.32,100.00,46.62,99.00,46.13,100.00,100.00,99.52,29.23,23.95,76.24,50.40,84.15,13.33
WSM,Samoa,East Asia & Pacific,2016,Emerging,49.64,38.32,42.69,70.77,52.45,71.40,15.76,17.30,34.67,39.21,65.70,40.87,72.71,98.74,63.30,9.07,97.00,95.00,35.00,,12.03,12.82,22.44,25.71,4.67,,,53.71,33.13,30.29,21.54,45.49,32.92,84.78,12.32,100.00,40.87,99.00,46.41,97.49,100.00,98.65,34.06,37.27,78.89,50.40,68.50,9.07
WSM,Samoa,East Asia & Pacific,2017,Transitioner,53.67,52.64,40.65,71.85,53.97,85.43,37.53,17.30,31.59,37.20,65.70,42.68,72.87,100.00,66.26,4.80,96.75,95.76,69.43,,19.47,29.31,63.81,25.71,4.67,,,42.74,31.58,32.18,19.86,43.55,30.85,84.78,12.32,100.00,42.68,99.05,46.70,100.00,100.00,98.54,34.04,45.05,85.03,50.40,70.58,4.80
WSM,Samoa,East Asia & Pacific,2018,Transitioner,56.47,59.76,39.88,72.42,58.93,91.86,48.90,17.30,34.53,32.32,65.70,44.23,73.04,100.00,64.48,36.70,97.00,96.77,84.39,,23.21,46.92,76.56,25.71,4.67,,,44.71,35.85,33.49,24.06,38.70,25.94,84.78,12.32,100.00,44.23,99.10,46.98,100.00,100.00,98.44,34.03,33.21,88.91,50.40,68.89,36.70
WSM,Samoa,East Asia & Pacific,2019,Transitioner,57.29,62.23,37.43,72.70,63.62,95.09,51.84,17.30,30.17,30.55,65.70,45.46,72.63,100.00,71.28,33.02,97.00,97.80,91.42,,25.29,59.88,70.36,25.71,4.67,,,36.10,36.10,24.24,24.24,36.97,24.13,84.78,12.32,100.00,45.46,97.99,47.27,100.00,100.00,96.66,30.25,60.58,93.80,50.40,79.65,33.02
WSM,Samoa,East Asia & Pacific,2020,Transitioner,57.44,63.18,37.23,73.16,63.24,98.00,51.31,17.30,30.19,30.04,65.70,46.71,72.77,100.00,71.72,29.33,98.00,98.00,98.00,,19.32,52.01,82.59,25.71,4.67,,,36.18,36.18,24.20,24.20,36.53,23.55,84.78,12.32,100.00,46.71,97.99,47.55,100.00,100.00,96.87,26.47,64.24,97.29,47.50,78.91,29.33
WSM,Samoa,East Asia & Pacific,2021,Transitioner,55.96,60.31,35.38,73.83,62.24,88.20,55.43,14.26,26.47,29.11,65.70,48.58,72.91,100.00,70.47,29.33,98.00,98.00,98.00,0.00,11.84,64.81,89.65,25.71,4.67,0.00,0.00,32.45,32.45,20.50,20.50,35.59,22.64,84.78,12.32,100.00,48.58,97.99,47.84,100.00,100.00,96.72,31.20,59.55,100.00,46.25,68.44,29.33
WSM,Samoa,East Asia & Pacific,2022,Transitioner,59.77,57.81,47.66,74.35,62.28,88.20,49.19,14.26,25.96,60.34,65.70,50.15,72.91,100.00,70.52,29.33,98.00,98.00,98.00,0.00,14.35,44.89,88.33,25.71,4.67,0.00,0.00,31.96,31.96,19.97,19.97,66.83,53.84,84.78,12.32,100.00,50.15,97.99,47.84,100.00,100.00,96.57,35.92,49.29,100.00,55.70,66.11,29.33
WSM,Samoa,East Asia & Pacific,2023,Transitioner,61.77,64.11,48.35,74.80,62.78,88.30,64.86,14.26,25.40,62.61,65.70,51.49,72.91,100.00,71.14,29.33,99.00,98.00,98.00,0.00,28.07,76.03,90.47,25.71,4.67,0.00,0.00,31.40,31.40,19.41,19.41,69.11,56.11,84.78,12.32,100.00,51.49,97.99,47.84,100.00,100.00,96.43,35.92,50.80,100.00,53.28,74.48,29.33
WSM,Samoa,East Asia & Pacific,2024,Transitioner,64.27,69.37,50.34,73.64,66.35,88.90,77.41,14.26,27.89,65.11,65.70,53.17,72.91,94.83,72.14,43.22,99.00,98.00,98.00,6.00,48.26,91.04,92.92,25.71,4.67,0.00,0.00,33.89,33.89,21.90,21.90,71.61,58.62,84.78,12.32,100.00,53.17,97.99,47.84,89.66,100.00,96.77,36.38,48.24,100.00,59.12,76.71,43.22
YEM,Yemen,Middle East & North Africa,2014,Discoverer,24.27,24.27,29.66,27.12,17.79,47.14,1.16,24.76,16.65,15.07,84.85,37.00,44.35,0.00,20.76,5.90,84.00,75.84,0.00,,0.69,2.78,0.00,27.98,19.92,,,31.58,16.88,15.77,2.36,22.94,7.21,100.00,100.00,54.55,37.00,70.00,18.69,0.00,0.00,21.93,30.71,5.05,31.11,2.86,55.04,5.90
YEM,Yemen,Middle East & North Africa,2015,Discoverer,24.95,25.48,28.86,27.08,19.47,49.64,1.68,24.76,15.53,14.19,84.85,37.16,44.07,0.00,23.29,4.17,84.00,82.10,0.00,,1.06,3.97,0.00,27.98,19.92,,,30.60,15.95,14.16,1.43,22.06,6.33,100.00,100.00,54.55,37.16,70.00,18.15,0.00,0.00,24.68,22.60,4.50,37.85,2.86,70.57,4.17
YEM,Yemen,Middle East & North Africa,2016,Discoverer,24.10,26.65,25.78,23.95,20.52,52.34,1.90,24.76,10.90,11.13,84.85,28.04,43.80,0.00,25.04,2.43,84.00,88.86,0.00,,1.05,4.65,0.00,27.98,19.92,,,21.68,9.52,12.39,0.00,19.00,3.27,100.00,100.00,54.55,28.04,70.00,17.60,0.00,0.00,24.84,14.49,6.41,41.22,2.86,85.25,2.43
YEM,Yemen,Middle East & North Africa,2017,Discoverer,24.84,31.84,24.27,24.34,20.24,55.77,11.45,24.76,11.39,6.87,84.85,29.48,43.53,0.00,25.12,0.70,88.86,95.00,0.00,,0.87,4.00,29.47,27.98,19.92,,,25.22,5.98,14.37,0.00,13.73,0.00,100.00,100.00,54.55,29.48,70.00,17.06,0.00,0.00,24.90,12.11,6.91,44.78,2.86,80.20,0.70
YEM,Yemen,Middle East & North Africa,2018,Discoverer,22.69,27.93,19.32,24.66,19.91,55.77,1.68,24.76,2.10,3.77,84.85,30.71,43.26,0.00,24.41,1.90,88.86,95.00,0.00,,0.92,4.13,0.00,27.98,19.92,,,8.39,0.00,0.00,0.00,7.54,0.00,100.00,100.00,54.55,30.71,70.00,16.52,0.00,0.00,24.94,9.72,6.74,45.13,2.86,75.00,1.90
YEM,Yemen,Middle East & North Africa,2019,Discoverer,23.36,29.24,18.61,24.96,21.92,55.77,4.94,24.76,0.00,4.09,84.85,31.59,43.30,0.00,27.17,0.95,88.86,95.00,0.00,,1.08,4.27,9.47,27.98,19.92,,,0.00,0.00,0.00,0.00,8.18,0.00,100.00,100.00,54.55,31.59,70.00,16.61,0.00,0.00,25.35,21.04,7.76,47.93,2.86,82.83,0.95
YEM,Yemen,Middle East & North Africa,2020,Discoverer,23.38,27.96,18.16,25.28,23.28,55.77,1.74,24.76,0.00,2.98,84.85,32.49,43.35,0.00,29.09,0.00,88.86,95.00,0.00,,1.03,4.20,0.00,27.98,19.92,,,0.00,0.00,0.00,0.00,5.96,0.00,100.00,100.00,54.55,32.49,70.00,16.70,0.00,0.00,25.48,32.35,9.75,49.59,3.23,82.50,0.00
YEM,Yemen,Middle East & North Africa,2021,Discoverer,24.14,31.39,17.86,25.77,23.51,46.89,21.60,19.97,0.00,2.22,84.85,33.91,43.40,0.00,29.39,0.00,88.86,95.00,0.00,0.00,0.59,3.15,61.05,27.98,19.92,0.00,0.00,0.00,0.00,0.00,0.00,4.43,0.00,100.00,100.00,54.55,33.91,70.00,16.80,0.00,0.00,25.42,33.14,10.44,52.51,3.38,77.25,0.00
YEM,Yemen,Middle East & North Africa,2022,Discoverer,26.21,39.32,18.83,27.07,23.56,60.89,27.44,19.97,0.80,3.85,84.85,34.61,43.40,3.19,29.45,0.00,88.86,95.00,35.00,0.00,4.11,12.54,65.67,27.98,19.92,0.00,0.00,3.20,0.00,0.00,0.00,7.70,0.00,100.00,100.00,54.55,34.61,70.00,16.80,0.00,6.38,25.04,33.93,8.66,54.96,3.37,76.50,0.00
YEM,Yemen,Middle East & North Africa,2023,Discoverer,26.81,44.29,18.53,26.23,24.01,70.09,30.65,19.97,2.36,1.53,84.85,35.29,43.40,0.00,30.02,0.00,88.86,95.00,58.00,0.00,5.86,23.04,63.04,27.98,19.92,0.00,0.00,6.48,2.97,0.00,0.00,3.06,0.00,100.00,100.00,54.55,35.29,70.00,16.80,0.00,0.00,24.74,33.93,10.23,55.60,4.31,76.50,0.00
YEM,Yemen,Middle East & North Africa,2024,Discoverer,30.71,48.43,29.68,26.81,23.07,77.20,33.90,19.97,30.72,1.05,84.85,37.04,43.40,0.00,27.03,7.19,87.48,95.00,76.12,0.00,8.32,26.72,66.65,27.98,19.92,0.00,0.00,41.43,33.47,26.91,21.09,2.10,0.00,100.00,100.00,54.55,37.04,70.00,16.80,0.00,0.00,24.16,13.77,12.36,49.62,4.57,75.12,7.19
ZAF,South Africa,Sub-Saharan Africa,2014,Transitioner,55.88,45.16,64.49,68.39,48.94,71.50,19.75,43.31,58.04,56.99,92.40,49.38,76.01,79.78,51.63,38.20,99.79,94.85,34.00,,10.57,12.84,35.85,36.19,54.00,,,77.38,71.67,44.41,38.69,74.85,39.13,88.60,88.60,100.00,49.38,94.00,58.02,70.46,89.09,61.44,38.58,19.17,71.91,63.78,45.07,38.20
ZAF,South Africa,Sub-Saharan Africa,2015,Transitioner,58.78,52.37,63.49,70.24,51.12,80.90,28.37,43.31,57.62,54.91,92.40,53.67,77.28,79.78,53.35,42.20,99.90,98.30,54.00,,13.68,16.00,55.44,36.19,54.00,,,76.96,71.25,43.99,38.27,72.77,37.04,88.60,88.60,100.00,53.67,94.00,60.56,70.46,89.09,61.82,47.19,17.81,75.13,63.78,49.26,42.20
ZAF,South Africa,Sub-Saharan Africa,2016,Transitioner,62.98,58.70,65.32,76.09,53.92,87.66,37.44,43.31,61.13,55.98,92.40,56.46,77.27,94.55,55.86,46.20,99.90,99.20,70.00,,17.23,22.48,72.61,36.19,54.00,,,80.48,74.76,47.50,41.79,73.84,38.12,88.60,88.60,100.00,56.46,91.74,62.80,100.00,89.09,62.36,55.80,23.00,76.30,63.78,51.90,46.20
ZAF,South Africa,Sub-Saharan Africa,2017,Advanced,65.35,63.55,66.18,76.15,56.93,90.76,46.47,43.31,62.15,57.10,92.40,58.68,73.65,96.11,58.62,50.20,99.60,99.50,77.60,,28.54,31.76,79.10,36.19,54.00,,,81.50,75.78,48.52,42.80,74.96,39.24,88.60,88.60,100.00,58.68,87.00,60.31,99.45,92.76,62.30,69.56,28.07,78.29,63.78,51.73,50.20
ZAF,South Africa,Sub-Saharan Africa,2018,Advanced,65.88,65.36,64.16,71.65,62.70,96.11,45.63,43.31,67.80,53.65,77.89,60.42,75.72,78.80,62.08,65.20,99.97,99.50,90.80,,25.05,31.59,80.25,36.19,54.00,,,94.85,73.73,61.88,40.75,71.51,35.78,84.78,48.88,100.00,60.42,91.00,60.45,86.87,70.72,62.80,83.33,38.12,76.71,63.78,54.63,65.20
ZAF,South Africa,Sub-Saharan Africa,2019,Transitioner,63.78,66.35,54.45,71.60,63.99,98.07,46.14,43.31,38.57,58.60,77.89,61.48,77.09,76.23,62.03,71.83,99.97,99.50,95.70,,26.95,33.35,78.11,36.19,54.00,,,64.44,45.68,31.46,12.70,76.46,40.74,84.78,48.88,100.00,61.48,95.00,59.18,78.27,74.19,62.96,79.02,37.06,77.41,63.78,58.83,71.83
ZAF,South Africa,Sub-Saharan Africa,2020,Advanced,65.67,67.86,53.01,78.02,66.26,98.77,49.22,43.31,39.26,58.00,70.54,63.01,76.30,94.75,63.21,78.46,99.97,99.50,97.45,,31.21,35.24,81.21,36.19,54.00,,,63.06,48.44,30.08,15.46,75.86,40.14,84.78,26.85,100.00,63.01,92.50,60.10,92.97,96.54,63.42,74.71,41.67,78.45,67.44,55.50,78.46
ZAF,South Africa,Sub-Saharan Africa,2021,Transitioner,64.46,61.36,52.79,79.66,66.92,90.25,46.01,34.30,53.19,43.51,70.54,64.74,74.25,100.00,64.03,78.46,99.99,99.50,97.70,13.66,22.46,30.70,84.89,36.19,54.00,0.00,0.00,78.64,60.72,45.66,27.74,61.37,25.65,84.78,26.85,100.00,64.74,90.00,58.51,100.00,100.00,63.47,74.79,45.96,78.80,66.79,55.50,78.46
ZAF,South Africa,Sub-Saharan Africa,2022,Advanced,67.68,70.12,57.81,78.44,65.98,91.11,50.35,67.72,53.97,55.27,70.54,65.59,75.22,94.52,62.87,78.46,99.97,99.50,97.90,21.50,29.09,36.48,85.46,74.29,80.67,42.50,0.00,79.17,61.74,46.19,28.77,73.14,37.41,84.78,26.85,100.00,65.59,90.00,60.44,100.00,89.04,63.64,74.87,42.20,77.46,69.37,48.44,78.46
ZAF,South Africa,Sub-Saharan Africa,2023,Advanced,69.83,73.91,61.14,79.54,66.17,92.70,58.21,67.72,54.03,59.15,79.34,66.52,75.22,96.88,63.09,78.46,99.95,99.50,99.00,33.00,46.49,42.95,85.20,74.29,80.67,42.50,0.00,79.23,61.81,46.26,28.83,77.01,41.29,84.78,53.23,100.00,66.52,90.00,60.44,100.00,93.75,64.16,74.87,42.46,76.43,70.60,48.79,78.46
ZAF,South Africa,Sub-Saharan Africa,2024,Advanced,69.62,78.50,54.12,80.91,68.34,93.88,68.53,67.72,35.74,59.88,79.34,67.52,75.22,100.00,63.86,86.25,99.88,99.00,98.90,47.28,63.86,54.18,87.54,74.29,80.67,42.50,0.00,54.73,47.11,21.76,19.35,77.75,42.02,84.78,53.23,100.00,67.52,90.00,60.44,100.00,100.00,63.55,88.72,43.31,72.42,72.91,45.49,86.25
ZMB,Zambia,Sub-Saharan Africa,2014,Discoverer,22.77,20.99,22.94,39.71,14.06,34.22,3.57,29.36,19.00,22.97,30.76,28.93,54.53,35.67,13.90,14.70,78.00,37.92,8.64,,5.11,5.41,0.18,30.10,28.27,,,38.63,26.57,10.78,0.00,38.06,7.89,46.83,24.81,20.63,28.93,71.13,37.93,55.56,15.79,0.00,14.17,5.75,21.93,26.72,16.00,14.70
ZMB,Zambia,Sub-Saharan Africa,2015,Discoverer,25.30,28.81,18.52,40.19,19.11,38.79,18.56,29.36,21.47,15.42,18.83,30.36,54.54,35.67,19.00,19.53,78.00,40.05,17.92,,9.68,10.67,35.32,30.10,28.27,,,41.43,29.37,13.58,1.52,30.50,0.33,31.68,24.81,0.00,30.36,71.13,37.95,55.56,15.79,13.49,25.57,6.06,27.96,26.72,16.00,19.53
ZMB,Zambia,Sub-Saharan Africa,2016,Discoverer,28.54,34.78,21.34,40.10,22.31,45.02,26.57,30.70,22.60,21.33,18.83,32.36,54.55,33.38,21.80,24.37,80.40,46.36,26.00,,12.08,18.25,49.39,30.10,31.60,,,42.55,30.49,14.70,2.64,36.42,6.25,31.68,24.81,0.00,32.36,71.13,37.97,50.98,15.79,13.03,36.96,8.22,34.53,26.72,16.00,24.37
ZMB,Zambia,Sub-Saharan Africa,2017,Discoverer,31.75,40.92,22.79,42.05,25.91,52.49,33.78,32.03,24.51,24.24,16.45,33.93,54.56,37.65,25.09,29.20,80.40,56.35,34.68,,15.25,25.96,60.15,30.10,34.93,,,44.46,32.40,16.61,4.55,39.33,9.16,24.53,24.81,0.00,33.93,71.13,37.98,50.98,24.32,21.29,42.44,9.11,39.10,26.72,16.00,29.20
ZMB,Zambia,Sub-Saharan Africa,2018,Emerging,36.58,43.69,25.78,53.69,29.61,58.04,35.17,32.03,30.32,25.90,16.45,35.37,54.57,71.13,26.11,43.60,80.40,64.70,40.20,,13.87,30.06,61.58,30.10,34.93,,,44.25,44.25,16.40,16.40,40.98,10.81,24.53,24.81,0.00,35.37,71.13,38.00,84.38,57.89,21.05,47.92,11.60,39.20,26.72,16.00,43.60
ZMB,Zambia,Sub-Saharan Africa,2019,Emerging,36.39,46.59,24.10,48.78,32.02,65.74,34.73,32.03,23.06,28.97,16.45,36.53,54.58,55.23,25.96,56.24,86.90,71.80,49.10,,13.47,30.50,60.22,30.10,34.93,,,45.40,25.21,20.92,0.73,42.23,15.71,24.53,24.81,0.00,36.53,71.13,38.02,53.70,56.76,21.81,36.90,12.22,42.60,26.72,16.00,56.24
ZMB,Zambia,Sub-Saharan Africa,2020,Emerging,40.90,50.71,31.03,50.01,35.58,71.04,36.74,37.97,29.79,39.56,16.45,37.79,54.58,57.65,27.25,68.88,86.90,76.19,57.95,,11.50,25.38,73.33,40.00,34.93,,,57.25,26.81,32.77,2.33,52.82,26.30,24.53,24.81,0.00,37.79,71.13,38.04,67.05,48.25,21.40,25.88,13.38,47.33,33.21,16.00,68.88
ZMB,Zambia,Sub-Saharan Africa,2021,Emerging,42.99,49.89,35.52,52.12,36.99,70.40,35.14,38.37,35.57,45.00,16.45,39.15,54.59,62.61,29.02,68.88,98.04,82.48,69.00,0.00,7.63,18.69,79.11,49.52,36.60,17.50,0.00,54.48,41.15,30.00,16.67,58.26,31.74,24.53,24.81,0.00,39.15,71.13,38.05,80.39,44.83,21.81,35.01,14.44,50.06,33.27,16.00,68.88
ZMB,Zambia,Sub-Saharan Africa,2022,Emerging,45.44,57.33,40.77,47.94,38.03,76.60,36.31,60.83,37.38,46.96,35.19,40.56,54.59,48.67,30.32,68.88,98.04,83.00,81.00,12.00,10.07,25.73,73.13,66.67,81.67,20.00,0.00,56.28,42.95,31.80,18.47,60.22,33.70,24.53,81.03,0.00,40.56,71.13,38.05,43.33,54.00,22.23,44.14,13.07,51.15,35.08,16.00,68.88
ZMB,Zambia,Sub-Saharan Africa,2023,Emerging,44.16,59.72,34.67,48.29,38.03,79.00,39.87,60.83,41.17,27.90,35.19,41.61,54.59,48.67,30.31,68.88,98.04,85.00,83.00,20.00,15.35,30.32,73.93,66.67,81.67,20.00,0.00,57.40,49.43,32.92,24.95,41.16,14.64,24.53,81.03,0.00,41.61,71.13,38.05,43.33,54.00,22.32,44.14,16.80,49.45,32.93,16.00,68.88
ZMB,Zambia,Sub-Saharan Africa,2024,Emerging,44.66,61.97,30.53,48.73,43.15,83.03,41.48,60.83,32.36,26.37,35.19,42.93,54.59,48.67,30.80,92.58,98.04,90.05,86.00,28.07,19.37,32.47,72.62,66.67,81.67,20.00,0.00,52.45,40.11,27.97,8.90,39.63,13.11,24.53,81.03,0.00,42.93,71.13,38.05,43.33,54.00,22.24,49.58,17.27,43.90,37.78,16.00,92.58
ZWE,Zimbabwe,Sub-Saharan Africa,2014,Discoverer,29.59,26.63,22.55,51.44,24.81,36.84,12.30,34.86,18.84,16.70,41.67,39.66,62.64,52.01,28.81,8.80,84.00,39.60,10.50,,6.08,5.02,25.81,31.43,40.00,,,40.77,12.57,22.04,0.00,26.85,6.56,66.67,0.00,58.33,39.66,88.70,36.59,68.89,35.14,13.49,30.71,6.14,43.64,41.91,47.00,8.80
ZWE,Zimbabwe,Sub-Saharan Africa,2015,Discoverer,30.66,32.06,18.55,52.37,28.36,44.04,18.01,36.19,10.58,14.97,41.67,41.90,63.20,52.01,32.38,12.27,88.00,55.10,11.00,,5.96,4.84,43.22,31.43,43.33,,,29.75,1.55,11.02,0.00,25.12,4.82,66.67,0.00,58.33,41.90,89.61,36.80,68.89,35.14,27.65,28.40,4.26,50.37,41.91,47.00,12.27
ZWE,Zimbabwe,Sub-Saharan Africa,2016,Emerging,35.10,35.85,26.18,54.26,29.80,48.90,22.64,36.19,22.62,21.99,41.67,33.50,63.76,65.51,33.32,15.73,88.70,55.25,22.64,,7.04,9.17,51.72,31.43,43.33,,,45.80,17.60,27.07,0.00,32.13,11.84,66.67,0.00,58.33,33.50,90.51,37.02,95.88,35.14,28.02,26.09,5.27,54.85,41.91,47.00,15.73
ZWE,Zimbabwe,Sub-Saharan Africa,2017,Emerging,36.68,44.75,22.88,53.70,32.93,62.95,30.84,36.19,23.34,22.20,23.33,35.08,64.33,61.69,36.36,19.20,88.90,78.20,34.72,,9.70,15.66,67.15,31.43,43.33,,,46.76,18.56,28.02,0.00,32.34,12.05,50.00,0.00,20.00,35.08,91.42,37.23,91.67,31.71,38.34,29.36,5.91,57.44,41.91,47.00,19.20
ZWE,Zimbabwe,Sub-Saharan Africa,2018,Emerging,42.34,46.94,32.67,63.54,32.99,65.62,33.63,36.19,37.49,32.52,23.33,36.53,64.89,89.19,36.58,18.60,90.09,84.00,35.00,,10.33,17.55,73.01,31.43,43.33,,,56.29,37.43,37.56,18.69,42.67,22.38,50.00,0.00,20.00,36.53,92.32,37.45,100.00,78.38,38.34,32.64,6.58,56.26,41.91,47.00,18.60
ZWE,Zimbabwe,Sub-Saharan Africa,2019,Discoverer,29.24,47.52,6.44,66.04,36.16,66.28,34.41,36.19,3.18,1.27,23.33,37.68,65.45,95.00,38.32,27.55,93.00,84.20,35.00,,11.09,19.42,72.74,31.43,43.33,,,12.71,0.00,0.00,0.00,2.53,0.00,50.00,0.00,20.00,37.68,93.23,37.67,100.00,90.00,41.44,42.50,5.85,57.63,41.91,47.00,27.55
ZWE,Zimbabwe,Sub-Saharan Africa,2020,Discoverer,34.57,47.44,13.60,54.76,40.42,66.39,34.11,36.19,0.60,21.51,23.76,38.94,65.56,59.77,41.40,36.49,93.40,84.28,35.00,,10.81,18.04,73.49,31.43,43.33,,,2.40,0.00,0.00,0.00,31.66,11.36,51.61,0.00,19.68,38.94,93.23,37.89,100.00,19.55,42.38,52.35,7.77,58.65,48.53,47.00,36.49
ZWE,Zimbabwe,Sub-Saharan Africa,2021,Emerging,38.27,41.93,19.63,64.69,40.29,58.72,31.74,28.71,10.01,27.18,23.76,40.31,65.67,88.10,41.24,36.49,93.44,84.31,39.12,0.00,6.89,16.24,72.10,31.43,43.33,0.00,0.00,29.38,0.00,10.65,0.00,37.33,17.03,51.61,0.00,19.68,40.31,93.23,38.11,100.00,76.19,42.80,45.40,9.07,58.89,49.23,47.00,36.49
ZWE,Zimbabwe,Sub-Saharan Africa,2022,Emerging,39.15,43.17,19.90,68.45,39.93,59.14,34.42,28.71,8.16,29.72,23.76,41.72,65.67,97.97,40.79,36.49,93.66,84.11,40.08,1.00,9.45,20.13,73.67,31.43,43.33,0.00,0.00,25.69,0.00,6.96,0.00,39.86,19.57,51.61,0.00,19.68,41.72,93.23,38.11,95.93,100.00,42.43,38.45,9.09,58.84,50.87,47.00,36.49
ZWE,Zimbabwe,Sub-Saharan Africa,2023,Emerging,41.84,47.08,24.24,68.14,39.44,62.26,41.07,28.71,18.15,30.77,23.33,42.81,65.67,95.93,40.18,36.49,93.62,85.00,46.00,5.00,18.95,31.39,72.87,31.43,43.33,0.00,0.00,38.15,15.04,19.42,0.00,40.92,20.62,50.00,0.00,20.00,42.81,93.23,38.11,91.87,100.00,42.28,38.45,11.91,57.42,46.55,47.00,36.49
ZWE,Zimbabwe,Sub-Saharan Africa,2024,Emerging,42.53,51.02,24.36,67.07,39.23,64.65,48.55,28.71,30.55,30.36,0.00,44.24,65.67,91.30,39.07,39.86,93.75,87.00,49.36,7.31,25.49,41.08,79.09,31.43,43.33,0.00,0.00,46.15,32.44,28.73,14.87,40.51,20.21,,0.00,,44.24,93.23,38.11,100.00,82.61,42.12,41.00,11.72,50.43,47.08,47.00,39.86
