ISO Code,Country,Region,Year,Cluster,Index,Infrastructure,Affordability,Consumer Readiness,Content and Services,Network coverage,Network performance,Spectrum,Mobile data affordability,Handset affordability,Taxation,Mobile Ownership,Basic Skills,Gender Equality,Local Relevance,Online Security,2G Population Coverage,3G Population Coverage,4G Population Coverage,5G Population Coverage,Mobile download speeds,Mobile upload speeds,Mobile latencies,Spectrum assigned in bands below 1GHz,Spectrum assigned in bands between 1-3GHz,Spectrum assigned in bands between 3-6GHz,Spectrum assigned in mmWave bands,Affordability of entry basket (1GB),Affordability of higher basket (5GB),Affordability of entry basket (1GB) for poorest 40%,Affordability of higher basket (5GB) for poorest 40%,Device affordability,Device affordability for poorest 40%,Cost of taxes on mobile data,Cost of taxes on handsets,Cost of sector specific taxes on mobile data,Mobile ownership,Literacy,School Life Expectancy,Gender gap in mobile ownership,Gender gap in mobile internet,Top-Level Domains (TLDs) per person,E-Government Score,Mobile Social Media Penetration,Locally developed apps per person,Digital Language Support,Language accessibility of top ranked apps,Cybersecurity Index,Readiness Score,Sustainability Score,Potential Deployment
AFG,Afghanistan,South Asia,2021,1,25.98,36.74,22.05,22.41,25.08,54.59,26.07,22.38,22.55,4.79,55.56,30.78,36.45,0.0,30.05,5.2,90.0,64.97,49.0,0.0,4.6,7.33,66.27,24.95,33.0,0.0,0.0,37.87,16.74,28.36,7.24,9.58,0.0,66.67,100.0,0.0,30.78,37.0,35.9,0.0,0.0,39.76,34.44,10.18,44.92,38.19,0.0,5.2,70,75,Yes
AFG,Afghanistan,South Asia,2022,1,27.28,39.59,25.47,22.83,24.05,59.8,28.0,22.38,24.23,11.66,55.56,32.05,36.45,0.0,28.76,5.2,90.0,70.0,57.0,0.0,5.32,9.41,69.27,24.95,33.0,0.0,0.0,39.58,18.46,30.01,8.89,16.84,6.47,66.67,100.0,0.0,32.05,37.0,35.9,0.0,0.0,39.39,27.7,7.56,43.34,39.68,0.0,5.2,70,75,Yes
AFG,Afghanistan,South Asia,2023,1,29.62,41.59,28.43,26.86,24.22,63.4,29.38,22.38,24.02,19.27,55.56,33.43,36.45,10.71,28.98,5.2,90.0,71.0,65.0,0.0,5.63,10.3,72.23,24.95,33.0,0.0,0.0,39.33,18.2,29.84,8.71,24.41,14.13,66.67,100.0,0.0,33.43,37.0,35.9,0.0,21.43,38.9,27.7,8.64,42.16,41.33,0.0,5.2,70,75,Yes
AFG,Afghanistan,South Asia,2024,1,26.71,45.71,18.96,23.68,24.81,68.85,33.25,24.38,7.43,12.2,55.56,34.59,36.45,0.0,26.4,18.42,92.3,75.16,73.89,0.0,7.8,15.21,76.74,24.95,39.67,0.0,0.0,18.18,2.66,8.87,0.0,24.41,0.0,66.67,100.0,0.0,34.59,37.0,35.9,0.0,0.0,38.28,14.38,9.22,35.7,41.63,0.0,18.42,70,75,Yes
AGO,Angola,Sub-Saharan Africa,2021,1,43.99,47.63,52.65,50.04,29.85,58.54,41.43,38.23,36.96,55.1,79.11,40.84,56.11,53.18,34.07,12.99,90.0,90.24,33.6,0.0,13.92,29.3,81.08,55.46,34.99,0.0,0.0,60.53,37.37,36.55,13.4,68.08,42.11,88.6,48.72,100.0,40.84,66.24,45.98,63.24,43.12,16.21,47.99,7.72,47.27,45.93,58.45,12.99,70,75,Yes
AGO,Angola,Sub-Saharan Africa,2022,1,45.74,51.26,55.48,50.26,30.63,63.65,45.4,38.23,40.37,58.78,79.11,51.45,56.11,43.21,35.04,12.99,92.06,92.06,44.05,0.0,18.34,35.49,82.36,55.46,34.99,0.0,0.0,63.93,40.78,39.96,16.8,71.77,45.8,88.6,48.72,100.0,51.45,66.24,45.98,50.2,36.21,17.19,47.16,10.24,47.5,47.83,57.75,12.99,70,75,Yes
AGO,Angola,Sub-Saharan Africa,2023,1,45.78,53.24,52.48,50.72,30.99,70.25,43.74,38.23,36.76,54.88,79.11,57.53,56.11,38.52,35.49,12.99,93.92,93.92,57.74,1.9,16.87,35.24,79.11,55.46,34.99,0.0,0.0,60.33,37.17,36.35,13.2,67.86,41.89,88.6,48.72,100.0,57.53,66.24,45.98,45.74,31.29,18.23,47.16,13.17,46.18,47.78,57.05,12.99,70,75,Yes
AGO,Angola,Sub-Saharan Africa,2024,2,49.91,56.29,56.3,55.3,35.4,73.88,47.72,38.23,45.88,55.3,79.11,63.96,56.11,45.84,34.34,39.64,94.52,94.52,64.55,8.0,19.55,40.03,83.59,55.46,34.99,0.0,0.0,64.93,47.7,40.96,29.94,68.29,42.32,88.6,48.72,100.0,63.96,66.24,45.98,53.65,38.03,18.44,39.62,13.17,41.33,47.6,62.65,39.64,60,65,No
ALB,Albania,Europe & Central Asia,2021,3,67.85,68.43,61.97,84.58,59.1,88.67,58.74,47.31,50.94,65.09,77.78,83.73,80.98,89.04,57.79,64.32,99.86,98.5,98.2,0.0,34.71,52.03,89.49,52.19,70.7,0.0,0.0,65.29,48.45,53.44,36.6,71.51,58.67,66.67,66.67,100.0,83.73,98.1,63.86,85.96,92.11,61.87,82.97,65.04,80.91,39.65,0.0,64.32,45,50,No
ALB,Albania,Europe & Central Asia,2022,3,67.14,67.07,60.84,86.42,57.61,88.79,55.24,47.31,52.31,60.89,77.78,84.2,80.33,94.74,55.93,64.32,99.86,98.5,98.5,0.0,30.48,47.04,88.21,52.19,70.7,0.0,0.0,66.66,49.82,54.8,37.97,67.31,54.47,66.67,66.67,100.0,84.2,98.1,62.56,89.47,100.0,61.94,81.82,56.39,80.77,39.65,0.0,64.32,45,50,No
ALB,Albania,Europe & Central Asia,2023,3,68.45,71.5,62.71,85.83,57.03,91.13,63.97,47.31,52.67,65.23,77.78,84.53,80.04,92.91,55.21,64.32,100.0,99.0,99.0,19.31,44.0,57.25,90.64,52.19,70.7,0.0,0.0,67.01,50.17,55.16,38.32,71.64,58.81,66.67,66.67,100.0,84.53,98.1,61.98,85.82,100.0,61.96,81.82,53.99,79.55,39.65,0.0,64.32,45,50,No
ALB,Albania,Europe & Central Asia,2024,3,72.21,80.12,64.72,87.14,60.17,92.43,79.71,56.31,54.29,68.63,77.78,84.92,80.04,96.45,53.59,86.51,99.87,99.0,99.0,32.45,71.96,75.2,91.98,52.19,70.7,60.0,0.0,68.64,51.8,56.79,39.95,75.05,62.21,66.67,66.67,100.0,84.92,98.1,61.98,92.91,100.0,62.18,81.44,49.91,75.8,39.32,0.0,86.51,45,50,No
ARE,United Arab Emirates,Middle East & North Africa,2021,0,88.14,90.33,90.53,92.17,80.06,98.98,89.14,75.43,77.85,98.48,100.0,87.15,89.37,100.0,75.56,98.06,100.0,100.0,99.7,91.0,92.05,85.62,89.75,80.86,66.67,100.0,0.0,89.61,76.72,78.97,66.08,100.0,96.97,100.0,100.0,100.0,87.15,98.0,80.75,100.0,100.0,69.65,90.07,100.0,93.98,38.13,62.0,98.06,90,85,Yes
ARE,United Arab Emirates,Middle East & North Africa,2022,0,90.52,93.6,96.43,92.24,80.65,99.61,96.68,75.43,91.08,100.0,100.0,87.34,89.37,100.0,76.3,98.06,100.0,100.0,99.7,97.32,100.0,100.0,90.04,80.86,66.67,100.0,0.0,98.35,94.45,87.7,83.81,100.0,100.0,100.0,100.0,100.0,87.34,98.0,80.75,100.0,100.0,68.95,90.14,100.0,95.12,40.62,63.5,98.06,90,85,Yes
ARE,United Arab Emirates,Middle East & North Africa,2023,0,90.39,94.47,95.07,92.3,80.51,99.78,97.01,78.76,87.69,100.0,100.0,87.53,89.37,100.0,76.13,98.06,100.0,100.0,99.7,99.0,100.0,100.0,91.02,80.86,66.67,100.0,66.67,100.0,84.54,92.31,73.9,100.0,100.0,100.0,100.0,100.0,87.53,98.0,80.75,100.0,100.0,69.76,90.14,100.0,94.65,40.9,60.5,98.06,90,85,Yes
ARE,United Arab Emirates,Middle East & North Africa,2024,0,89.52,94.62,89.57,92.36,82.03,99.78,97.39,78.76,73.93,100.0,100.0,87.71,89.37,100.0,77.54,100.0,100.0,100.0,99.7,99.0,100.0,100.0,92.16,80.86,66.67,100.0,66.67,81.85,79.84,71.21,62.82,100.0,100.0,100.0,100.0,100.0,87.71,98.0,80.75,100.0,100.0,70.51,91.63,100.0,92.02,47.19,64.29,100.0,90,85,Yes
ARG,Argentina,Latin America & Caribbean,2021,3,70.85,63.77,60.14,86.54,75.95,86.29,49.27,47.73,64.65,62.32,46.75,65.77,93.85,100.0,82.4,50.12,98.87,96.0,95.0,0.0,23.8,40.23,83.77,68.95,44.17,0.0,0.0,77.79,70.64,58.67,51.52,72.67,51.96,56.5,0.0,83.74,65.77,99.0,88.7,100.0,100.0,60.59,82.8,84.86,82.8,96.36,92.0,50.12,45,50,No
ARG,Argentina,Latin America & Caribbean,2022,3,71.24,63.65,61.24,87.86,75.21,86.29,48.97,47.73,72.69,57.03,46.75,67.59,95.98,100.0,81.48,50.12,98.87,96.0,95.0,0.0,23.2,40.21,83.49,68.95,44.17,0.0,0.0,86.05,77.56,67.82,59.32,66.9,47.15,56.5,0.0,83.74,67.59,99.0,92.96,100.0,100.0,60.38,80.89,79.32,83.06,96.68,95.0,50.12,45,50,No
ARG,Argentina,Latin America & Caribbean,2023,3,70.2,65.63,56.74,88.44,73.73,86.69,53.53,47.73,71.97,46.51,46.75,69.34,95.98,100.0,79.64,50.12,98.87,96.0,96.0,0.0,31.66,44.61,84.32,68.95,44.17,0.0,0.0,88.65,74.53,69.4,55.28,56.94,36.09,56.5,0.0,83.74,69.34,99.0,92.96,100.0,100.0,60.39,80.89,67.58,82.01,100.0,95.5,50.12,45,50,No
ARG,Argentina,Latin America & Caribbean,2024,3,70.01,68.73,53.93,88.91,72.91,89.58,58.38,47.73,71.55,45.87,34.78,70.74,95.98,100.0,78.26,51.53,99.0,99.0,99.0,4.77,40.83,49.49,84.82,68.95,44.17,0.0,0.0,87.86,74.91,68.61,54.83,56.3,35.44,46.01,0.0,58.34,70.74,99.0,92.96,100.0,100.0,59.93,79.65,69.04,77.03,100.0,90.95,51.53,45,50,No
ARM,Armenia,Europe & Central Asia,2021,3,65.94,61.42,55.15,85.18,65.52,87.6,46.81,38.29,56.4,42.59,77.78,79.48,79.54,96.53,69.28,50.47,100.0,99.0,95.0,0.0,19.0,31.5,89.93,52.38,40.33,0.0,0.0,65.88,57.4,55.41,46.92,48.27,36.92,66.67,66.67,100.0,79.48,99.91,59.16,93.06,100.0,60.29,71.11,71.97,85.22,78.89,29.0,50.47,45,50,No
ARM,Armenia,Europe & Central Asia,2022,3,67.92,62.84,60.61,86.86,64.33,87.6,50.35,38.29,63.0,49.63,77.78,79.88,80.71,100.0,67.79,50.47,100.0,99.0,95.0,0.0,21.59,40.64,88.82,52.38,40.33,0.0,0.0,72.65,64.16,61.84,53.35,55.48,43.77,66.67,66.67,100.0,79.88,99.82,61.59,100.0,100.0,60.86,72.21,66.57,84.73,79.93,21.5,50.47,45,50,No
ARM,Armenia,Europe & Central Asia,2023,3,69.59,69.85,62.06,86.42,62.61,91.09,57.25,52.58,62.18,54.08,77.78,80.33,80.62,98.3,65.64,50.47,100.0,99.8,99.5,13.65,27.34,54.11,90.3,80.95,40.33,0.0,0.0,71.54,63.05,61.31,52.82,59.62,48.54,66.67,66.67,100.0,80.33,99.82,61.42,96.6,100.0,61.55,72.21,54.53,84.76,80.78,21.0,50.47,45,50,No
ARM,Armenia,Europe & Central Asia,2024,3,70.34,73.62,61.03,85.54,63.71,91.91,65.85,52.58,58.4,55.3,77.78,81.15,80.62,94.85,66.15,53.96,100.0,99.8,99.68,21.14,38.11,67.96,91.47,80.95,40.33,0.0,0.0,69.98,57.69,59.76,46.16,60.84,49.76,66.67,66.67,100.0,81.15,99.82,61.42,89.69,100.0,61.8,79.22,57.61,82.57,83.4,11.5,53.96,45,50,No
AUS,Australia,East Asia & Pacific,2021,0,92.04,90.37,92.72,92.35,92.76,97.3,87.15,82.96,81.81,100.0,100.0,85.42,99.5,92.12,91.58,97.47,99.5,99.5,99.5,77.5,99.88,71.66,89.9,95.24,76.67,55.63,80.0,92.13,85.21,78.41,71.49,100.0,100.0,100.0,100.0,100.0,85.42,99.0,100.0,93.13,91.11,85.48,94.26,80.37,98.11,96.8,100.0,97.47,90,85,Yes
AUS,Australia,East Asia & Pacific,2022,0,91.39,91.09,91.66,90.78,92.05,97.67,88.56,82.96,79.14,100.0,100.0,85.97,99.5,86.88,90.69,97.47,99.5,99.5,99.5,81.2,100.0,75.66,90.04,95.24,76.67,55.63,80.0,89.9,82.1,76.18,68.38,100.0,100.0,100.0,100.0,100.0,85.97,99.0,100.0,86.39,87.37,86.4,93.8,79.1,95.51,95.55,100.0,97.47,90,85,Yes
AUS,Australia,East Asia & Pacific,2023,0,92.46,93.19,90.64,94.37,91.68,98.25,90.87,87.71,76.59,100.0,100.0,86.41,99.5,97.19,90.23,97.47,99.5,99.5,99.5,87.0,100.0,82.5,90.11,95.24,80.0,80.63,80.0,83.45,83.45,69.74,69.74,100.0,100.0,100.0,100.0,100.0,86.41,99.0,100.0,96.56,97.83,86.42,93.8,76.71,94.85,96.27,100.0,97.47,90,85,Yes
AUS,Australia,East Asia & Pacific,2024,0,92.17,92.83,91.49,93.54,90.84,98.79,89.42,87.71,78.74,100.0,100.0,86.72,99.5,94.39,89.49,96.24,99.66,99.66,99.66,91.0,100.0,77.77,90.49,95.24,80.0,80.63,80.0,86.81,84.13,73.09,70.91,100.0,100.0,100.0,100.0,100.0,86.72,99.0,100.0,93.13,95.65,86.21,92.22,76.37,91.69,97.07,100.0,96.24,90,85,Yes
AUT,Austria,Europe & Central Asia,2021,0,84.79,81.37,89.31,87.51,81.28,95.3,64.45,87.36,88.96,95.42,77.78,85.99,85.64,90.91,78.12,93.89,99.0,99.0,99.0,62.0,45.64,58.18,89.52,90.48,91.67,97.5,0.0,97.83,92.48,85.44,80.09,100.0,90.83,66.67,66.67,100.0,85.99,98.0,73.27,93.06,88.76,84.61,91.49,79.72,100.0,31.86,97.37,93.89,90,85,Yes
AUT,Austria,Europe & Central Asia,2022,0,86.75,84.7,90.37,90.96,81.34,97.0,71.08,87.36,87.05,100.0,77.78,86.42,86.47,100.0,78.2,93.89,99.0,99.0,99.0,79.0,55.8,66.89,90.55,90.48,91.67,97.5,0.0,93.15,93.15,80.94,80.94,100.0,100.0,66.67,66.67,100.0,86.42,98.0,74.95,100.0,100.0,84.86,88.27,81.12,95.96,36.19,97.52,93.89,90,85,Yes
AUT,Austria,Europe & Central Asia,2023,0,87.81,90.46,89.88,90.31,80.97,97.6,84.87,87.36,85.82,100.0,77.78,86.78,86.47,97.67,77.74,93.89,99.0,99.0,99.0,85.0,78.53,85.14,90.95,90.48,91.67,97.5,0.0,91.93,91.93,79.72,79.72,100.0,100.0,66.67,66.67,100.0,86.78,98.0,74.95,100.0,95.35,85.06,88.27,79.92,95.84,34.91,97.68,93.89,90,85,Yes
AUT,Austria,Europe & Central Asia,2024,0,88.17,93.62,89.94,90.01,79.74,98.3,92.06,87.36,85.95,100.0,77.78,87.0,86.47,96.56,77.38,89.14,99.0,99.0,99.0,92.0,90.81,93.93,91.43,90.48,91.67,97.5,0.0,95.23,90.4,83.02,75.16,100.0,100.0,66.67,66.67,100.0,87.0,98.0,74.95,93.13,100.0,84.88,83.83,80.45,94.14,36.65,97.79,89.14,90,85,Yes
AZE,Azerbaijan,Europe & Central Asia,2021,3,65.4,62.82,56.04,79.47,65.38,87.4,56.01,27.27,64.78,43.3,64.06,79.4,74.59,84.4,59.39,89.31,100.0,99.5,94.0,0.0,26.5,51.62,89.91,23.05,40.0,25.0,0.0,71.98,60.67,68.88,57.58,44.98,41.63,73.73,18.46,100.0,79.4,100.0,49.19,86.03,82.78,47.39,65.89,49.46,73.7,74.86,37.25,89.31,45,50,No
AZE,Azerbaijan,Europe & Central Asia,2022,3,67.98,64.2,64.22,81.37,63.67,89.0,57.87,27.27,71.69,56.82,64.06,81.2,74.75,88.17,57.26,89.31,100.0,99.5,98.0,0.0,28.72,54.43,90.46,23.05,40.0,25.0,0.0,78.89,67.58,75.8,64.5,58.49,55.15,73.73,18.46,100.0,81.2,100.0,49.5,85.54,90.79,47.66,61.19,39.96,73.69,76.14,36.5,89.31,45,50,No
AZE,Azerbaijan,Europe & Central Asia,2023,3,70.79,69.6,64.58,83.72,66.71,89.4,66.21,36.8,69.97,59.45,64.06,84.3,74.86,92.01,61.06,89.31,100.0,99.5,99.0,0.0,41.12,66.74,90.77,42.1,40.0,25.0,0.0,77.15,65.85,74.09,62.79,61.11,57.79,73.73,18.46,100.0,84.3,100.0,49.73,91.03,92.98,48.09,61.19,58.42,72.61,77.58,36.0,89.31,45,50,No
AZE,Azerbaijan,Europe & Central Asia,2024,3,73.2,74.2,67.69,83.92,68.12,89.4,76.94,38.3,64.43,63.55,82.49,84.9,74.86,92.01,61.67,93.92,100.0,99.5,99.0,0.0,57.13,81.03,92.67,42.1,45.0,25.0,0.0,73.9,58.11,70.84,54.89,65.21,61.9,73.73,73.73,100.0,84.9,100.0,49.73,91.03,92.98,48.32,73.86,64.21,69.72,76.89,24.5,93.92,45,50,No
BDI,Burundi,Sub-Saharan Africa,2021,1,21.72,32.85,10.44,26.46,24.52,42.79,27.76,23.13,7.05,0.0,38.12,24.7,49.4,5.28,30.22,1.73,96.8,50.6,32.18,0.0,4.03,5.99,73.27,27.24,31.7,0.0,0.0,21.62,0.0,6.58,0.0,0.0,0.0,34.62,72.07,7.69,24.7,68.0,30.8,10.57,0.0,18.87,34.53,5.85,53.28,40.7,30.31,1.73,70,75,Yes
BDI,Burundi,Sub-Saharan Africa,2022,1,22.26,33.35,11.27,26.76,24.4,42.79,29.02,23.13,9.06,0.0,38.24,25.59,49.4,5.28,30.06,1.73,96.8,50.6,32.18,0.0,3.9,6.24,76.92,27.24,31.7,0.0,0.0,24.65,1.98,9.61,0.0,0.0,0.0,34.62,72.4,7.69,25.59,68.0,30.8,10.57,0.0,19.03,33.76,5.46,53.99,40.68,28.53,1.73,70,75,Yes
BDI,Burundi,Sub-Saharan Africa,2023,1,24.33,33.22,14.48,28.07,25.97,43.58,27.92,23.13,17.05,0.0,38.3,26.32,49.4,8.5,32.03,1.73,96.8,50.6,34.14,0.0,4.04,6.4,73.31,27.24,31.7,0.0,0.0,39.23,4.77,24.19,0.0,0.0,0.0,34.62,72.59,7.69,26.32,68.0,30.8,10.57,6.43,19.67,33.76,7.0,53.19,43.64,39.5,1.73,70,75,Yes
BDI,Burundi,Sub-Saharan Africa,2024,1,24.51,33.81,12.11,29.62,29.76,45.68,27.29,23.13,11.13,0.0,38.3,27.82,49.4,11.64,33.01,16.77,96.8,52.0,38.0,0.0,5.17,7.37,69.33,27.24,31.7,0.0,0.0,25.95,7.65,10.92,0.0,0.0,0.0,34.62,72.59,7.69,27.82,68.0,30.8,10.57,12.71,18.98,31.46,7.93,49.76,52.96,39.41,16.77,70,75,Yes
BEL,Belgium,Europe & Central Asia,2021,0,84.71,75.93,84.25,93.89,85.75,93.46,64.28,64.17,77.0,95.88,75.48,89.22,97.5,94.95,83.13,96.25,100.0,100.0,100.0,34.57,47.41,58.55,86.87,61.14,68.23,87.5,0.0,85.46,78.68,75.32,68.53,100.0,91.76,63.22,63.22,100.0,89.22,100.0,95.0,96.56,93.33,82.68,67.44,78.8,91.03,82.41,94.0,96.25,90,85,Yes
BEL,Belgium,Europe & Central Asia,2022,0,85.72,85.56,82.28,89.48,85.71,95.45,76.98,82.95,81.57,86.4,75.48,87.29,96.36,84.79,83.07,96.25,100.0,100.0,100.0,54.53,69.16,73.89,87.88,89.71,83.23,87.5,0.0,90.42,82.62,80.52,72.72,91.76,81.03,63.22,63.22,100.0,87.29,100.0,92.73,89.58,80.0,82.68,68.99,77.97,89.93,83.27,94.0,96.25,90,85,Yes
BEL,Belgium,Europe & Central Asia,2023,0,89.66,92.38,86.99,94.4,85.18,97.45,92.01,82.95,85.58,94.15,75.48,90.24,96.36,96.59,82.41,96.25,100.0,100.0,100.0,74.49,100.0,87.63,88.41,89.71,83.23,87.5,0.0,91.45,89.62,81.55,79.72,99.52,88.79,63.22,63.22,100.0,90.24,100.0,92.73,100.0,93.18,82.62,68.99,75.48,89.5,83.22,93.5,96.25,90,85,Yes
BEL,Belgium,Europe & Central Asia,2024,0,89.03,93.39,83.8,94.04,85.38,97.7,94.29,82.95,77.13,94.65,75.48,90.3,96.36,95.45,82.52,96.82,100.0,100.0,100.0,77.0,100.0,93.25,89.63,89.71,83.23,87.5,0.0,84.06,79.42,74.16,70.86,100.0,89.29,63.22,63.22,100.0,90.3,100.0,92.73,93.13,97.78,82.51,72.24,74.33,86.68,86.29,93.33,96.82,90,85,Yes
BEN,Benin,Sub-Saharan Africa,2021,1,40.47,53.74,38.62,33.11,39.02,77.8,38.72,35.64,23.85,37.71,69.99,40.34,38.48,20.53,28.76,80.06,98.0,91.0,79.0,0.0,9.56,21.63,84.98,41.71,49.27,0.0,0.0,41.32,20.19,27.5,6.38,45.19,30.22,75.53,34.44,100.0,40.34,43.83,33.12,36.51,4.55,31.58,51.82,12.33,47.83,11.8,28.7,80.06,70,75,Yes
BEN,Benin,Sub-Saharan Africa,2022,1,40.95,56.56,35.93,35.62,38.86,81.8,41.79,35.64,25.27,39.25,50.6,41.26,42.25,23.36,28.56,80.06,98.0,93.0,87.0,0.0,11.71,26.51,87.15,41.71,49.27,0.0,0.0,42.74,21.61,28.92,7.8,46.73,31.76,58.16,34.44,59.18,41.26,51.38,33.12,31.73,15.0,31.08,52.45,9.61,48.95,12.95,28.0,80.06,70,75,Yes
BEN,Benin,Sub-Saharan Africa,2023,1,38.71,59.01,25.43,37.29,40.14,85.4,44.31,35.64,20.07,17.94,51.13,42.31,42.25,27.31,30.15,80.06,98.0,96.0,93.0,0.0,16.05,32.51,84.36,41.71,49.27,0.0,0.0,30.87,23.08,17.06,9.26,25.43,10.46,58.16,36.04,59.18,42.31,51.38,33.12,46.5,8.11,31.46,52.45,15.47,47.28,16.34,28.0,80.06,70,75,Yes
BEN,Benin,Sub-Saharan Africa,2024,1,40.97,61.66,26.73,40.9,41.78,87.37,48.95,35.64,22.3,18.96,51.13,43.76,42.25,36.69,29.34,91.54,98.0,97.0,95.0,7.69,22.41,39.77,84.67,41.71,49.27,0.0,0.0,35.44,25.4,21.62,6.74,26.45,11.48,58.16,36.04,59.18,43.76,51.38,33.12,64.29,9.09,31.63,52.02,16.53,41.01,17.32,28.35,91.54,70,75,Yes
BFA,Burkina Faso,Sub-Saharan Africa,2021,1,28.52,34.88,25.48,29.03,25.65,41.39,29.42,32.8,13.78,15.99,67.86,37.34,29.79,19.98,22.07,39.98,97.9,45.0,34.0,0.0,6.44,15.07,66.76,42.48,38.53,0.0,0.0,28.92,12.09,14.1,0.0,24.02,7.96,73.73,29.84,100.0,37.34,36.97,22.61,28.84,11.11,13.82,41.89,9.72,37.41,19.26,18.37,39.98,70,75,Yes
BFA,Burkina Faso,Sub-Saharan Africa,2022,1,32.23,45.69,29.77,30.78,25.78,62.59,35.24,32.8,14.96,25.97,67.0,38.32,31.61,22.41,22.23,39.98,97.9,77.0,55.0,0.0,7.42,17.63,80.67,42.48,38.53,0.0,0.0,30.5,13.67,15.67,0.0,34.0,17.93,73.73,27.28,100.0,38.32,40.92,22.3,44.81,0.0,13.93,37.3,8.93,38.8,21.78,18.15,39.98,70,75,Yes
BFA,Burkina Faso,Sub-Saharan Africa,2023,1,32.14,50.32,23.95,33.06,26.76,66.19,42.2,34.8,17.61,8.0,68.55,39.4,29.4,30.39,23.46,39.98,97.9,81.0,60.0,0.0,12.74,29.14,84.72,42.48,45.2,0.0,0.0,35.46,14.34,20.63,0.0,16.0,0.0,73.73,31.91,100.0,39.4,40.92,17.87,60.78,0.0,14.54,37.3,12.1,39.85,23.07,18.15,39.98,70,75,Yes
BFA,Burkina Faso,Sub-Saharan Africa,2024,1,35.76,53.59,26.47,34.82,33.1,68.19,48.38,34.8,21.87,10.03,68.55,40.98,29.4,34.07,23.77,70.39,97.9,83.0,63.0,0.0,20.35,40.05,84.75,42.48,45.2,0.0,0.0,36.35,22.53,21.52,7.11,18.06,2.0,73.73,31.91,100.0,40.98,40.92,17.87,56.52,11.63,18.01,33.76,14.09,35.25,25.56,18.15,70.39,70,75,Yes
BGD,Bangladesh,South Asia,2021,2,50.09,56.94,47.57,42.12,55.17,88.44,41.07,25.67,69.56,44.08,10.56,52.07,60.23,14.06,48.64,81.27,99.62,98.1,98.1,0.0,10.06,31.13,82.02,25.33,43.33,0.0,0.0,89.47,62.6,76.52,49.65,51.09,37.07,31.68,0.0,0.0,52.07,76.0,44.46,24.72,3.39,29.42,63.2,28.81,60.16,70.0,46.45,81.27,60,65,No
BGD,Bangladesh,South Asia,2022,2,52.3,60.81,47.17,46.72,55.82,88.6,45.83,35.17,72.95,39.69,10.56,54.22,61.73,24.21,49.46,81.27,99.63,98.3,98.3,0.0,12.58,41.7,83.2,25.33,75.0,0.0,0.0,92.85,65.99,79.91,53.04,46.71,32.68,31.68,0.0,0.0,54.22,79.0,44.46,34.44,13.99,29.4,65.21,25.82,61.47,70.32,55.3,81.27,60,65,No
BGD,Bangladesh,South Asia,2023,2,53.21,63.49,47.33,48.04,55.53,88.84,52.31,35.17,76.15,36.89,10.56,56.44,61.73,25.94,49.09,81.27,99.63,98.6,98.6,0.0,20.54,49.64,86.75,25.33,75.0,0.0,0.0,90.0,75.25,77.05,62.3,43.9,29.88,31.68,0.0,0.0,56.44,79.0,44.46,31.68,20.2,29.35,65.21,29.97,60.52,70.45,45.16,81.27,60,65,No
BGD,Bangladesh,South Asia,2024,2,53.29,69.05,40.22,49.24,58.99,89.13,65.9,35.17,58.61,36.66,10.56,58.16,61.73,27.84,49.49,96.96,99.64,98.96,98.96,0.0,35.98,71.61,90.12,25.33,75.0,0.0,0.0,73.7,56.02,60.75,43.97,43.67,29.64,31.68,0.0,0.0,58.16,79.0,44.46,33.26,22.43,29.95,73.74,33.46,55.84,72.85,36.99,96.96,60,65,No
BGR,Bulgaria,Europe & Central Asia,2021,3,76.89,72.14,76.15,86.72,73.36,95.76,62.09,45.0,70.18,81.3,77.78,83.42,78.44,98.31,74.85,67.38,100.0,100.0,100.0,57.62,47.65,51.2,87.41,32.0,59.17,75.0,0.0,80.67,76.02,64.33,59.68,90.16,72.45,66.67,66.67,100.0,83.42,98.0,58.87,97.53,99.1,71.26,73.99,63.1,94.04,83.41,50.91,67.38,45,50,No
BGR,Bulgaria,Europe & Central Asia,2022,0,78.42,84.01,74.65,82.88,72.78,97.73,88.45,47.67,75.07,72.67,77.78,83.76,77.86,87.04,74.12,67.38,100.0,100.0,100.0,77.34,94.72,80.79,89.84,32.0,59.17,75.0,53.33,82.8,82.8,67.34,67.34,81.04,64.29,66.67,66.67,100.0,83.76,98.0,57.71,96.3,77.78,71.5,70.92,64.84,93.6,82.42,45.6,67.38,90,85,Yes
BGR,Bulgaria,Europe & Central Asia,2023,0,81.89,93.55,76.31,86.66,72.68,98.49,97.26,76.24,77.07,74.83,77.78,83.95,77.86,98.17,74.0,67.38,100.0,100.0,100.0,84.88,100.0,100.0,91.78,89.14,59.17,75.0,53.33,84.8,84.8,69.33,69.33,83.2,66.45,66.67,66.67,100.0,83.95,98.0,57.71,96.34,100.0,71.84,70.92,64.1,92.95,82.49,46.37,67.38,90,85,Yes
BGR,Bulgaria,Europe & Central Asia,2024,0,81.05,93.8,74.32,83.61,74.03,98.9,97.49,76.24,69.98,76.94,77.78,84.47,77.86,88.51,73.9,74.56,100.0,100.0,100.0,89.0,100.0,100.0,92.48,89.14,59.17,75.0,53.33,82.38,73.01,66.91,57.63,85.31,68.56,66.67,66.67,100.0,84.47,98.0,57.71,89.36,87.65,71.94,77.27,64.77,90.32,83.92,39.83,74.56,90,85,Yes
BHR,Bahrain,Middle East & North Africa,2021,0,77.72,80.3,73.39,85.87,72.1,100.0,69.41,62.7,57.54,75.92,100.0,84.11,86.49,87.01,70.66,77.86,100.0,100.0,100.0,100.0,54.31,61.84,92.07,61.9,68.33,75.0,0.0,66.66,66.66,48.43,48.43,85.8,66.05,100.0,100.0,100.0,84.11,97.88,75.11,100.0,74.02,57.47,77.03,100.0,88.1,34.69,69.0,77.86,90,85,Yes
BHR,Bahrain,Middle East & North Africa,2022,0,79.96,90.45,72.99,86.17,71.86,100.0,94.78,62.7,59.01,73.46,100.0,84.47,86.4,87.65,70.36,77.86,100.0,100.0,100.0,100.0,100.0,91.0,93.34,61.9,68.33,75.0,0.0,68.15,68.15,49.88,49.88,83.36,63.56,100.0,100.0,100.0,84.47,98.0,74.8,100.0,75.29,57.23,75.23,98.72,88.77,34.96,69.0,77.86,90,85,Yes
BHR,Bahrain,Middle East & North Africa,2023,0,81.25,91.77,74.03,90.4,70.95,100.0,98.06,62.7,58.34,76.73,100.0,84.97,86.24,100.0,69.22,77.86,100.0,100.0,100.0,100.0,100.0,100.0,94.19,61.9,68.33,75.0,0.0,67.44,67.44,49.24,49.24,86.59,66.87,100.0,100.0,100.0,84.97,98.0,74.48,100.0,100.0,57.73,75.23,94.23,88.27,35.77,65.0,77.86,90,85,Yes
BHR,Bahrain,Middle East & North Africa,2024,0,82.3,91.81,75.99,89.52,73.47,100.0,98.18,62.7,63.43,76.55,100.0,85.42,86.24,96.91,67.35,97.94,100.0,100.0,100.0,100.0,100.0,100.0,94.53,61.9,68.33,75.0,0.0,75.07,70.86,56.87,50.92,86.41,66.69,100.0,100.0,100.0,85.42,98.0,74.48,100.0,93.81,57.54,90.31,79.09,84.78,37.82,64.76,97.94,90,85,Yes
BHS,Bahamas,Latin America & Caribbean,2021,2,66.88,64.24,70.72,80.41,54.76,89.1,56.32,30.33,54.52,73.48,97.62,70.68,70.54,100.0,65.11,13.37,99.0,99.0,99.0,0.0,29.04,50.47,89.45,46.67,23.33,0.0,0.0,71.74,59.16,49.87,37.29,85.32,61.63,96.43,96.43,100.0,70.68,97.0,44.08,100.0,100.0,82.59,64.9,67.07,77.48,15.99,100.0,13.37,60,65,No
BHS,Bahamas,Latin America & Caribbean,2022,3,68.29,64.17,78.92,81.04,52.98,89.1,56.15,30.33,57.94,89.37,100.0,72.57,70.54,100.0,62.89,13.37,99.0,99.0,99.0,0.0,30.21,49.15,89.09,46.67,23.33,0.0,0.0,74.28,61.7,54.18,41.6,100.0,78.73,100.0,100.0,100.0,72.57,97.0,44.08,100.0,100.0,82.63,62.14,57.83,76.73,16.18,100.0,13.37,45,50,No
BHS,Bahamas,Latin America & Caribbean,2023,3,68.65,64.82,79.82,81.47,52.68,89.1,57.79,30.33,59.4,90.15,100.0,74.47,70.54,99.39,62.51,13.37,99.0,99.0,99.0,0.0,31.23,52.93,89.22,46.67,23.33,0.0,0.0,75.75,63.17,55.62,43.04,100.0,80.3,100.0,100.0,100.0,74.47,97.0,44.08,100.0,98.79,82.2,62.14,57.92,74.4,16.94,100.0,13.37,45,50,No
BHS,Bahamas,Latin America & Caribbean,2024,3,70.22,67.95,80.04,81.25,55.02,94.66,60.05,30.33,59.76,90.35,100.0,75.73,70.54,97.49,60.27,34.0,99.0,99.0,99.0,55.55,33.16,56.43,90.57,46.67,23.33,0.0,0.0,76.1,63.52,55.99,43.41,100.0,80.7,100.0,100.0,100.0,75.73,97.0,44.08,95.72,99.27,84.54,54.02,59.12,66.01,14.67,100.0,34.0,45,50,No
BIH,Bosnia and Herzegovina,Europe & Central Asia,2021,2,62.77,60.06,57.08,79.48,56.97,84.0,45.8,40.72,51.18,49.05,84.9,84.67,76.24,77.53,63.85,29.44,100.0,95.0,90.0,0.0,16.62,32.9,87.88,50.86,50.97,0.0,0.0,58.96,58.96,43.41,43.41,57.48,40.63,77.35,77.35,100.0,84.67,99.0,53.48,75.44,79.62,56.98,51.26,61.65,75.83,80.9,36.5,29.44,60,65,No
BIH,Bosnia and Herzegovina,Europe & Central Asia,2022,2,63.23,63.21,57.61,78.71,55.77,84.3,53.38,40.72,51.92,49.67,84.9,84.95,76.32,74.88,62.35,29.44,100.0,95.2,90.55,0.0,21.35,49.69,89.1,50.86,50.97,0.0,0.0,59.69,59.69,44.14,44.14,58.09,41.25,77.35,77.35,100.0,84.95,99.0,53.63,72.22,77.53,56.77,48.98,54.3,76.25,81.95,36.0,29.44,60,65,No
BIH,Bosnia and Herzegovina,Europe & Central Asia,2023,3,67.79,69.06,62.3,84.5,58.07,87.56,64.73,40.72,61.14,52.16,84.9,85.32,76.32,91.87,65.23,29.44,100.0,98.0,94.0,7.62,31.94,72.14,90.09,50.86,50.97,0.0,0.0,68.93,68.93,53.36,53.36,60.59,43.73,77.35,77.35,100.0,85.32,99.0,53.63,92.83,90.91,57.41,48.98,67.44,76.21,82.36,36.5,29.44,45,50,No
BIH,Bosnia and Herzegovina,Europe & Central Asia,2024,3,67.67,71.53,60.18,83.19,58.56,90.43,68.04,40.72,54.91,53.1,84.9,85.79,76.32,87.47,64.79,33.61,100.0,98.5,97.0,22.31,37.75,76.01,90.35,50.86,50.97,0.0,0.0,62.69,62.69,47.12,47.12,61.53,44.67,77.35,77.35,100.0,85.79,99.0,53.63,82.08,92.86,57.73,50.03,63.0,73.11,85.82,38.57,33.61,45,50,No
BLR,Belarus,Europe & Central Asia,2021,3,67.98,62.87,61.18,84.52,65.69,87.99,49.03,40.34,68.51,58.31,52.28,77.03,80.22,96.3,69.47,50.57,99.9,100.0,95.0,0.0,16.48,43.34,87.27,52.95,46.2,0.0,0.0,73.1,73.1,63.91,63.91,63.29,53.33,50.0,46.83,60.0,77.03,100.0,60.45,92.59,100.0,58.9,61.81,43.56,84.88,93.65,70.88,50.57,45,50,No
BLR,Belarus,Europe & Central Asia,2022,3,66.93,64.23,56.42,84.59,65.46,89.19,51.22,40.34,70.16,46.56,48.68,77.48,79.98,96.3,69.18,50.57,99.9,100.0,98.0,0.0,17.18,49.56,86.93,52.95,46.2,0.0,0.0,74.76,74.76,65.56,65.56,51.54,41.58,46.83,46.83,52.38,77.48,100.0,59.96,92.59,100.0,59.85,53.02,44.91,85.19,94.2,70.5,50.57,45,50,No
BLR,Belarus,Europe & Central Asia,2023,3,68.19,66.86,56.67,84.47,67.56,89.44,57.55,40.34,71.23,46.12,48.68,77.87,79.25,96.3,71.81,50.57,99.9,100.0,98.0,2.45,25.83,59.92,86.89,52.95,46.2,0.0,0.0,75.82,75.82,66.63,66.63,51.1,41.14,46.83,46.83,52.38,77.87,100.0,58.49,92.59,100.0,59.49,53.02,58.07,85.84,94.25,69.75,50.57,45,50,No
BLR,Belarus,Europe & Central Asia,2024,3,70.47,69.52,58.66,84.83,71.28,90.55,63.08,40.34,72.95,46.04,55.29,78.94,79.25,96.3,73.72,61.53,99.9,99.9,99.0,10.0,32.78,68.05,88.41,52.95,46.2,0.0,0.0,77.55,77.55,68.35,68.35,51.02,41.06,46.83,66.67,52.38,78.94,100.0,58.49,92.59,100.0,58.66,57.6,67.44,84.81,94.96,67.86,61.53,45,50,No
BLZ,Belize,Latin America & Caribbean,2021,2,61.61,57.2,53.83,75.21,62.24,87.4,43.52,24.17,33.15,61.5,79.84,67.02,71.91,86.71,75.22,10.29,98.0,98.0,96.0,0.0,14.51,29.13,86.91,41.87,10.8,0.0,0.0,43.87,39.66,26.63,22.42,70.84,52.16,94.44,45.06,100.0,67.02,90.92,52.9,81.27,92.15,78.85,35.36,70.01,91.27,71.0,94.6,10.29,60,65,No
BLZ,Belize,Latin America & Caribbean,2022,2,62.21,56.76,56.5,75.34,61.97,87.4,42.42,24.17,36.36,64.98,79.84,69.16,70.87,86.0,74.89,10.29,98.0,98.0,96.0,0.0,12.97,29.38,84.9,41.87,10.8,0.0,0.0,47.08,42.87,29.84,25.63,74.32,55.64,94.44,45.06,100.0,69.16,90.92,50.83,81.27,90.73,78.82,44.25,61.31,90.15,74.27,95.5,10.29,60,65,No
BLZ,Belize,Latin America & Caribbean,2023,2,62.75,57.36,57.42,77.05,61.08,87.4,43.92,24.17,37.46,66.18,79.84,71.16,69.34,90.64,73.77,10.29,98.0,98.0,96.0,0.0,13.83,30.89,87.04,41.87,10.8,0.0,0.0,48.19,43.98,30.94,26.73,75.52,56.83,94.44,45.06,100.0,71.16,90.92,47.77,81.27,100.0,79.19,44.25,53.58,89.56,77.18,94.45,10.29,60,65,No
BLZ,Belize,Latin America & Caribbean,2024,2,64.24,57.71,58.93,77.0,65.05,87.35,44.84,24.17,39.27,68.14,79.84,72.23,69.34,89.43,73.22,32.35,98.0,97.95,95.93,0.0,15.83,32.55,86.15,41.87,10.8,0.0,0.0,50.01,45.8,32.74,28.53,77.49,58.78,94.44,45.06,100.0,72.23,90.92,47.77,81.27,97.59,78.31,40.55,54.47,88.75,77.52,93.57,32.35,60,65,No
BOL,Bolivia,Latin America & Caribbean,2021,2,59.21,59.52,49.13,74.08,56.73,79.97,53.02,31.6,44.81,40.14,75.75,59.28,79.06,83.92,66.87,16.14,100.0,90.0,84.93,0.0,18.06,52.02,88.98,42.19,35.0,0.0,0.0,62.28,45.33,44.3,27.34,49.88,30.4,92.48,34.76,100.0,59.28,94.0,64.11,92.91,74.92,44.68,55.09,68.63,69.48,79.3,89.45,16.14,60,65,No
BOL,Bolivia,Latin America & Caribbean,2022,2,60.32,59.3,51.52,78.2,55.41,80.8,51.65,31.6,49.53,41.41,75.75,61.02,79.84,93.75,65.23,16.14,100.0,91.0,86.0,0.0,15.56,51.86,87.55,42.19,35.0,0.0,0.0,70.29,47.13,51.93,28.78,51.35,31.46,92.48,34.76,100.0,61.02,94.0,65.67,100.0,87.5,44.75,51.93,60.15,68.8,81.23,90.5,16.14,60,65,No
BOL,Bolivia,Latin America & Caribbean,2023,2,60.52,58.88,52.45,77.85,55.81,81.6,49.8,31.6,49.66,40.67,81.58,62.63,79.84,91.08,65.73,16.14,100.0,92.0,87.0,0.0,14.41,48.78,86.21,42.19,35.0,0.0,0.0,70.55,47.39,51.94,28.78,50.75,30.59,92.48,52.25,100.0,62.63,94.0,65.67,92.42,89.74,44.33,51.93,60.14,67.66,85.07,91.0,16.14,60,65,No
BOL,Bolivia,Latin America & Caribbean,2024,2,61.23,60.15,50.13,77.17,60.4,82.26,52.31,31.6,42.83,41.71,81.58,64.11,79.84,87.57,64.72,43.15,100.0,93.04,87.6,0.0,16.75,52.75,87.43,42.19,35.0,0.0,0.0,58.19,45.94,39.58,27.62,51.79,31.63,92.48,52.25,100.0,64.11,94.0,65.67,92.42,82.72,44.17,59.87,59.6,61.07,84.27,89.05,43.15,60,65,No
BRA,Brazil,Latin America & Caribbean,2021,3,71.77,67.3,55.75,82.7,85.52,81.86,56.07,60.62,66.66,64.6,16.23,67.29,80.8,100.0,82.75,96.6,90.31,89.52,88.3,17.0,30.41,52.22,85.57,75.24,76.67,0.0,0.0,88.07,70.43,62.89,45.25,78.24,50.96,13.24,35.45,0.0,67.29,93.0,68.59,100.0,100.0,62.63,88.35,78.85,86.31,95.51,92.5,96.6,45,50,No
BRA,Brazil,Latin America & Caribbean,2022,0,78.54,76.56,70.4,83.43,84.61,86.25,61.08,88.13,69.17,88.19,37.31,69.05,81.25,100.0,81.62,96.6,92.52,92.0,92.0,34.0,39.78,57.48,85.97,84.76,91.67,95.0,80.0,90.14,72.5,65.83,48.19,100.0,76.38,44.79,35.45,31.7,69.05,93.0,69.51,100.0,100.0,62.84,89.64,70.29,86.82,95.82,95.0,96.6,90,85,Yes
BRA,Brazil,Latin America & Caribbean,2023,0,80.81,85.8,69.97,84.01,84.53,88.15,82.29,88.13,71.62,84.64,37.31,70.78,81.25,100.0,81.52,96.6,92.52,92.0,92.0,53.0,83.41,77.27,86.2,84.76,91.67,95.0,80.0,92.43,74.79,68.45,50.81,97.62,71.65,44.79,35.45,31.7,70.78,93.0,69.51,100.0,100.0,63.17,89.64,65.96,86.38,100.0,94.5,96.6,90,85,Yes
BRA,Brazil,Latin America & Caribbean,2024,0,78.8,89.16,61.63,83.73,83.79,89.15,89.68,88.13,56.17,84.36,27.08,72.19,81.25,97.75,80.61,96.54,92.52,92.0,92.0,63.0,100.0,82.18,86.85,84.76,91.67,95.0,80.0,71.1,66.73,47.13,39.7,97.35,71.38,35.65,35.45,10.14,72.19,93.0,69.51,100.0,95.51,63.41,90.63,65.78,82.81,100.0,91.43,96.54,90,85,Yes
BRB,Barbados,Latin America & Caribbean,2021,2,61.98,64.6,48.79,84.98,55.11,86.4,59.13,31.95,39.35,57.42,50.4,67.09,87.84,100.0,64.66,16.89,99.6,96.09,95.0,0.0,32.43,52.58,92.38,41.9,36.67,0.0,0.0,46.89,46.06,32.64,31.82,65.13,49.7,59.84,28.25,63.11,67.09,99.6,76.07,100.0,100.0,67.21,55.77,84.67,82.65,10.9,100.0,16.89,60,65,No
BRB,Barbados,Latin America & Caribbean,2022,2,61.36,64.65,48.19,85.52,53.22,89.2,56.46,31.95,38.87,56.4,50.4,68.73,87.84,99.99,62.3,16.89,100.0,99.0,99.0,0.0,28.54,48.53,92.31,41.9,36.67,0.0,0.0,45.96,45.96,31.77,31.77,64.09,48.72,59.84,28.25,63.11,68.73,99.6,76.07,99.99,100.0,66.22,53.88,74.38,83.09,10.87,100.0,16.89,60,65,No
BRB,Barbados,Latin America & Caribbean,2023,2,62.83,65.6,54.01,85.71,51.32,89.2,58.83,31.95,40.18,69.63,50.4,70.38,87.84,98.9,59.92,16.89,100.0,99.0,99.0,0.0,34.45,51.32,90.73,41.9,36.67,0.0,0.0,47.29,47.29,33.08,33.08,77.33,61.93,59.84,28.25,63.11,70.38,99.6,76.07,100.0,97.8,66.36,53.88,63.04,82.26,11.01,100.0,16.89,60,65,No
BRB,Barbados,Latin America & Caribbean,2024,3,65.12,65.9,57.85,85.83,54.98,89.2,59.56,31.95,48.51,70.91,50.4,71.89,87.84,97.76,59.57,36.61,100.0,99.0,99.0,0.0,36.88,50.57,91.24,41.9,36.67,0.0,0.0,56.27,54.83,42.05,40.9,78.61,63.2,59.84,28.25,63.11,71.89,99.6,76.07,100.0,95.51,66.68,49.76,63.14,80.94,12.23,100.0,36.61,45,50,No
BRN,Brunei Darussalam,East Asia & Pacific,2021,3,72.1,60.23,81.77,85.55,64.15,86.3,52.93,22.67,81.15,73.27,100.0,79.78,76.87,100.0,66.17,56.07,99.0,96.0,95.0,0.0,22.56,44.85,91.4,33.33,20.0,0.0,0.0,87.82,82.76,79.54,74.48,77.75,68.78,100.0,100.0,100.0,79.78,97.2,56.54,100.0,100.0,59.32,61.12,100.0,80.51,29.45,62.05,56.07,45,50,No
BRN,Brunei Darussalam,East Asia & Pacific,2022,3,73.96,65.11,84.28,86.53,63.01,86.3,65.13,22.67,84.36,76.33,100.0,82.71,76.87,100.0,64.75,56.07,99.0,96.0,95.0,0.0,35.56,67.16,92.68,33.33,20.0,0.0,0.0,90.98,85.92,82.81,77.74,80.75,71.9,100.0,100.0,100.0,82.71,97.2,56.54,100.0,100.0,61.24,58.71,92.53,79.45,29.45,63.43,56.07,45,50,No
BRN,Brunei Darussalam,East Asia & Pacific,2023,3,71.91,72.47,82.24,76.97,58.27,87.62,82.23,22.67,81.63,73.97,100.0,85.24,76.87,68.81,58.82,56.07,99.23,96.0,95.0,12.98,64.41,91.69,90.57,33.33,20.0,0.0,0.0,88.29,83.23,80.04,74.98,78.43,69.5,100.0,100.0,100.0,85.24,97.2,56.54,80.04,57.58,58.97,58.71,66.0,78.44,29.45,63.78,56.07,45,50,No
BRN,Brunei Darussalam,East Asia & Pacific,2024,3,74.59,78.99,82.59,79.27,59.85,89.41,96.72,22.67,82.16,74.31,100.0,85.73,76.87,75.19,57.22,70.4,99.07,96.0,95.41,29.38,97.24,100.0,92.92,33.33,20.0,0.0,0.0,88.81,83.74,80.59,75.52,78.77,69.86,100.0,100.0,100.0,85.73,97.2,56.54,84.58,65.81,58.37,58.02,65.12,73.69,29.45,60.9,70.4,45,50,No
BTN,Bhutan,South Asia,2021,2,59.62,60.37,61.35,74.89,45.55,80.0,51.07,39.71,59.2,44.18,100.0,69.62,59.58,95.45,52.35,18.34,98.0,90.0,85.0,1.95,16.55,49.72,86.95,71.43,13.33,0.0,0.0,78.2,51.44,66.96,40.2,50.27,38.1,100.0,100.0,100.0,69.62,67.0,52.17,100.0,90.91,49.33,64.1,70.69,72.36,37.32,0.0,18.34,60,65,No
BTN,Bhutan,South Asia,2022,2,60.61,63.52,62.85,77.32,43.72,81.06,57.88,39.71,61.63,45.5,100.0,72.37,59.58,100.0,50.07,18.34,98.0,90.0,85.0,12.61,21.71,62.42,89.51,71.43,13.33,0.0,0.0,80.63,53.87,69.4,42.64,51.58,39.41,100.0,100.0,100.0,72.37,67.0,52.17,100.0,100.0,48.87,59.96,60.55,73.62,37.32,0.0,18.34,60,65,No
BTN,Bhutan,South Asia,2023,2,61.07,67.15,60.93,78.3,43.42,82.77,65.24,39.71,62.76,39.55,100.0,75.33,59.58,100.0,49.69,18.34,98.0,90.0,87.0,21.7,36.22,70.17,89.31,71.43,13.33,0.0,0.0,81.76,55.0,70.52,43.77,45.63,33.46,100.0,100.0,100.0,75.33,67.0,52.17,100.0,100.0,49.75,59.96,57.38,74.02,37.32,0.0,18.34,60,65,No
BTN,Bhutan,South Asia,2024,3,64.39,68.11,62.02,78.68,51.74,83.44,66.98,39.71,64.47,40.58,100.0,76.46,59.58,100.0,49.48,60.77,98.0,90.0,87.0,28.41,39.97,71.26,89.71,71.43,13.33,0.0,0.0,74.25,66.89,63.02,53.7,46.67,34.5,100.0,100.0,100.0,76.46,67.0,52.17,100.0,100.0,49.17,58.86,59.07,72.39,37.32,0.0,60.77,45,50,No
BWA,Botswana,Sub-Saharan Africa,2021,2,59.59,54.8,67.2,70.82,48.33,89.1,38.29,19.23,43.34,75.85,97.62,61.6,63.01,87.84,47.15,53.06,99.0,99.0,99.0,0.0,12.76,23.03,79.09,18.86,32.67,0.0,0.0,62.95,49.63,37.05,23.72,89.88,61.82,96.43,96.43,100.0,61.6,85.0,41.03,100.0,75.68,47.95,31.94,44.33,61.94,50.07,31.0,53.06,60,65,No
BWA,Botswana,Sub-Saharan Africa,2022,2,59.17,59.59,61.43,69.94,47.87,89.5,45.53,27.87,48.64,56.13,97.62,62.69,62.93,84.21,46.58,53.06,99.0,99.0,99.0,4.0,21.56,34.45,80.59,28.38,39.33,12.5,0.0,66.25,56.94,40.35,31.04,70.16,42.09,96.43,96.43,100.0,62.69,85.0,40.87,100.0,68.42,47.99,27.4,41.24,61.28,53.18,31.0,53.06,60,65,No
BWA,Botswana,Sub-Saharan Africa,2023,2,61.27,62.94,63.88,72.47,48.36,90.1,53.33,27.87,49.05,61.83,97.62,63.9,62.93,90.57,47.19,53.06,99.0,99.0,99.0,10.0,31.81,47.45,80.73,28.38,39.33,12.5,0.0,67.23,56.77,41.33,30.87,75.86,47.8,96.43,96.43,100.0,63.9,85.0,40.87,100.0,81.13,47.14,27.4,44.49,60.27,54.86,31.0,53.06,60,65,No
BWA,Botswana,Sub-Saharan Africa,2024,2,63.47,66.6,64.01,70.16,54.26,90.9,61.68,27.87,49.79,61.43,97.62,65.0,62.93,82.54,48.14,78.76,99.0,99.0,99.0,17.96,42.23,59.92,82.88,28.38,39.33,12.5,0.0,66.65,59.32,40.75,32.46,75.46,47.4,96.43,96.43,100.0,65.0,85.0,40.87,100.0,65.08,48.48,39.85,47.42,54.47,54.9,31.0,78.76,60,65,No
CAF,Central African Republic,Sub-Saharan Africa,2021,1,21.76,14.56,19.4,25.49,31.11,21.6,3.34,22.94,0.19,14.63,67.38,26.21,27.38,22.87,38.08,3.24,56.0,40.0,0.0,0.0,4.06,5.95,0.0,26.89,31.66,0.0,0.0,0.78,0.0,0.0,0.0,24.64,4.62,70.17,31.97,100.0,26.21,42.44,12.32,45.74,0.0,74.47,11.28,2.42,70.81,7.0,60.15,3.24,70,75,Yes
CAF,Central African Republic,Sub-Saharan Africa,2022,1,21.88,15.36,18.89,25.72,30.72,23.2,3.73,22.94,0.0,13.52,67.38,26.92,27.38,22.87,37.59,3.24,56.0,44.0,0.0,0.0,4.75,6.45,0.0,26.89,31.66,0.0,0.0,0.0,0.0,0.0,0.0,23.54,3.51,70.17,31.97,100.0,26.92,42.44,12.32,45.74,0.0,74.21,9.62,2.07,71.59,7.63,55.28,3.24,70,75,Yes
CAF,Central African Republic,Sub-Saharan Africa,2023,1,22.52,16.12,19.27,25.95,31.9,25.6,3.23,22.94,0.0,14.47,67.38,27.61,27.38,22.87,39.06,3.24,56.0,50.0,0.0,0.0,3.85,5.85,0.0,26.89,31.66,0.0,0.0,0.0,0.0,0.0,0.0,24.49,4.46,70.17,31.97,100.0,27.61,42.44,12.32,45.74,0.0,83.62,9.62,2.73,65.85,8.38,59.85,3.24,70,75,Yes
CAF,Central African Republic,Sub-Saharan Africa,2024,1,22.07,18.24,19.96,26.4,24.67,29.96,4.16,22.94,0.69,15.52,67.38,28.94,27.38,22.87,29.65,4.76,59.6,60.0,0.0,0.0,5.44,7.05,0.0,26.89,31.66,0.0,0.0,2.78,0.0,0.0,0.0,25.53,5.51,70.17,31.97,100.0,28.94,42.44,12.32,45.74,0.0,45.16,11.28,3.03,60.4,10.44,47.11,4.76,70,75,Yes
CAN,Canada,North America,2021,0,86.94,83.51,88.79,83.42,92.35,96.17,73.74,77.76,75.19,96.78,100.0,74.88,85.52,89.87,91.03,97.67,99.7,99.0,99.0,70.0,75.97,58.87,86.38,89.52,85.0,50.0,0.0,89.64,72.33,78.05,60.75,100.0,93.57,100.0,100.0,100.0,74.88,99.0,72.03,84.67,95.06,85.72,84.58,82.94,98.01,96.17,100.0,97.67,90,85,Yes
CAN,Canada,North America,2022,0,86.93,86.34,90.18,79.66,92.08,97.47,79.49,77.76,78.1,97.35,100.0,75.19,85.57,78.23,90.69,97.67,99.7,99.0,99.0,83.0,85.46,66.06,86.94,89.52,85.0,50.0,0.0,90.56,77.23,78.98,65.65,100.0,94.7,100.0,100.0,100.0,75.19,99.0,72.14,74.64,81.82,85.97,85.04,83.14,96.63,95.17,100.0,97.67,90,85,Yes
CAN,Canada,North America,2023,0,88.46,92.41,86.74,83.62,91.35,97.77,90.63,85.26,71.5,95.35,100.0,75.42,85.57,89.87,89.77,97.67,99.7,99.0,99.0,86.0,100.0,83.29,88.61,89.52,85.0,100.0,0.0,77.29,77.29,65.71,65.71,100.0,90.7,100.0,100.0,100.0,75.42,99.0,72.14,84.67,95.06,85.43,85.04,79.11,95.93,95.86,100.0,97.67,90,85,Yes
CAN,Canada,North America,2024,0,87.2,92.93,84.52,81.8,90.02,98.07,91.62,85.26,65.92,95.37,100.0,76.73,85.57,83.08,89.23,93.18,99.7,99.0,99.0,89.0,100.0,86.77,88.09,89.52,85.0,100.0,0.0,72.25,72.47,60.67,58.3,100.0,90.74,100.0,100.0,100.0,76.73,99.0,72.14,82.08,84.09,85.55,85.52,78.66,92.7,96.47,100.0,93.18,90,85,Yes
CHE,Switzerland,Europe & Central Asia,2021,0,89.12,90.7,94.75,86.7,84.67,99.82,84.53,84.77,89.3,97.59,100.0,85.96,87.7,86.44,84.09,86.97,100.0,99.9,99.9,99.0,71.47,91.94,90.19,95.24,86.33,75.0,0.0,100.0,91.22,88.37,77.6,100.0,95.18,100.0,100.0,100.0,85.96,100.0,75.4,82.64,90.24,90.11,79.86,83.74,100.0,61.43,90.5,86.97,90,85,Yes
CHE,Switzerland,Europe & Central Asia,2022,0,91.57,94.61,100.0,87.98,84.45,99.82,94.33,84.77,100.0,100.0,100.0,86.36,88.22,89.37,83.82,86.97,100.0,99.9,99.9,99.0,92.18,100.0,90.82,95.24,86.33,75.0,0.0,100.0,100.0,100.0,100.0,100.0,100.0,100.0,100.0,100.0,86.36,100.0,76.44,85.96,92.77,90.23,76.77,81.56,100.0,61.91,94.0,86.97,90,85,Yes
CHE,Switzerland,Europe & Central Asia,2023,0,92.57,95.75,100.0,91.64,83.69,99.82,97.18,84.77,100.0,100.0,100.0,86.7,88.22,100.0,82.87,86.97,100.0,99.9,99.9,99.0,100.0,100.0,91.54,95.24,86.33,75.0,0.0,100.0,100.0,100.0,100.0,100.0,100.0,100.0,100.0,100.0,86.7,100.0,76.44,100.0,100.0,90.35,76.77,76.85,100.0,62.49,92.5,86.97,90,85,Yes
CHE,Switzerland,Europe & Central Asia,2024,0,90.28,95.9,92.39,87.75,85.44,99.82,97.54,84.77,80.97,100.0,100.0,86.87,88.22,88.16,83.98,91.25,100.0,99.9,99.9,99.0,100.0,100.0,92.63,95.24,86.33,75.0,0.0,90.01,82.17,76.39,75.29,100.0,100.0,100.0,100.0,100.0,86.87,100.0,76.44,85.96,90.36,90.26,84.08,74.09,97.7,67.74,96.19,91.25,90,85,Yes
CHL,Chile,Latin America & Caribbean,2021,3,76.29,69.07,70.91,84.47,81.87,88.89,50.62,66.35,69.84,71.33,72.18,73.3,85.38,94.72,85.13,68.83,99.0,99.0,98.0,1.93,16.59,50.79,84.48,76.19,50.0,75.0,40.0,81.83,75.72,63.97,57.86,81.01,61.66,70.17,46.38,100.0,73.3,96.0,74.76,96.49,92.94,67.36,84.05,90.31,83.56,96.42,92.0,68.83,45,50,No
CHL,Chile,Latin America & Caribbean,2022,3,77.05,70.6,70.81,87.37,80.7,89.53,53.8,66.35,73.27,67.65,72.18,75.26,86.85,100.0,83.67,68.83,99.0,99.0,98.0,8.26,27.37,50.83,83.21,76.19,50.0,75.0,40.0,85.64,78.78,67.77,60.91,77.33,57.97,70.17,46.38,100.0,75.26,96.0,77.71,100.0,100.0,67.2,82.8,83.61,83.34,96.8,92.0,68.83,45,50,No
CHL,Chile,Latin America & Caribbean,2023,0,80.23,75.08,78.52,87.96,79.91,90.78,63.74,66.35,77.48,82.73,72.18,77.03,86.85,100.0,82.68,68.83,99.0,99.0,98.0,20.83,44.95,62.66,83.59,76.19,50.0,75.0,40.0,89.18,83.65,71.32,65.79,92.4,73.05,70.17,46.38,100.0,77.03,96.0,77.71,100.0,100.0,67.0,82.8,76.54,82.22,100.0,92.5,68.83,90,85,Yes
CHL,Chile,Latin America & Caribbean,2024,0,80.32,79.8,74.37,88.27,79.43,92.31,73.09,68.22,67.58,82.26,72.18,77.96,86.85,100.0,81.72,70.24,99.0,98.0,98.0,40.07,60.77,73.38,85.12,76.19,50.0,87.5,40.0,81.64,68.87,63.78,56.04,91.93,72.58,70.17,46.38,100.0,77.96,96.0,77.71,100.0,100.0,66.96,86.12,74.82,77.12,100.0,93.33,70.24,90,85,Yes
CHN,China,East Asia & Pacific,2021,0,81.81,88.26,74.81,87.17,77.82,95.19,96.38,58.14,76.28,61.99,97.49,82.75,82.01,96.74,74.14,92.53,99.9,99.0,99.0,60.02,100.0,100.0,89.13,34.29,86.67,100.0,0.0,87.44,79.65,72.92,65.13,69.85,54.13,100.0,92.48,100.0,82.75,97.0,67.02,100.0,93.49,57.86,89.68,68.96,74.23,74.81,100.0,92.53,90,85,Yes
CHN,China,East Asia & Pacific,2022,0,84.82,91.87,83.86,86.83,77.37,97.25,96.21,72.43,77.19,83.73,97.49,83.69,82.01,94.8,73.58,92.53,99.9,99.0,99.0,80.56,100.0,100.0,88.62,62.86,86.67,100.0,0.0,88.34,80.55,73.82,66.03,91.59,75.86,100.0,92.48,100.0,83.69,97.0,67.02,100.0,89.6,58.89,88.76,72.04,68.52,75.09,98.0,92.53,90,85,Yes
CHN,China,East Asia & Pacific,2023,0,85.21,92.09,84.16,87.65,77.6,98.19,95.82,72.43,77.54,84.11,97.49,85.01,82.01,95.94,73.87,92.53,99.9,99.0,99.0,90.0,100.0,100.0,87.46,62.86,86.67,100.0,0.0,88.7,80.9,74.18,66.38,91.97,76.24,100.0,92.48,100.0,85.01,97.0,67.02,100.0,91.88,59.91,88.76,74.17,66.42,75.22,98.5,92.53,90,85,Yes
CHN,China,East Asia & Pacific,2024,0,84.78,91.57,81.58,88.61,78.05,98.44,94.29,72.43,70.55,84.66,97.49,85.69,82.01,98.13,74.63,91.73,100.0,99.0,99.0,92.37,100.0,100.0,82.86,62.86,86.67,100.0,0.0,82.52,72.4,68.0,59.27,92.53,76.8,100.0,92.48,100.0,85.69,97.0,67.02,100.0,96.27,59.9,92.58,76.08,64.17,76.74,100.0,91.73,90,85,Yes
CIV,Cote d'Ivoire,Sub-Saharan Africa,2021,1,45.45,51.33,42.56,48.33,40.41,71.8,34.75,43.57,28.16,55.16,46.14,48.93,40.87,55.19,33.55,67.82,97.6,92.45,62.65,0.0,7.95,16.23,80.08,57.14,50.0,0.0,0.0,48.54,21.88,34.43,7.77,62.81,47.52,63.22,0.0,75.21,48.93,50.0,31.74,59.26,51.11,32.85,49.98,22.68,47.85,15.03,48.74,67.82,70,75,Yes
CIV,Cote d'Ivoire,Sub-Saharan Africa,2022,1,48.07,54.39,47.57,50.75,40.66,80.53,33.66,43.57,39.39,56.48,46.14,50.19,40.87,61.18,33.87,67.82,97.7,94.89,82.0,0.0,8.73,18.3,73.95,57.14,50.0,0.0,0.0,56.07,36.81,41.96,22.7,64.12,48.83,63.22,0.0,75.21,50.19,50.0,31.74,74.36,48.0,33.16,54.67,17.53,50.39,17.15,47.6,67.82,70,75,Yes
CIV,Cote d'Ivoire,Sub-Saharan Africa,2023,2,48.78,58.54,44.37,52.01,41.91,84.82,39.0,45.07,39.67,48.19,46.14,51.38,40.87,63.77,35.43,67.82,97.8,96.0,91.6,0.0,13.34,24.62,79.03,57.14,55.0,0.0,0.0,55.34,38.11,41.23,23.99,55.84,40.55,63.22,0.0,75.21,51.38,50.0,31.74,66.67,60.87,33.63,54.67,23.63,50.56,18.06,47.88,67.82,60,65,No
CIV,Cote d'Ivoire,Sub-Saharan Africa,2024,2,49.72,61.47,43.76,51.63,44.01,87.07,44.08,45.07,36.85,49.47,46.14,52.58,40.87,61.46,35.27,78.95,98.7,97.0,95.0,4.0,20.39,31.84,80.01,57.14,55.0,0.0,0.0,52.19,35.96,38.07,21.18,57.12,41.83,63.22,0.0,75.21,52.58,50.0,31.74,74.64,48.28,34.39,52.19,24.9,46.06,20.39,49.02,78.95,60,65,No
CMR,Cameroon,Sub-Saharan Africa,2021,2,48.9,53.77,42.84,63.86,38.88,72.61,41.27,41.08,35.63,41.96,59.02,41.96,63.45,86.17,37.19,45.63,97.08,92.26,65.0,0.0,14.8,28.21,80.79,61.24,34.87,0.0,0.0,45.06,45.06,26.2,26.2,52.18,31.74,62.37,31.17,83.51,41.96,72.55,54.35,87.34,85.0,37.65,43.11,16.16,59.9,15.37,70.6,45.63,60,65,No
CMR,Cameroon,Sub-Saharan Africa,2022,2,46.58,53.01,39.08,59.07,38.46,77.0,35.0,41.08,32.09,36.1,59.02,43.88,63.45,69.89,36.66,45.63,98.0,94.0,74.0,0.0,10.57,26.28,68.14,61.24,34.87,0.0,0.0,54.11,28.93,35.25,10.07,46.31,25.88,62.37,31.17,83.51,43.88,72.55,54.35,62.5,77.27,37.48,39.16,13.79,60.1,17.07,70.6,45.63,60,65,No
CMR,Cameroon,Sub-Saharan Africa,2023,2,49.37,53.91,43.84,64.79,38.81,84.6,29.62,41.08,42.73,37.36,59.02,45.52,63.45,85.39,37.11,45.63,98.0,97.0,90.0,0.0,12.33,27.03,49.51,61.24,34.87,0.0,0.0,56.6,47.72,37.74,28.85,47.58,27.14,62.37,31.17,83.51,45.52,72.55,54.35,83.54,87.23,37.23,39.16,17.4,58.1,17.65,71.17,45.63,60,65,No
CMR,Cameroon,Sub-Saharan Africa,2024,2,47.44,55.37,37.81,57.61,41.99,87.5,30.39,41.08,26.74,38.28,59.02,46.97,63.45,62.41,36.1,65.53,99.0,99.0,95.0,0.0,16.67,36.12,38.37,61.24,34.87,0.0,0.0,42.02,32.12,23.16,9.67,48.5,28.06,62.37,31.17,83.51,46.97,72.55,54.35,71.89,52.94,34.48,39.89,18.31,53.79,18.7,70.58,65.53,60,65,No
COD,"Congo, Democratic Republic",Sub-Saharan Africa,2021,1,22.49,40.96,13.56,29.91,15.41,45.9,27.26,58.49,8.35,25.33,0.42,31.67,50.84,7.23,17.94,5.3,75.0,54.0,42.0,0.0,9.47,14.16,58.14,70.29,77.83,0.0,0.0,23.25,5.63,4.52,0.0,35.47,15.18,0.0,1.27,0.0,31.67,73.55,28.13,0.0,14.46,6.6,18.18,4.71,23.02,27.22,38.07,5.3,70,75,Yes
COD,"Congo, Democratic Republic",Sub-Saharan Africa,2022,1,24.49,40.31,19.57,27.81,16.4,45.9,25.63,58.49,9.84,27.64,22.89,32.59,50.84,0.0,19.17,5.3,75.0,54.0,42.0,0.0,10.04,17.31,49.55,70.29,77.83,0.0,0.0,25.23,7.61,6.5,0.0,37.79,17.49,46.83,1.21,20.63,32.59,73.55,28.13,0.0,0.0,7.41,23.41,4.87,22.56,30.99,36.66,5.3,70,75,Yes
COD,"Congo, Democratic Republic",Sub-Saharan Africa,2023,1,25.23,42.21,17.51,33.15,16.53,46.3,29.98,58.49,9.62,22.45,23.43,33.26,50.84,15.36,19.33,5.3,75.0,54.0,43.0,0.0,12.5,22.7,54.75,70.29,77.83,0.0,0.0,24.94,7.32,6.21,0.0,32.59,12.3,46.83,2.84,20.63,33.26,73.55,28.13,10.71,20.0,8.03,23.41,6.16,22.71,30.31,35.49,5.3,70,75,Yes
COD,"Congo, Democratic Republic",Sub-Saharan Africa,2024,1,28.61,50.37,17.95,28.44,26.07,57.7,35.6,65.24,9.33,23.81,23.43,34.47,50.84,0.0,18.4,56.75,77.0,68.0,57.0,0.0,15.21,25.52,66.08,70.29,77.83,45.0,0.0,21.92,12.23,3.18,0.0,33.96,13.67,46.83,2.84,20.63,34.47,73.55,28.13,0.0,0.0,8.55,20.67,6.81,17.88,29.18,38.5,56.75,70,75,Yes
COG,Congo,Sub-Saharan Africa,2021,1,38.88,50.01,33.77,53.4,25.32,70.04,38.37,33.26,14.48,45.24,49.44,32.15,64.0,64.04,27.97,14.72,88.0,84.1,69.0,0.0,12.23,20.49,82.38,33.52,55.0,0.0,0.0,34.51,11.36,12.05,0.0,57.4,33.07,44.3,66.36,37.65,32.15,80.3,47.7,64.44,63.64,25.29,31.77,14.62,53.87,5.14,50.17,14.72,70,75,Yes
COG,Congo,Sub-Saharan Africa,2022,1,32.92,50.84,23.0,39.67,25.31,71.0,39.48,33.26,20.97,11.23,50.6,33.23,64.0,21.77,27.96,14.72,90.0,85.0,70.0,0.0,11.82,24.29,82.33,33.52,55.0,0.0,0.0,37.11,27.29,14.66,4.84,22.47,0.0,44.3,69.84,37.65,33.23,80.3,47.7,21.81,21.74,26.04,31.77,12.58,54.74,5.9,49.3,14.72,70,75,Yes
COG,Congo,Sub-Saharan Africa,2023,1,34.1,53.38,21.51,44.54,26.44,72.2,35.35,51.79,20.37,8.13,50.57,34.06,64.0,35.56,29.37,14.72,90.0,87.0,71.0,0.0,13.15,24.83,68.08,52.57,60.0,50.0,0.0,36.51,26.69,14.05,4.23,16.26,0.0,44.23,69.99,37.48,34.06,80.3,47.7,51.11,20.0,28.18,31.77,16.5,53.08,8.41,49.59,14.72,70,75,Yes
COG,Congo,Sub-Saharan Africa,2024,1,35.36,56.76,19.53,50.75,27.81,73.3,42.69,51.79,13.62,8.36,53.67,35.61,64.0,52.64,27.86,27.6,91.0,87.0,73.0,2.0,18.99,29.69,79.4,52.57,60.0,50.0,0.0,30.18,16.58,7.72,0.0,16.73,0.0,46.99,69.99,44.04,35.61,80.3,47.7,56.71,48.57,29.51,27.6,17.38,45.68,9.47,46.9,27.6,70,75,Yes
COL,Colombia,Latin America & Caribbean,2021,3,67.58,58.07,58.34,80.07,76.9,79.6,39.27,52.58,44.38,64.14,74.66,65.71,78.66,95.83,80.19,63.72,100.0,95.0,79.0,0.0,11.71,31.64,74.47,66.67,64.17,0.0,0.0,62.99,52.23,36.52,25.76,78.48,49.81,56.5,100.0,67.48,65.71,96.0,61.33,97.29,94.37,72.0,75.33,79.56,69.38,96.6,91.5,63.72,45,50,No
COL,Colombia,Latin America & Caribbean,2022,3,68.67,59.35,61.58,80.07,75.96,81.88,40.2,52.58,50.14,66.48,74.66,67.57,78.82,93.83,79.02,63.72,100.0,96.0,83.7,0.0,10.92,33.64,76.05,66.67,64.17,0.0,0.0,63.19,63.19,37.1,37.1,80.62,52.35,56.5,100.0,67.48,67.57,96.0,61.64,100.0,87.65,72.3,74.18,73.38,68.75,96.85,93.5,63.72,45,50,No
COL,Colombia,Latin America & Caribbean,2023,3,71.1,63.73,64.19,82.69,75.55,82.8,43.48,66.08,61.44,61.71,74.66,69.26,78.82,100.0,78.51,63.72,100.0,97.0,85.0,0.0,13.19,38.65,78.61,66.67,69.17,80.0,0.0,74.21,74.21,48.67,48.67,75.54,47.87,56.5,100.0,67.48,69.26,96.0,61.64,100.0,100.0,72.2,74.18,69.62,66.89,100.0,93.5,63.72,45,50,No
COL,Colombia,Latin America & Caribbean,2024,3,70.57,68.04,58.53,83.17,74.88,85.25,51.8,66.08,44.71,64.29,74.66,70.68,78.82,100.0,77.17,65.73,100.0,97.6,86.7,15.3,25.56,48.62,81.22,66.67,69.17,80.0,0.0,62.13,48.91,36.59,31.22,78.13,50.46,56.5,100.0,67.48,70.68,96.0,61.64,100.0,100.0,71.95,75.21,69.64,61.67,100.0,90.0,65.73,45,50,No
COM,Comoros,Middle East & North Africa,2021,1,30.26,42.28,23.28,39.93,21.32,78.0,5.55,44.31,14.62,5.46,76.26,29.97,55.39,34.43,25.72,3.72,92.0,90.0,82.0,0.0,4.75,11.89,0.0,51.62,54.17,15.0,0.0,33.99,11.24,13.23,0.0,10.91,0.0,100.0,28.79,100.0,29.97,58.8,51.98,35.53,33.33,30.38,7.81,25.87,35.79,8.23,48.91,3.72,70,75,Yes
COM,Comoros,Middle East & North Africa,2022,1,28.55,44.47,22.51,36.3,18.27,78.8,7.58,49.57,13.54,4.61,76.26,30.97,55.39,22.54,21.91,3.72,92.0,90.0,84.0,0.0,8.16,14.59,0.0,61.14,55.83,15.0,0.0,32.55,9.81,11.79,0.0,9.23,0.0,100.0,28.79,100.0,30.97,58.8,51.98,25.93,19.15,30.1,3.26,22.03,35.62,7.02,26.31,3.72,70,75,Yes
COM,Comoros,Middle East & North Africa,2023,1,31.09,48.17,23.04,40.26,20.91,79.0,16.63,49.57,14.17,5.29,76.26,31.7,55.39,33.68,25.2,3.72,94.0,90.0,84.0,0.0,9.31,20.96,19.63,61.14,55.83,15.0,0.0,33.39,10.65,12.64,0.0,10.59,0.0,100.0,28.79,100.0,31.7,58.8,51.98,43.72,23.64,31.25,3.26,27.43,35.45,7.66,45.2,3.72,70,75,Yes
COM,Comoros,Middle East & North Africa,2024,1,34.14,48.47,24.51,45.9,24.92,79.72,16.68,49.57,17.18,5.96,76.26,33.28,55.39,49.03,21.35,39.22,94.0,90.0,85.81,0.0,11.37,24.34,14.32,61.14,55.83,15.0,0.0,37.4,14.66,16.65,0.0,11.93,0.0,100.0,28.79,100.0,33.28,58.8,51.98,48.05,50.0,30.06,2.3,29.25,22.07,7.46,33.46,39.22,70,75,Yes
CPV,Cabo Verde,Sub-Saharan Africa,2021,2,52.22,51.14,42.93,71.92,47.07,79.53,37.83,20.98,36.43,36.33,69.15,55.4,64.3,96.08,54.4,17.74,99.34,94.0,80.0,0.0,10.21,19.22,84.06,24.38,29.31,0.0,0.0,54.42,36.79,36.06,18.44,46.27,26.39,84.78,22.67,100.0,55.4,87.0,41.59,100.0,92.16,52.07,49.83,51.05,73.15,33.08,75.5,17.74,60,65,No
CPV,Cabo Verde,Sub-Saharan Africa,2022,2,55.27,51.83,54.51,70.01,47.19,79.53,39.56,20.98,38.59,63.11,69.15,56.64,64.3,89.08,54.55,17.74,99.34,94.0,80.0,0.0,12.14,26.37,80.16,24.38,29.31,0.0,0.0,56.58,38.96,38.21,20.59,73.06,53.16,84.78,22.67,100.0,56.64,87.0,41.59,83.22,94.94,52.12,49.65,47.85,73.77,33.24,81.91,17.74,60,65,No
CPV,Cabo Verde,Sub-Saharan Africa,2023,2,56.21,53.6,57.16,70.2,46.41,80.33,43.19,20.98,42.93,65.39,69.15,58.01,64.3,88.3,53.57,17.74,99.34,95.0,81.0,0.0,15.74,33.39,80.42,24.38,29.31,0.0,0.0,60.92,43.3,42.57,24.95,75.33,55.45,84.78,22.67,100.0,58.01,87.0,41.59,84.63,91.97,52.41,49.65,43.84,72.91,32.37,83.0,17.74,60,65,No
CPV,Cabo Verde,Sub-Saharan Africa,2024,2,60.05,55.73,57.95,73.8,54.55,81.61,47.24,20.98,43.94,66.36,69.15,59.63,64.3,97.47,55.3,51.54,99.4,96.17,83.0,0.0,21.31,42.0,78.4,24.38,29.31,0.0,0.0,61.94,44.32,43.57,25.95,76.32,56.41,84.78,22.67,100.0,59.63,87.0,41.59,94.93,100.0,52.76,68.92,42.98,70.23,33.84,84.5,51.54,60,65,No
CRI,Costa Rica,Latin America & Caribbean,2021,3,72.99,57.68,72.45,87.55,77.59,86.59,41.15,32.9,60.82,76.49,87.65,77.18,85.47,100.0,80.13,67.45,97.9,96.0,96.0,0.0,14.84,23.45,85.16,23.81,70.0,0.0,0.0,81.9,62.1,59.54,39.74,88.6,64.37,85.73,92.48,84.75,77.18,97.9,73.05,100.0,100.0,63.54,68.18,79.75,82.29,96.22,89.5,67.45,45,50,No
CRI,Costa Rica,Latin America & Caribbean,2022,3,72.69,58.2,71.17,88.24,76.38,86.59,42.47,32.9,63.07,71.03,87.65,79.25,85.47,100.0,78.61,67.45,97.9,96.0,96.0,0.0,16.28,25.78,85.35,23.81,70.0,0.0,0.0,83.7,63.9,62.23,42.43,82.66,59.4,85.73,92.48,84.75,79.25,97.9,73.05,100.0,100.0,63.04,68.12,71.79,81.58,96.58,92.0,67.45,45,50,No
CRI,Costa Rica,Latin America & Caribbean,2023,3,73.74,60.62,71.5,88.55,77.01,87.39,47.72,32.9,64.66,70.27,87.65,81.3,85.47,98.86,79.4,67.45,97.9,97.0,97.0,0.0,23.96,34.62,84.56,23.81,70.0,0.0,0.0,85.22,65.42,63.9,44.1,81.82,58.72,85.73,92.48,84.75,81.3,97.9,73.05,100.0,97.73,63.16,68.12,72.94,80.59,100.0,92.5,67.45,45,50,No
CRI,Costa Rica,Latin America & Caribbean,2024,3,74.08,63.3,68.48,89.11,77.97,89.26,52.55,32.9,55.26,72.12,87.65,81.87,85.47,100.0,78.7,75.07,98.09,98.09,98.09,9.76,30.33,42.12,85.19,23.81,70.0,0.0,0.0,68.57,62.18,47.25,43.04,83.67,60.57,85.73,92.48,84.75,81.87,97.9,73.05,100.0,100.0,62.71,72.17,71.09,77.4,100.0,92.38,75.07,45,50,No
CYP,Cyprus,Europe & Central Asia,2021,0,84.08,76.17,79.95,91.43,89.75,99.2,52.81,76.86,64.21,95.62,80.11,87.79,86.49,100.0,89.98,88.82,99.98,99.5,99.0,98.0,35.23,37.5,85.69,89.81,69.03,75.0,0.0,78.12,62.32,66.09,50.29,100.0,91.23,70.17,70.17,100.0,87.79,99.0,73.99,100.0,100.0,81.59,82.49,96.47,100.0,87.11,86.98,88.82,90,85,Yes
CYP,Cyprus,Europe & Central Asia,2022,0,84.38,80.03,80.37,89.94,87.65,99.68,61.96,76.86,64.4,96.47,80.11,88.26,86.55,95.0,87.36,88.82,100.0,100.0,99.21,100.0,53.17,45.79,86.93,89.81,69.03,75.0,0.0,78.31,62.52,66.28,50.48,100.0,92.94,70.17,70.17,100.0,88.26,99.0,74.09,90.0,100.0,81.5,77.92,87.59,100.0,84.1,89.29,88.82,90,85,Yes
CYP,Cyprus,Europe & Central Asia,2023,0,84.32,83.29,80.98,89.85,83.43,99.6,70.18,76.86,65.24,97.16,80.11,88.7,86.55,94.3,82.08,88.82,100.0,100.0,99.0,100.0,66.41,57.16,86.97,89.81,69.03,75.0,0.0,79.15,63.36,67.13,51.33,100.0,94.32,70.17,70.17,100.0,88.7,99.0,74.09,93.2,95.4,80.98,77.92,62.3,100.0,83.95,88.45,88.82,90,85,Yes
CYP,Cyprus,Europe & Central Asia,2024,0,86.68,87.08,81.71,91.44,86.79,99.63,79.64,76.86,66.49,97.72,80.11,88.85,86.55,98.91,83.98,98.01,100.0,100.0,99.07,100.0,80.53,69.67,88.73,89.81,69.03,75.0,0.0,80.4,64.6,68.37,52.58,100.0,95.44,70.17,70.17,100.0,88.85,99.0,74.09,100.0,97.83,81.97,82.17,65.07,100.0,87.96,87.6,98.01,90,85,Yes
CZE,Czechia,Europe & Central Asia,2021,0,83.21,84.32,77.89,91.88,79.46,94.81,73.22,85.54,75.29,81.7,75.48,88.96,86.69,100.0,80.73,74.37,99.8,99.7,99.7,50.71,49.35,80.74,89.57,94.57,77.5,100.0,0.0,89.49,70.82,79.75,61.08,86.98,76.42,63.22,63.22,100.0,88.96,100.0,73.37,100.0,100.0,81.48,69.64,72.82,93.48,85.28,71.53,74.37,90,85,Yes
CZE,Czechia,Europe & Central Asia,2022,0,83.8,86.59,78.53,91.14,79.57,96.89,76.83,85.54,82.84,75.74,75.48,89.34,87.4,96.68,80.88,74.37,99.8,99.7,99.7,71.5,53.96,86.77,89.76,94.57,77.5,100.0,0.0,100.0,74.98,90.99,65.4,80.93,70.55,63.22,63.22,100.0,89.34,100.0,74.81,96.67,96.7,81.73,66.93,74.51,92.5,84.96,74.45,74.37,90,85,Yes
CZE,Czechia,Europe & Central Asia,2023,0,85.54,89.77,82.46,91.26,79.25,98.36,83.29,85.54,79.03,89.38,75.48,89.74,87.4,96.63,80.46,74.37,99.8,99.6,99.6,87.0,63.85,95.05,90.96,94.57,77.5,100.0,0.0,94.17,73.48,84.58,63.89,94.57,84.19,63.22,63.22,100.0,89.74,100.0,74.81,93.27,100.0,81.8,66.93,73.6,92.06,85.08,72.63,74.37,90,85,Yes
CZE,Czechia,Europe & Central Asia,2024,0,86.53,93.28,79.48,91.31,82.8,98.66,91.78,85.54,71.64,89.33,75.48,89.88,87.4,96.63,81.51,87.93,99.8,99.6,99.6,90.0,84.05,100.0,91.28,94.57,77.5,100.0,0.0,83.23,71.73,73.65,57.96,94.52,84.13,63.22,63.22,100.0,89.88,100.0,74.81,93.27,100.0,81.79,70.06,73.83,89.62,89.28,76.01,87.93,90,85,Yes
DEU,Germany,Europe & Central Asia,2021,0,87.91,84.08,85.78,91.29,90.72,98.67,69.94,83.2,83.82,90.56,80.11,86.28,89.93,97.65,89.04,97.41,99.9,99.6,99.6,90.0,57.16,64.54,88.11,90.48,89.03,75.0,0.0,100.0,78.68,90.69,65.92,97.47,83.65,70.17,70.17,100.0,86.28,99.0,80.87,100.0,95.29,87.57,76.29,83.75,99.31,88.11,96.64,97.41,90,85,Yes
DEU,Germany,Europe & Central Asia,2022,0,87.05,86.81,87.82,82.83,90.94,99.14,76.27,83.2,85.49,94.0,80.11,86.71,90.34,71.44,89.32,97.41,99.83,99.6,99.6,94.8,70.43,70.57,87.82,90.48,89.03,75.0,0.0,100.0,82.1,90.5,69.34,100.0,87.99,70.17,70.17,100.0,86.71,99.0,81.68,69.07,73.81,87.65,79.05,82.78,98.9,88.71,98.08,97.41,90,85,Yes
DEU,Germany,Europe & Central Asia,2023,0,89.15,90.42,85.34,90.17,90.79,99.26,85.2,83.2,86.3,87.01,80.11,87.04,90.34,93.12,89.14,97.41,99.9,99.6,99.6,95.9,86.78,81.59,87.23,90.48,89.03,75.0,0.0,100.0,83.19,91.58,70.43,93.92,80.1,70.17,70.17,100.0,87.04,99.0,81.68,92.98,93.26,87.82,79.05,79.2,97.87,92.12,98.32,97.41,90,85,Yes
DEU,Germany,Europe & Central Asia,2024,0,89.81,93.16,82.9,92.54,91.05,99.8,91.49,83.2,79.64,87.56,80.11,87.27,90.34,100.0,89.35,97.85,100.0,100.0,100.0,98.0,97.05,88.53,88.91,90.48,89.03,75.0,0.0,91.43,80.69,78.66,67.76,94.47,80.64,70.17,70.17,100.0,87.27,99.0,81.68,100.0,100.0,87.7,92.38,77.32,94.75,91.94,97.71,97.85,90,85,Yes
DNK,Denmark,Europe & Central Asia,2021,0,89.93,92.11,81.56,94.25,92.36,99.5,81.09,99.38,87.36,83.2,66.67,89.95,94.81,97.98,92.3,92.6,100.0,100.0,100.0,95.0,68.79,83.26,91.21,100.0,100.0,97.5,95.0,94.23,91.05,83.67,80.49,88.92,77.48,50.0,50.0,100.0,89.95,99.0,90.62,100.0,95.96,88.2,97.52,82.15,100.0,93.12,98.53,92.6,90,85,Yes
DNK,Denmark,Europe & Central Asia,2022,0,92.68,98.66,85.17,94.81,92.61,99.68,97.28,99.38,91.87,87.73,66.67,90.17,95.27,99.0,92.61,92.6,100.0,100.0,100.0,96.83,100.0,100.0,91.84,100.0,100.0,97.5,95.0,100.0,94.64,89.19,83.66,93.67,81.78,50.0,50.0,100.0,90.17,99.0,91.55,100.0,98.0,88.57,97.97,82.86,100.0,93.21,98.88,92.6,90,85,Yes
DNK,Denmark,Europe & Central Asia,2023,0,92.76,98.82,85.83,95.22,91.66,99.8,97.55,99.38,91.63,89.62,66.67,90.38,95.27,100.0,91.43,92.6,100.0,100.0,100.0,98.0,100.0,100.0,92.66,100.0,100.0,97.5,95.0,99.89,94.35,88.91,83.37,95.57,83.67,50.0,50.0,100.0,90.38,99.0,91.55,100.0,100.0,87.98,97.97,77.78,99.78,93.48,98.25,92.6,90,85,Yes
DNK,Denmark,Europe & Central Asia,2024,0,92.55,98.83,84.36,94.23,93.39,99.9,97.49,99.38,86.93,90.63,66.67,90.45,95.27,96.97,91.74,100.0,100.0,100.0,100.0,99.0,100.0,100.0,92.48,100.0,100.0,97.5,95.0,95.51,88.88,84.53,78.81,96.58,84.69,50.0,50.0,100.0,90.45,99.0,91.55,100.0,93.94,87.76,99.92,77.06,97.53,96.84,99.13,100.0,90,85,Yes
DOM,Dominican Republic,Latin America & Caribbean,2021,3,65.03,62.3,52.19,75.3,73.03,89.5,48.79,34.94,50.74,72.16,15.14,59.87,77.59,88.45,72.52,75.05,99.53,99.0,98.37,6.0,24.74,36.61,85.02,42.38,28.33,35.0,0.0,64.92,52.24,49.24,36.56,80.65,63.67,34.62,3.11,7.69,59.87,94.0,61.18,84.5,92.41,51.05,69.15,67.47,70.27,95.48,87.5,75.05,45,50,No
DOM,Dominican Republic,Latin America & Caribbean,2022,3,65.45,65.42,49.33,78.8,72.18,94.25,51.82,34.94,55.18,60.57,15.14,61.63,74.78,100.0,71.46,75.05,99.53,99.0,99.0,51.0,27.42,42.44,85.58,42.38,28.33,35.0,0.0,67.49,58.34,52.02,42.88,68.94,52.19,34.62,3.11,7.69,61.63,94.0,55.57,100.0,100.0,50.87,61.83,65.51,69.68,95.84,89.0,75.05,45,50,No
DOM,Dominican Republic,Latin America & Caribbean,2023,3,68.52,71.69,53.72,79.35,72.11,94.55,67.21,34.94,55.25,61.57,34.95,63.28,74.78,100.0,71.38,75.05,99.53,99.15,99.0,53.36,54.58,60.62,86.44,42.38,28.33,35.0,0.0,65.09,61.65,48.86,45.42,70.36,52.78,40.63,42.34,21.88,63.28,94.0,55.57,100.0,100.0,50.95,61.83,63.08,68.7,100.0,86.5,75.05,45,50,No
DOM,Dominican Republic,Latin America & Caribbean,2024,3,68.35,77.18,49.57,79.9,71.4,95.74,79.75,34.94,44.41,62.05,34.95,64.91,74.78,100.0,70.29,75.83,99.5,99.0,98.98,66.0,77.43,72.11,89.71,42.38,28.33,35.0,0.0,55.36,53.99,39.13,29.15,70.84,53.26,40.63,42.34,21.88,64.91,94.0,55.57,100.0,100.0,50.95,64.05,62.65,63.74,99.49,85.24,75.83,45,50,No
DZA,Algeria,Middle East & North Africa,2021,2,51.35,55.25,43.95,68.43,41.83,81.55,45.87,21.38,56.89,38.65,28.66,68.92,74.5,61.86,43.81,33.95,98.97,99.25,79.89,0.0,13.44,41.52,82.67,22.86,33.17,0.0,0.0,62.34,62.34,51.44,51.44,44.56,32.75,45.26,0.0,40.71,68.92,81.4,67.6,100.0,23.72,32.57,32.54,58.47,53.37,20.55,75.61,33.95,60,65,No
DZA,Algeria,Middle East & North Africa,2022,2,55.15,56.84,47.97,77.77,43.62,81.55,49.85,21.38,61.71,43.88,28.66,69.97,74.82,88.52,46.04,33.95,98.97,99.25,79.89,0.0,15.58,50.0,83.98,22.86,33.17,0.0,0.0,66.77,66.77,56.66,56.66,49.36,38.41,45.26,0.0,40.71,69.97,81.4,68.24,92.83,84.21,32.44,37.43,52.92,54.67,35.15,72.61,33.95,60,65,No
DZA,Algeria,Middle East & North Africa,2023,2,54.94,60.4,48.7,72.01,43.03,82.75,57.56,21.38,62.59,44.83,28.66,71.07,75.14,69.82,45.3,33.95,98.49,99.25,83.0,0.0,25.79,62.07,84.81,22.86,33.17,0.0,0.0,67.48,67.48,57.7,57.7,50.13,39.53,45.26,0.0,40.71,71.07,81.4,68.88,96.42,43.23,32.92,37.43,53.82,52.47,32.43,72.28,33.95,60,65,No
DZA,Algeria,Middle East & North Africa,2024,2,57.81,63.48,49.35,73.23,48.69,87.55,60.45,21.38,63.11,45.93,28.66,71.91,75.14,72.64,44.36,66.02,98.53,99.25,95.0,0.0,31.5,63.37,86.47,22.86,33.17,0.0,0.0,78.04,57.88,68.26,48.25,51.23,40.63,45.26,0.0,40.71,71.91,81.4,68.88,100.0,45.27,32.98,33.2,54.39,47.22,34.66,71.88,66.02,60,65,No
ECU,Ecuador,Latin America & Caribbean,2021,2,60.91,59.45,46.46,75.7,65.83,82.77,49.21,33.3,40.13,46.98,58.1,61.62,79.29,86.2,75.71,26.3,95.66,95.0,88.0,0.0,19.39,42.9,85.34,42.86,33.33,12.5,0.0,50.5,50.5,29.76,29.76,58.22,35.74,59.84,96.43,18.03,61.62,94.0,64.59,84.18,88.21,48.82,78.85,80.02,72.62,91.7,92.0,26.3,60,65,No
ECU,Ecuador,Latin America & Caribbean,2022,3,66.34,59.69,65.77,76.31,64.67,83.55,49.01,33.3,55.03,60.57,97.62,63.45,79.29,86.2,74.26,26.3,95.53,96.0,89.0,0.0,19.5,43.59,83.94,42.86,33.33,12.5,0.0,65.26,65.26,44.8,44.8,71.66,49.49,96.43,96.43,100.0,63.45,94.0,64.59,80.39,92.0,48.97,76.51,72.98,72.56,92.05,93.0,26.3,45,50,No
ECU,Ecuador,Latin America & Caribbean,2023,3,66.18,61.54,59.62,81.48,64.16,84.37,52.84,33.3,55.85,44.4,97.62,65.16,79.29,100.0,73.62,26.3,95.67,97.0,90.0,0.0,25.55,49.95,83.03,42.86,33.33,12.5,0.0,65.95,65.95,45.76,45.76,55.33,33.46,96.43,96.43,100.0,65.16,94.0,64.59,100.0,100.0,48.83,76.51,68.75,71.29,94.97,92.0,26.3,45,50,No
ECU,Ecuador,Latin America & Caribbean,2024,3,67.24,64.48,52.61,78.44,76.82,87.1,57.44,33.3,38.36,44.34,97.62,66.72,79.29,89.32,74.25,87.11,96.72,97.58,90.49,21.99,31.7,56.55,84.06,42.86,33.33,12.5,0.0,52.09,45.15,31.9,24.31,55.28,33.41,96.43,96.43,100.0,66.72,94.0,64.59,88.89,89.74,48.74,88.51,72.24,66.03,94.5,90.95,87.11,45,50,No
EGY,Egypt,Middle East & North Africa,2021,3,62.17,58.51,63.08,68.24,59.33,89.18,39.37,35.43,75.36,60.7,43.29,67.88,62.66,74.18,50.29,95.48,99.83,99.0,99.0,0.0,12.69,23.9,81.52,42.86,46.67,0.0,0.0,96.07,65.12,85.6,54.65,66.37,55.02,59.84,35.61,34.43,67.88,74.2,51.12,73.05,75.31,37.91,57.18,61.67,64.03,19.58,79.35,95.48,45,50,No
EGY,Egypt,Middle East & North Africa,2022,3,65.48,63.41,67.57,73.38,58.45,89.18,50.89,36.93,80.64,66.63,43.29,68.99,66.61,84.55,49.19,95.48,99.8,99.0,99.0,0.0,22.42,45.15,85.12,42.86,51.67,0.0,0.0,100.0,70.99,91.07,60.51,72.3,60.95,59.84,35.61,34.43,68.99,82.1,51.12,92.86,76.24,37.26,57.3,54.14,63.87,22.2,79.7,95.48,45,50,No
EGY,Egypt,Middle East & North Africa,2023,3,65.52,64.9,69.31,70.53,58.09,89.42,53.86,37.93,88.35,63.0,43.86,70.08,69.26,72.25,48.74,95.48,99.8,99.6,99.0,0.0,31.13,45.77,84.68,42.86,55.0,0.0,0.0,100.0,81.93,100.0,71.46,68.68,57.33,59.84,37.32,34.43,70.08,87.4,51.12,78.7,65.8,37.1,57.3,52.82,63.21,21.54,80.75,95.48,45,50,No
EGY,Egypt,Middle East & North Africa,2024,3,65.85,65.43,63.85,75.0,60.03,89.39,55.23,37.93,82.06,55.38,44.36,70.83,69.26,84.9,50.03,100.0,99.87,99.5,99.0,0.0,34.32,45.51,85.88,42.86,55.0,0.0,0.0,97.86,76.73,87.38,66.26,61.05,49.7,59.84,38.81,34.43,70.83,87.4,51.12,91.34,78.46,36.79,70.02,57.8,59.0,22.56,78.0,100.0,45,50,No
ESP,Spain,Europe & Central Asia,2021,0,85.25,79.75,79.51,92.79,89.77,97.82,60.61,81.87,71.95,89.09,75.48,87.11,91.27,100.0,87.59,98.52,99.8,99.8,99.8,80.0,42.14,57.09,82.6,90.29,74.93,95.0,0.0,81.98,76.55,67.35,61.93,97.01,81.17,63.22,63.22,100.0,87.11,100.0,82.55,100.0,100.0,76.29,87.21,83.84,94.32,93.48,92.8,98.52,90,85,Yes
ESP,Spain,Europe & Central Asia,2022,0,86.46,82.55,80.77,93.4,89.74,98.32,65.61,84.87,75.16,89.03,75.48,87.75,92.45,100.0,87.55,98.52,99.8,99.8,99.8,85.0,52.3,62.34,82.18,90.29,74.93,95.0,60.0,82.27,82.27,68.05,68.05,96.73,81.33,63.22,63.22,100.0,87.75,100.0,84.89,100.0,100.0,76.27,85.59,84.24,93.0,93.64,95.6,98.52,90,85,Yes
ESP,Spain,Europe & Central Asia,2023,0,87.13,88.07,79.54,91.36,90.06,98.52,79.23,84.87,74.74,86.37,75.48,88.18,92.45,93.44,87.95,98.52,99.8,99.8,99.8,87.0,76.97,76.33,84.38,90.29,74.93,95.0,60.0,81.84,81.84,67.63,67.63,94.07,78.67,63.22,63.22,100.0,88.18,100.0,84.89,93.2,93.68,76.51,85.59,82.94,92.3,97.39,95.6,98.52,90,85,Yes
ESP,Spain,Europe & Central Asia,2024,0,89.22,92.73,80.98,93.63,90.14,98.92,90.48,84.87,77.27,87.45,75.48,88.43,92.45,100.0,87.73,99.74,99.8,99.8,99.8,91.0,100.0,86.77,84.67,90.29,74.93,95.0,60.0,87.07,79.08,72.86,70.06,95.15,79.75,63.22,63.22,100.0,88.43,100.0,84.89,100.0,100.0,76.53,90.54,82.85,89.3,97.19,95.05,99.74,90,85,Yes
EST,Estonia,Europe & Central Asia,2021,0,83.99,74.62,83.17,91.75,87.38,91.7,67.15,55.41,76.09,92.93,77.78,90.31,84.93,100.0,84.36,99.48,100.0,99.0,99.0,25.0,51.05,60.76,89.65,61.14,82.8,0.0,0.0,88.0,77.14,75.05,64.19,99.95,85.92,66.67,66.67,100.0,90.31,99.0,70.86,100.0,100.0,78.97,99.71,75.07,98.34,83.32,72.45,99.48,90,85,Yes
EST,Estonia,Europe & Central Asia,2022,0,86.64,83.76,83.31,92.02,87.75,96.2,71.05,84.32,75.98,93.41,77.78,90.54,85.51,100.0,84.82,99.48,100.0,99.0,99.0,70.0,59.27,63.66,90.22,89.71,82.8,97.5,0.0,86.03,79.17,72.79,65.93,100.0,86.82,66.67,66.67,100.0,90.54,99.0,72.02,100.0,100.0,79.48,100.0,78.04,98.99,83.64,67.91,99.48,90,85,Yes
EST,Estonia,Europe & Central Asia,2023,0,88.26,90.31,83.67,92.11,87.19,96.9,84.71,88.32,76.46,93.82,77.78,90.83,85.51,100.0,84.11,99.48,100.0,99.0,99.0,77.0,86.31,76.15,91.67,89.71,82.8,97.5,80.0,89.74,76.41,76.51,63.18,100.0,87.64,66.67,66.67,100.0,90.83,99.0,72.02,100.0,100.0,79.84,100.0,75.0,98.82,82.98,67.84,99.48,90,85,Yes
EST,Estonia,Europe & Central Asia,2024,0,89.78,94.24,87.17,92.17,85.81,98.18,93.26,88.32,84.88,94.17,77.78,91.01,85.51,100.0,83.5,95.04,100.0,98.98,98.98,90.0,100.0,87.4,92.38,89.71,82.8,97.5,80.0,98.15,88.21,84.92,68.23,100.0,88.34,66.67,66.67,100.0,91.01,99.0,72.02,100.0,100.0,80.5,99.54,72.8,96.73,84.46,66.53,95.04,90,85,Yes
ETH,Ethiopia,Sub-Saharan Africa,2021,1,30.38,37.2,34.35,25.93,25.71,49.08,31.84,24.17,28.85,24.89,64.27,36.57,41.21,0.01,25.21,27.74,97.0,92.0,6.44,0.0,7.81,17.97,69.75,33.33,25.0,0.0,0.0,49.1,20.9,36.8,8.6,31.55,18.23,84.78,8.04,100.0,36.57,51.8,30.61,0.01,0.0,0.53,36.89,5.01,38.49,43.43,40.26,27.74,70,75,Yes
ETH,Ethiopia,Sub-Saharan Africa,2022,1,33.3,42.76,40.51,28.21,25.17,55.5,39.31,24.17,39.57,29.57,64.27,38.22,41.21,5.2,24.52,27.74,99.0,94.0,20.0,0.0,10.37,29.39,78.18,33.33,25.0,0.0,0.0,59.82,31.62,47.52,19.32,36.23,22.91,84.78,8.04,100.0,38.22,51.8,30.61,10.41,0.0,0.0,37.3,5.12,39.47,47.03,24.67,27.74,70,75,Yes
ETH,Ethiopia,Sub-Saharan Africa,2023,1,37.29,52.52,45.3,31.19,26.06,62.56,47.02,43.44,47.74,33.38,64.27,39.82,41.21,12.54,25.63,27.74,99.19,98.35,33.0,1.0,19.9,41.3,79.88,52.38,45.0,25.0,0.0,69.37,38.42,57.07,26.12,40.04,26.72,84.78,8.04,100.0,39.82,51.8,30.61,5.77,19.31,2.43,37.3,5.47,39.87,47.38,28.77,27.74,70,75,Yes
ETH,Ethiopia,Sub-Saharan Africa,2024,1,40.49,55.89,40.93,33.22,35.37,64.34,53.68,43.44,39.62,30.56,64.27,41.17,41.21,17.3,25.08,76.51,99.19,98.8,36.0,5.0,28.26,53.11,79.67,52.38,45.0,25.0,0.0,54.52,36.78,42.22,24.97,37.22,23.9,84.78,8.04,100.0,41.17,51.8,30.61,19.88,14.72,3.93,34.2,6.29,36.11,47.09,29.8,76.51,70,75,Yes
FIN,Finland,Europe & Central Asia,2021,0,90.15,88.01,86.91,95.92,90.01,97.23,78.9,87.77,85.37,97.49,68.82,91.05,96.72,100.0,88.57,95.78,100.0,100.0,100.0,72.34,69.68,74.96,92.07,91.1,78.67,97.5,80.0,90.6,90.6,80.13,80.13,100.0,94.98,53.23,53.23,100.0,91.05,100.0,93.44,100.0,100.0,80.49,97.7,81.99,97.65,87.9,91.91,95.78,90,85,Yes
FIN,Finland,Europe & Central Asia,2022,0,91.94,93.89,87.81,96.24,90.04,98.3,92.53,87.77,85.12,100.0,68.82,91.38,97.34,100.0,88.6,95.78,100.0,100.0,100.0,83.0,98.32,86.86,92.41,91.1,78.67,97.5,80.0,90.4,90.4,79.84,79.84,100.0,100.0,53.23,53.23,100.0,91.38,100.0,94.68,100.0,100.0,80.56,98.33,82.18,97.18,87.14,93.57,95.78,90,85,Yes
FIN,Finland,Europe & Central Asia,2023,0,91.39,96.33,85.38,94.98,89.29,99.4,97.54,87.77,79.04,100.0,68.82,91.68,97.34,95.92,87.67,95.78,100.0,100.0,100.0,94.0,100.0,100.0,92.63,91.1,78.67,97.5,80.0,84.32,84.32,73.76,73.76,100.0,100.0,53.23,53.23,100.0,91.68,100.0,94.68,100.0,91.84,80.6,98.33,77.92,96.59,86.97,94.23,95.78,90,85,Yes
FIN,Finland,Europe & Central Asia,2024,0,92.85,96.56,90.59,95.32,89.13,99.85,97.66,87.77,92.07,100.0,68.82,91.82,97.34,96.81,86.41,100.0,100.0,100.0,100.0,98.5,100.0,100.0,92.99,91.1,78.67,97.5,80.0,100.0,91.45,93.64,83.2,100.0,100.0,53.23,53.23,100.0,91.82,100.0,94.68,100.0,93.62,80.64,90.97,76.87,93.72,88.62,93.4,100.0,90,85,Yes
FJI,Fiji,East Asia & Pacific,2021,2,56.97,61.87,47.17,75.57,47.76,86.6,50.47,35.19,35.84,43.96,76.26,58.74,78.04,89.92,52.43,29.08,98.0,96.0,96.0,0.0,19.58,44.83,87.0,52.38,30.0,0.0,0.0,41.9,41.9,29.79,29.79,50.52,37.4,100.0,28.79,100.0,58.74,99.1,56.98,87.69,92.16,53.32,49.36,69.58,65.57,28.25,41.48,29.08,60,65,No
FJI,Fiji,East Asia & Pacific,2022,2,58.17,63.25,51.46,76.9,45.73,87.0,53.53,35.19,38.48,52.05,76.26,60.39,78.34,91.97,49.89,29.08,98.0,97.0,96.0,0.0,21.54,51.93,87.13,52.38,30.0,0.0,0.0,44.54,44.54,32.42,32.42,58.61,45.48,100.0,28.79,100.0,60.39,99.1,57.58,87.44,96.5,53.26,48.13,58.46,65.88,28.25,39.12,29.08,60,65,No
FJI,Fiji,East Asia & Pacific,2023,2,58.55,64.39,51.68,77.39,45.63,87.04,56.33,35.19,37.25,53.82,76.26,61.97,78.34,91.86,49.76,29.08,98.0,97.1,96.0,0.0,24.97,56.05,87.98,52.38,30.0,0.0,0.0,43.3,43.3,31.19,31.19,60.38,47.26,100.0,28.79,100.0,61.97,99.1,57.58,92.55,91.16,53.23,48.13,57.62,67.3,26.93,39.35,29.08,60,65,No
FJI,Fiji,East Asia & Pacific,2024,2,60.66,66.7,51.81,76.63,51.13,87.0,62.17,35.19,35.85,55.54,76.26,63.57,78.34,87.98,50.45,53.83,98.0,97.0,96.0,0.0,34.15,64.26,88.08,52.38,30.0,0.0,0.0,45.03,38.49,32.91,26.96,62.11,48.98,100.0,28.79,100.0,63.57,99.1,57.58,91.27,84.68,51.46,53.43,58.61,62.7,31.13,43.28,53.83,60,65,No
FRA,France,Europe & Central Asia,2021,0,85.26,78.16,83.34,90.28,89.86,97.81,59.81,75.56,72.93,96.54,77.78,85.36,85.48,100.0,87.93,97.6,99.7,99.9,99.7,80.0,50.94,44.66,83.83,85.52,70.57,77.5,0.0,79.22,79.22,66.64,66.64,100.0,93.08,66.67,66.67,100.0,85.36,99.0,71.96,100.0,100.0,79.89,87.96,78.44,95.2,94.52,95.2,97.6,90,85,Yes
FRA,France,Europe & Central Asia,2022,0,85.93,82.3,83.49,88.75,89.39,98.66,69.32,75.56,72.2,97.64,77.78,85.86,85.66,94.74,87.34,97.6,99.8,99.9,99.8,88.0,73.14,50.59,84.23,85.52,70.57,77.5,0.0,78.44,78.44,65.96,65.96,100.0,95.28,66.67,66.67,100.0,85.86,99.0,72.33,100.0,89.47,79.96,87.68,78.36,93.78,92.83,95.84,97.6,90,85,Yes
FRA,France,Europe & Central Asia,2023,0,88.53,87.66,87.23,90.26,89.02,99.38,82.0,75.56,80.84,98.35,77.78,86.28,85.66,98.82,86.87,97.6,99.9,99.9,99.9,94.7,100.0,60.31,85.68,85.52,70.57,77.5,0.0,94.42,79.75,81.93,67.26,100.0,96.7,66.67,66.67,100.0,86.28,99.0,72.33,100.0,97.65,80.07,87.68,75.98,93.1,93.31,96.16,97.6,90,85,Yes
FRA,France,Europe & Central Asia,2024,0,89.83,88.93,91.24,90.72,88.45,99.46,85.08,75.56,90.53,98.67,77.78,86.49,85.66,100.0,85.82,98.98,99.9,99.9,99.9,95.5,100.0,68.74,86.51,85.52,70.57,77.5,0.0,100.0,94.44,88.92,78.76,100.0,97.34,66.67,66.67,100.0,86.49,99.0,72.33,100.0,100.0,80.12,84.4,76.07,89.93,92.75,96.04,98.98,90,85,Yes
GAB,Gabon,Sub-Saharan Africa,2021,2,53.96,53.98,51.21,65.91,46.53,83.35,37.58,28.05,47.39,46.23,68.78,58.93,68.34,70.46,55.32,11.36,96.69,93.56,90.65,0.0,11.37,19.86,81.49,38.1,30.0,0.0,0.0,64.55,46.93,47.86,30.24,55.27,37.2,73.73,32.6,100.0,58.93,88.86,47.82,82.63,58.3,83.79,34.07,33.93,88.91,27.17,51.55,11.36,60,65,No
GAB,Gabon,Sub-Saharan Africa,2022,2,54.96,55.86,53.69,66.93,45.47,85.58,40.04,28.05,50.38,49.46,68.78,60.23,68.34,72.22,54.0,11.36,96.69,95.78,94.0,0.0,13.42,25.58,81.13,38.1,30.0,0.0,0.0,67.53,49.91,50.85,33.22,58.5,40.43,73.73,32.6,100.0,60.23,88.86,47.82,77.78,66.67,83.59,35.78,28.09,89.46,24.88,52.16,11.36,60,65,No
GAB,Gabon,Sub-Saharan Africa,2023,2,53.7,58.02,52.71,68.85,39.48,86.94,44.08,28.05,49.2,48.19,68.77,61.4,68.34,76.8,46.51,11.36,96.69,96.69,96.49,0.0,17.88,31.61,82.75,38.1,30.0,0.0,0.0,66.35,48.73,49.67,32.05,57.23,39.16,73.73,32.58,100.0,61.4,88.86,47.82,85.19,68.42,44.67,35.78,30.31,87.65,25.82,52.46,11.36,60,65,No
GAB,Gabon,Sub-Saharan Africa,2024,2,54.98,57.6,51.94,70.81,43.13,87.17,41.62,30.43,46.99,48.47,68.77,62.11,68.34,81.97,43.96,39.85,99.0,96.69,96.49,0.0,16.94,30.9,77.01,42.86,30.0,0.0,0.0,60.08,52.54,43.39,31.95,57.51,39.43,73.73,32.58,100.0,62.11,88.86,47.82,96.3,67.65,43.84,31.88,31.03,79.39,24.33,50.49,39.85,60,65,No
GBR,United Kingdom,Europe & Central Asia,2021,0,88.2,80.68,86.78,91.57,94.4,94.32,61.43,91.88,79.36,98.71,77.78,86.19,89.73,98.78,93.11,99.54,99.9,99.74,99.58,46.0,49.86,51.03,83.42,99.81,91.17,97.5,0.0,89.47,82.39,76.33,69.25,100.0,97.42,66.67,66.67,100.0,86.19,99.0,80.47,100.0,97.56,86.6,92.24,83.5,100.0,99.36,100.0,99.54,90,85,Yes
GBR,United Kingdom,Europe & Central Asia,2022,0,89.61,84.55,87.69,92.65,93.86,95.73,69.7,91.88,83.75,96.58,77.78,86.6,91.34,100.0,92.44,99.54,99.9,99.74,99.6,60.0,70.93,54.4,83.77,99.81,91.17,97.5,0.0,95.23,85.41,82.1,72.27,100.0,93.16,66.67,66.67,100.0,86.6,99.0,83.68,100.0,100.0,86.73,88.59,83.17,98.71,99.26,100.0,99.54,90,85,Yes
GBR,United Kingdom,Europe & Central Asia,2023,0,90.01,87.15,87.05,92.51,93.54,97.03,74.9,91.88,82.54,96.2,77.78,87.35,91.34,98.84,92.04,99.54,99.9,99.74,99.6,73.0,81.43,58.74,84.54,99.81,91.17,97.5,0.0,91.25,86.96,78.12,73.82,100.0,92.4,66.67,66.67,100.0,87.35,99.0,83.68,100.0,97.67,86.56,88.59,81.16,98.2,100.0,100.0,99.54,90,85,Yes
GBR,United Kingdom,Europe & Central Asia,2024,0,90.66,91.13,85.46,93.02,93.27,97.98,83.91,91.88,77.87,96.9,77.78,87.71,91.34,100.0,91.58,100.0,99.9,99.74,99.6,82.5,100.0,66.76,84.96,99.81,91.17,97.5,0.0,87.52,81.86,74.38,67.72,100.0,93.8,66.67,66.67,100.0,87.71,99.0,83.68,100.0,100.0,86.22,95.35,79.2,95.05,99.77,100.0,100.0,90,85,Yes
GEO,Georgia,Europe & Central Asia,2021,3,68.18,61.0,58.29,85.77,70.85,88.8,45.97,35.47,67.87,42.51,70.72,78.25,87.1,91.96,68.29,81.06,99.98,99.0,98.0,0.0,19.33,32.98,85.59,47.43,39.17,0.0,0.0,83.42,66.53,69.2,52.31,50.21,34.81,63.22,73.73,75.21,78.25,99.91,74.28,89.47,94.44,58.98,59.97,86.27,82.88,65.69,35.35,81.06,45,50,No
GEO,Georgia,Europe & Central Asia,2022,3,69.87,61.38,63.0,87.82,70.19,89.2,46.51,35.47,73.59,48.55,70.72,78.72,88.21,96.53,67.47,81.06,99.98,99.0,99.0,0.0,19.71,35.41,84.42,47.43,39.17,0.0,0.0,89.05,72.16,75.03,58.14,56.15,40.96,63.22,73.73,75.21,78.72,100.0,76.42,93.06,100.0,59.28,61.11,81.63,82.62,70.34,25.88,81.06,45,50,No
GEO,Georgia,Europe & Central Asia,2023,3,71.41,65.3,64.78,88.39,69.53,89.34,53.81,40.22,74.13,52.47,70.72,79.06,88.49,97.62,66.65,81.06,99.98,99.0,99.0,1.37,28.55,48.72,84.15,52.19,40.83,12.5,0.0,89.74,72.85,75.42,58.53,60.22,44.71,63.22,73.73,75.21,79.06,99.56,77.43,100.0,95.24,59.95,61.11,75.46,81.82,72.52,25.92,81.06,45,50,No
GEO,Georgia,Europe & Central Asia,2024,3,73.28,72.21,62.89,89.43,71.01,90.74,65.84,47.86,67.23,54.64,70.72,79.8,88.49,100.0,65.74,92.08,99.9,99.0,99.0,15.53,45.16,65.51,86.86,61.72,44.17,25.0,0.0,79.77,68.9,65.45,54.82,62.39,46.88,63.22,73.73,75.21,79.8,99.56,77.43,100.0,100.0,60.18,56.52,78.61,78.65,75.25,15.52,92.08,45,50,No
GHA,Ghana,Sub-Saharan Africa,2021,2,51.57,55.19,44.72,57.22,50.07,84.94,33.11,39.83,49.59,43.36,37.68,56.01,58.69,56.95,40.92,86.69,99.0,97.0,90.6,0.0,7.11,16.52,75.71,46.67,55.0,0.0,0.0,67.14,51.81,47.36,32.03,54.08,32.65,53.23,0.14,59.68,56.01,76.49,40.89,92.34,21.57,31.38,58.57,25.85,57.51,27.07,67.0,86.69,60,65,No
GHA,Ghana,Sub-Saharan Africa,2022,2,52.44,58.02,44.37,59.75,49.17,89.37,35.77,39.83,55.73,37.34,35.71,57.38,59.23,62.64,39.79,86.69,99.3,99.3,99.3,0.0,7.1,20.95,79.27,46.67,55.0,0.0,0.0,72.29,58.96,52.51,39.18,48.05,26.62,46.83,0.0,60.32,57.38,76.49,41.97,76.98,48.29,31.44,53.61,19.53,57.52,30.18,67.0,86.69,60,65,No
GHA,Ghana,Sub-Saharan Africa,2023,2,55.41,60.11,47.42,66.85,49.47,89.41,40.94,39.83,63.74,36.96,35.71,58.62,59.23,82.69,40.16,86.69,99.3,99.4,99.3,0.0,10.89,30.5,81.44,46.67,55.0,0.0,0.0,80.29,66.96,60.51,47.18,47.67,26.24,46.83,0.0,60.32,58.62,76.49,41.97,100.0,65.38,31.33,53.61,21.0,55.47,32.71,67.0,86.69,60,65,No
GHA,Ghana,Sub-Saharan Africa,2024,2,54.75,62.74,40.05,68.69,52.06,90.16,46.77,39.83,45.11,37.15,35.71,59.61,59.23,87.24,40.26,99.27,99.55,99.5,99.3,6.88,18.85,39.68,81.77,46.67,55.0,0.0,0.0,61.95,46.91,42.17,29.41,47.86,26.43,46.83,0.0,60.32,59.61,76.49,41.97,88.76,85.71,31.35,60.84,22.42,49.53,34.05,67.0,99.27,60,65,No
GIN,Guinea,Sub-Saharan Africa,2021,1,32.91,43.54,33.6,44.21,18.14,76.4,26.84,11.19,26.39,32.57,50.09,39.17,36.21,57.24,17.54,20.53,92.0,92.0,76.0,0.0,7.06,12.71,60.76,11.43,18.27,0.0,0.0,36.83,27.79,24.98,15.94,38.98,26.15,56.5,34.43,59.35,39.17,40.0,32.41,65.91,48.57,11.59,32.99,17.46,17.81,13.34,21.99,20.53,70,75,Yes
GIN,Guinea,Sub-Saharan Africa,2022,1,32.57,42.35,34.34,37.71,20.51,76.53,23.75,11.19,27.28,33.53,50.09,40.16,36.21,36.77,20.5,20.53,93.0,92.04,76.03,0.0,7.23,14.35,49.67,11.43,18.27,0.0,0.0,37.72,28.68,25.87,16.83,39.95,27.11,56.5,34.43,59.35,40.16,40.0,32.41,59.26,14.29,12.33,44.21,13.9,20.08,14.43,39.31,20.53,70,75,Yes
GIN,Guinea,Sub-Saharan Africa,2023,1,37.28,46.12,44.7,43.16,21.71,78.1,31.6,11.19,29.37,57.58,49.61,41.26,36.21,52.01,22.01,20.53,93.0,94.0,78.0,0.0,9.37,20.95,64.5,11.43,18.27,0.0,0.0,39.82,30.78,27.97,18.93,64.0,51.16,56.5,32.99,59.35,41.26,40.0,32.41,54.02,50.0,11.82,44.21,18.11,21.83,13.57,45.23,20.53,70,75,Yes
GIN,Guinea,Sub-Saharan Africa,2024,1,40.18,46.32,43.75,46.03,27.95,78.54,31.66,11.19,24.92,59.65,49.61,42.85,36.21,59.03,20.8,56.55,93.0,94.58,78.53,0.0,10.95,25.75,58.28,11.43,18.27,0.0,0.0,35.89,27.42,24.04,12.34,66.07,53.23,56.5,32.98,59.35,42.85,40.0,32.41,70.7,47.37,12.31,48.08,20.75,13.74,15.59,35.15,56.55,70,75,Yes
GMB,Gambia,Sub-Saharan Africa,2021,1,32.02,41.63,27.32,35.55,25.99,62.13,33.3,17.29,9.91,16.91,82.95,37.7,37.81,31.14,24.46,32.12,98.0,72.83,58.0,0.0,7.47,8.36,84.07,24.38,17.02,0.0,0.0,25.73,4.08,9.83,0.0,26.49,7.33,84.78,64.08,100.0,37.7,51.64,23.99,62.27,0.0,27.95,8.75,16.99,51.05,20.45,3.0,32.12,70,75,Yes
GMB,Gambia,Sub-Saharan Africa,2022,1,33.67,42.56,24.53,47.08,26.16,64.11,33.64,17.29,10.11,9.73,82.95,39.54,37.81,63.89,24.67,32.12,98.0,75.78,60.0,0.0,8.68,8.68,83.55,24.38,17.02,0.0,0.0,25.99,4.35,10.09,0.0,19.34,0.13,84.78,64.08,100.0,39.54,51.64,23.99,66.67,61.11,27.28,14.55,13.15,52.7,21.45,3.0,32.12,70,75,Yes
GMB,Gambia,Sub-Saharan Africa,2023,1,36.59,44.97,26.73,54.8,27.21,66.84,36.94,17.29,13.01,12.35,82.95,41.12,37.81,85.46,25.99,32.12,98.0,78.86,62.0,7.0,9.48,14.1,87.23,24.38,17.02,0.0,0.0,29.86,8.22,13.96,0.0,21.77,2.93,84.78,64.08,100.0,41.12,51.64,23.99,86.3,84.62,28.46,14.55,14.27,50.87,27.55,3.0,32.12,70,75,Yes
GMB,Gambia,Sub-Saharan Africa,2024,1,42.08,47.25,34.38,60.19,32.07,70.13,39.33,17.29,26.22,18.26,82.95,42.77,37.81,100.0,24.65,61.73,98.0,82.2,63.63,20.0,14.46,16.92,86.62,24.38,17.02,0.0,0.0,39.82,28.82,23.92,12.33,30.19,6.33,84.78,64.08,100.0,42.77,51.64,23.99,100.0,100.0,27.75,9.55,15.48,47.61,26.13,3.0,61.73,70,75,Yes
GNB,Guinea-Bissau,Sub-Saharan Africa,2021,1,32.63,50.06,35.18,36.98,17.4,72.16,43.63,18.72,18.38,35.88,67.38,40.08,47.81,23.04,19.29,9.85,100.0,92.4,63.0,0.0,15.77,34.21,80.91,19.05,30.67,0.0,0.0,33.95,16.33,20.43,2.81,43.2,28.55,70.17,31.97,100.0,40.08,60.92,34.7,40.13,5.94,24.99,6.36,13.75,30.88,13.81,19.66,9.85,70,75,Yes
GNB,Guinea-Bissau,Sub-Saharan Africa,2022,1,33.88,48.7,39.55,38.31,17.86,72.4,39.98,18.72,20.17,45.0,67.38,41.14,49.32,24.46,19.86,9.85,100.0,92.0,64.0,0.0,12.63,31.58,75.75,19.05,30.67,0.0,0.0,35.74,18.12,22.22,4.6,52.33,37.68,70.17,31.97,100.0,41.14,63.93,34.7,38.72,10.2,24.57,6.24,11.06,32.14,19.16,18.55,9.85,70,75,Yes
GNB,Guinea-Bissau,Sub-Saharan Africa,2023,1,34.81,48.19,39.33,41.38,18.73,69.6,30.98,39.77,18.45,46.17,67.38,42.31,49.32,32.5,20.95,9.85,100.0,85.0,64.0,0.0,12.09,36.94,43.92,57.14,37.33,0.0,0.0,30.13,20.3,16.6,6.78,53.5,38.85,70.17,31.97,100.0,42.31,63.93,34.7,48.06,16.94,24.66,6.24,13.83,31.94,21.66,19.07,9.85,70,75,Yes
GNB,Guinea-Bissau,Sub-Saharan Africa,2024,1,34.52,48.93,37.52,41.81,18.5,70.4,32.04,39.77,12.58,47.52,67.38,43.98,49.32,32.12,21.52,6.43,100.0,85.0,66.0,0.0,12.09,32.7,51.34,57.14,37.33,0.0,0.0,25.76,11.69,12.23,0.65,54.84,40.19,70.17,31.97,100.0,43.98,63.93,34.7,41.83,22.41,24.24,12.7,19.9,23.67,23.11,20.61,6.43,70,75,Yes
GNQ,Equatorial Guinea,Sub-Saharan Africa,2021,1,35.95,31.71,22.83,57.0,40.5,32.13,29.74,34.82,6.36,39.04,23.33,34.84,66.87,69.28,50.26,1.46,70.0,59.89,2.93,0.0,6.82,8.47,73.91,51.52,30.2,0.0,0.0,20.94,0.0,4.49,0.0,47.95,30.13,50.0,0.0,20.0,34.84,88.0,45.73,73.32,65.23,81.19,12.46,7.32,65.2,58.96,64.86,1.46,70,75,Yes
GNQ,Equatorial Guinea,Sub-Saharan Africa,2022,1,38.74,35.16,26.19,61.03,40.07,35.41,35.07,34.82,7.17,46.63,23.33,35.87,66.87,80.36,49.73,1.46,70.0,66.74,4.29,0.0,8.18,11.72,85.3,51.52,30.2,0.0,0.0,22.56,0.0,6.11,0.0,55.54,37.72,50.0,0.0,20.0,35.87,88.0,45.73,84.47,76.25,80.95,18.45,5.91,63.63,59.62,58.62,1.46,70,75,Yes
GNQ,Equatorial Guinea,Sub-Saharan Africa,2023,1,38.22,36.3,24.53,55.81,42.93,39.91,33.43,34.82,5.86,43.8,23.33,36.6,66.87,63.97,53.3,1.46,85.0,72.24,6.28,0.0,9.12,15.31,75.87,51.52,30.2,0.0,0.0,19.94,0.0,3.49,0.0,52.71,34.88,50.0,0.0,20.0,36.6,88.0,45.73,78.95,48.99,93.52,18.45,10.38,58.41,62.49,64.97,1.46,70,75,Yes
GRC,Greece,Europe & Central Asia,2021,0,78.22,82.71,61.27,91.03,81.16,95.19,69.2,84.78,63.28,77.2,25.41,88.68,97.83,86.59,77.96,93.98,99.9,99.0,99.0,60.0,50.35,66.89,90.36,90.48,75.0,97.5,48.27,73.04,67.24,59.32,53.52,84.63,69.77,17.65,46.83,11.76,88.68,97.9,97.75,92.81,80.37,73.41,74.06,68.78,89.9,81.8,77.74,93.98,90,85,Yes
GRC,Greece,Europe & Central Asia,2022,0,79.94,87.4,62.38,92.18,81.26,97.19,78.92,84.78,68.01,75.23,25.41,89.13,98.95,88.47,78.08,93.98,99.9,99.0,99.0,80.0,68.38,77.3,91.08,90.48,75.0,97.5,48.27,76.39,73.26,62.76,59.64,82.6,67.85,17.65,46.83,11.76,89.13,97.9,100.0,96.45,80.49,73.79,77.53,70.61,88.66,78.13,80.92,93.98,90,85,Yes
GRC,Greece,Europe & Central Asia,2023,0,81.43,90.54,65.59,91.23,81.16,98.19,85.76,84.78,76.92,74.36,25.41,89.58,98.95,85.15,77.95,93.98,99.9,99.0,99.0,90.0,82.88,83.52,90.88,90.48,75.0,97.5,48.27,90.39,77.06,76.77,63.44,81.74,66.98,17.65,46.83,11.76,89.58,97.9,100.0,96.45,73.85,74.37,77.53,70.05,88.26,77.73,81.19,93.98,90,85,Yes
GRC,Greece,Europe & Central Asia,2024,0,81.42,93.99,62.71,90.54,82.36,99.09,93.51,84.78,68.56,75.51,25.41,89.75,98.95,82.93,78.66,97.19,99.9,99.0,99.0,99.0,100.0,89.71,90.81,90.48,75.0,97.5,48.27,77.32,74.58,63.7,58.62,82.89,68.13,17.65,46.83,11.76,89.75,97.9,100.0,96.45,69.4,74.57,81.45,70.17,85.35,81.92,81.07,97.19,90,85,Yes
GTM,Guatemala,Latin America & Caribbean,2021,2,55.79,56.45,51.62,61.4,54.16,83.2,44.74,26.39,31.45,48.79,97.62,57.87,59.42,66.92,64.41,13.13,100.0,95.0,88.0,0.0,14.84,34.65,84.72,34.29,30.83,0.0,0.0,42.19,42.19,20.72,20.72,60.42,37.16,96.43,96.43,100.0,57.87,82.52,36.33,61.46,72.38,51.91,52.64,53.44,67.21,78.18,90.0,13.13,60,65,No
GTM,Guatemala,Latin America & Caribbean,2022,2,58.05,59.65,55.9,63.56,53.56,85.9,50.02,26.39,33.71,57.24,97.62,60.04,59.68,70.96,63.67,13.13,100.0,95.0,89.0,23.0,16.79,47.04,86.25,34.29,30.83,0.0,0.0,43.87,43.87,23.54,23.54,68.25,46.23,96.43,96.43,100.0,60.04,83.03,36.33,70.85,71.06,51.84,54.09,47.89,66.46,78.88,92.5,13.13,60,65,No
GTM,Guatemala,Latin America & Caribbean,2023,2,60.37,69.88,51.32,68.61,53.99,88.0,63.22,46.98,35.32,44.16,97.62,61.47,59.68,84.69,64.2,13.13,100.0,95.0,90.0,40.0,35.89,66.4,87.37,62.86,51.83,0.0,0.0,45.48,45.48,25.16,25.16,55.17,33.15,96.43,96.43,100.0,61.47,83.03,36.33,79.18,90.2,51.65,54.09,49.99,63.94,83.64,89.5,13.13,60,65,No
GTM,Guatemala,Latin America & Caribbean,2024,2,62.61,75.03,50.45,67.56,60.07,89.36,74.72,46.98,31.88,45.44,97.62,63.17,59.68,79.83,65.09,39.98,100.0,95.0,90.02,53.5,56.74,80.14,87.29,62.86,51.83,0.0,0.0,44.5,37.12,24.17,21.71,56.45,34.43,96.43,96.43,100.0,63.17,83.03,36.33,77.7,81.97,51.25,65.38,55.68,57.48,83.84,89.05,39.98,60,65,No
GUY,Guyana,Latin America & Caribbean,2021,2,54.63,37.91,61.22,78.8,48.7,49.14,40.41,10.43,32.69,71.29,98.15,67.63,68.76,100.0,53.85,28.11,97.3,70.3,28.23,0.0,12.18,22.08,86.98,8.88,19.94,0.0,0.0,48.87,38.84,26.54,16.51,83.38,59.19,100.0,94.44,100.0,67.63,85.64,51.88,100.0,100.0,50.09,45.78,65.35,63.18,17.73,100.0,28.11,60,65,No
GUY,Guyana,Latin America & Caribbean,2022,2,58.24,43.09,71.59,79.41,46.97,64.76,37.75,10.43,45.14,84.77,98.15,69.46,68.76,100.0,51.69,28.11,98.0,98.0,39.39,0.0,10.02,18.67,84.57,8.88,19.94,0.0,0.0,60.43,50.41,39.86,29.84,95.91,73.62,100.0,94.44,100.0,69.46,85.64,51.88,100.0,100.0,50.17,45.09,56.18,63.92,15.65,100.0,28.11,60,65,No
GUY,Guyana,Latin America & Caribbean,2023,2,62.1,52.59,73.47,79.57,48.39,86.4,39.86,10.43,46.98,87.61,98.15,71.2,68.76,98.75,53.46,28.11,98.0,98.5,93.0,0.0,11.24,22.29,86.05,8.88,19.94,0.0,0.0,62.27,52.25,41.71,31.68,98.75,76.48,100.0,94.44,100.0,71.2,85.64,51.88,100.0,97.5,50.32,45.09,59.93,65.04,19.44,100.0,28.11,60,65,No
GUY,Guyana,Latin America & Caribbean,2024,2,63.92,51.8,78.15,78.89,52.26,86.6,37.7,10.43,54.17,92.14,98.15,72.16,68.76,95.75,53.48,47.38,98.0,99.0,93.0,0.0,9.43,18.91,84.76,8.88,19.94,0.0,0.0,69.46,59.43,48.9,38.88,100.0,84.27,100.0,94.44,100.0,72.16,85.64,51.88,100.0,91.5,50.2,34.55,63.86,63.66,22.43,100.0,47.38,60,65,No
HKG,Hong Kong,East Asia & Pacific,2021,0,87.52,80.17,92.22,91.83,86.39,99.1,69.62,63.43,89.11,91.44,100.0,91.36,90.81,93.34,84.86,92.53,100.0,99.0,99.0,99.0,54.53,62.43,91.89,42.86,83.33,100.0,40.0,100.0,90.22,91.48,74.74,99.82,83.05,100.0,100.0,100.0,91.36,97.0,84.61,93.13,93.55,83.05,89.68,87.56,100.0,58.84,100.0,92.53,90,85,Yes
HKG,Hong Kong,East Asia & Pacific,2022,0,89.03,87.88,90.98,91.28,86.08,99.15,80.5,80.1,89.91,87.53,100.0,91.74,90.67,91.42,84.47,92.53,100.0,99.1,99.0,99.1,71.3,77.32,92.88,76.19,83.33,100.0,40.0,100.0,90.3,94.52,74.82,95.91,79.15,100.0,100.0,100.0,91.74,97.0,84.34,93.27,89.58,82.69,88.76,88.32,100.0,56.96,100.0,92.53,90,85,Yes
HKG,Hong Kong,East Asia & Pacific,2023,0,90.59,91.85,93.53,93.33,83.99,99.25,90.33,80.1,95.19,88.63,100.0,92.12,91.08,96.77,81.85,92.53,100.0,99.3,99.0,99.3,89.94,88.67,92.4,76.19,83.33,100.0,40.0,100.0,100.0,95.56,85.2,97.01,80.25,100.0,100.0,100.0,92.12,97.0,85.17,100.0,93.55,83.26,88.76,84.2,100.0,47.41,100.0,92.53,90,85,Yes
HKG,Hong Kong,East Asia & Pacific,2024,0,91.21,94.08,93.16,93.26,84.67,99.28,95.88,80.1,92.91,89.99,100.0,92.51,91.08,96.19,82.91,91.73,100.0,99.36,99.0,99.36,100.0,97.53,90.1,76.19,83.33,100.0,40.0,100.0,97.81,93.61,80.21,98.37,81.61,100.0,100.0,100.0,92.51,97.0,85.17,96.63,95.74,82.54,92.58,79.49,100.0,56.22,100.0,91.73,90,85,Yes
HND,Honduras,Latin America & Caribbean,2021,2,49.56,52.42,38.1,60.49,49.95,73.62,41.92,31.05,13.81,36.56,89.76,58.67,59.89,62.93,61.88,2.2,88.17,86.0,76.0,0.0,15.73,29.1,80.93,38.1,40.0,0.0,0.0,25.71,25.71,1.9,1.9,49.46,23.67,84.78,84.51,100.0,58.67,89.0,30.77,57.85,68.0,36.21,35.32,49.0,65.54,96.26,89.5,2.2,60,65,No
HND,Honduras,Latin America & Caribbean,2022,2,53.4,55.73,41.36,73.47,47.99,76.9,46.91,31.05,16.25,42.29,89.75,60.52,59.89,100.0,59.44,2.2,89.03,90.0,80.0,0.0,20.23,39.55,80.95,38.1,40.0,0.0,0.0,27.75,27.75,4.75,4.75,54.74,29.83,84.78,84.46,100.0,60.52,89.0,30.77,100.0,100.0,35.9,24.17,41.76,65.03,96.93,91.0,2.2,60,65,No
HND,Honduras,Latin America & Caribbean,2023,2,53.26,59.04,41.78,67.68,48.21,79.7,52.36,31.05,19.17,49.88,70.83,62.22,59.89,80.94,59.72,2.2,89.03,92.0,85.0,0.0,28.35,47.69,81.05,38.1,40.0,0.0,0.0,30.67,30.67,7.67,7.67,62.33,37.42,84.78,27.7,100.0,62.22,89.0,30.77,70.83,91.04,35.97,24.17,42.57,62.95,100.0,90.0,2.2,60,65,No
HND,Honduras,Latin America & Caribbean,2024,2,56.42,61.22,40.97,74.54,54.19,81.7,55.82,31.05,15.9,51.12,70.83,63.72,59.89,100.0,60.71,28.08,91.0,93.92,87.59,0.0,35.64,55.13,76.69,38.1,40.0,0.0,0.0,28.58,24.01,5.59,5.41,63.57,38.66,84.78,27.7,100.0,63.72,89.0,30.77,100.0,100.0,36.14,45.87,42.22,57.99,100.0,88.57,28.08,60,65,No
HRV,Croatia,Europe & Central Asia,2021,0,79.15,77.31,73.15,84.98,81.67,94.4,59.82,78.09,78.69,70.85,66.67,88.57,83.93,82.44,78.96,92.53,100.0,99.5,99.5,48.0,41.77,49.94,87.75,88.38,67.43,80.0,33.33,94.89,74.16,83.22,62.48,77.18,64.53,50.0,50.0,100.0,88.57,99.0,68.87,84.6,80.28,71.25,78.19,69.97,88.22,83.56,85.41,92.53,90,85,Yes
HRV,Croatia,Europe & Central Asia,2022,0,83.43,88.01,79.38,84.57,82.0,99.3,81.68,78.09,79.78,85.34,66.67,88.92,84.23,80.55,79.37,92.53,100.0,99.5,99.5,97.03,78.44,76.64,89.97,88.38,67.43,80.0,33.33,96.4,75.28,84.28,63.16,91.91,78.78,50.0,50.0,100.0,88.92,99.0,69.47,82.27,78.82,71.42,81.08,70.07,87.26,83.21,88.71,92.53,90,85,Yes
HRV,Croatia,Europe & Central Asia,2023,0,85.94,93.58,82.05,87.04,81.61,99.35,95.55,78.09,83.85,87.95,66.67,89.3,84.23,87.57,78.88,92.53,100.0,99.5,99.5,97.49,100.0,96.44,90.2,88.38,67.43,80.0,33.33,100.0,79.61,88.3,67.49,94.51,81.38,50.0,50.0,100.0,89.3,99.0,69.47,93.13,82.02,71.76,81.08,68.24,86.68,83.15,88.09,92.53,90,85,Yes
HRV,Croatia,Europe & Central Asia,2024,0,87.03,94.3,83.73,89.34,81.33,99.68,97.03,78.09,86.12,89.88,66.67,89.41,84.23,94.38,79.6,88.28,100.0,99.9,99.8,98.0,100.0,100.0,91.08,88.38,67.43,80.0,33.33,98.67,86.43,86.56,72.81,96.44,83.31,50.0,50.0,100.0,89.41,99.0,69.47,100.0,88.76,72.0,87.35,67.41,83.82,87.37,87.41,88.28,90,85,Yes
HTI,Haiti,Latin America & Caribbean,2021,1,41.52,38.3,42.65,57.55,31.62,47.72,39.45,17.19,31.03,25.59,100.0,48.25,53.44,70.94,37.93,6.4,70.0,76.0,25.8,0.0,11.06,25.29,81.98,28.38,10.0,0.0,0.0,55.3,28.64,33.41,6.75,37.45,13.74,100.0,100.0,100.0,48.25,68.01,38.88,82.22,59.66,27.24,13.74,21.04,48.94,61.69,47.75,6.4,70,75,Yes
HTI,Haiti,Latin America & Caribbean,2022,1,43.07,41.6,46.59,59.74,29.72,56.23,39.17,17.19,35.75,30.71,100.0,49.74,53.44,76.05,35.54,6.4,70.0,76.0,47.08,0.0,10.27,26.86,80.37,28.38,10.0,0.0,0.0,59.14,32.48,39.02,12.36,41.61,19.82,100.0,100.0,100.0,49.74,68.01,38.88,82.22,69.87,26.97,8.65,17.59,49.69,62.41,33.48,6.4,70,75,Yes
HTI,Haiti,Latin America & Caribbean,2023,1,45.76,46.74,50.37,60.34,30.86,63.4,44.85,17.19,40.29,35.63,100.0,51.09,53.44,76.48,36.98,6.4,70.0,76.0,65.0,0.0,12.91,38.02,83.62,28.38,10.0,0.0,0.0,63.68,37.02,43.56,16.9,46.53,24.73,100.0,100.0,100.0,51.09,68.01,38.88,82.22,70.74,26.71,8.65,21.66,47.67,63.4,42.26,6.4,70,75,Yes
HTI,Haiti,Latin America & Caribbean,2024,1,47.58,48.74,48.01,62.01,35.31,63.4,49.85,17.19,28.62,41.42,100.0,52.97,53.44,79.62,38.06,24.28,70.0,76.0,65.0,0.0,16.41,49.33,83.82,28.38,10.0,0.0,0.0,42.44,37.95,22.32,11.76,52.31,30.52,100.0,100.0,100.0,52.97,68.01,38.88,82.22,77.02,26.82,13.79,22.2,42.86,64.01,55.1,24.28,70,75,Yes
HUN,Hungary,Europe & Central Asia,2021,0,82.46,79.19,80.55,89.74,80.78,91.12,66.86,79.98,78.71,82.06,81.23,88.5,82.51,98.21,78.16,91.28,100.0,100.0,100.0,11.16,45.16,64.42,91.0,85.71,75.0,97.5,0.0,93.95,74.79,82.62,63.46,88.2,75.93,100.0,43.7,100.0,88.5,99.1,65.92,96.42,100.0,76.96,74.68,70.35,89.33,85.01,63.6,91.28,90,85,Yes
HUN,Hungary,Europe & Central Asia,2022,0,85.03,89.8,80.09,90.0,80.74,92.6,91.92,79.98,79.61,80.0,81.23,89.22,82.56,98.21,78.11,91.28,100.0,100.0,100.0,26.0,88.46,94.94,92.35,85.71,75.0,97.5,0.0,95.24,76.01,83.21,63.98,86.51,73.48,100.0,43.7,100.0,89.22,99.1,66.02,96.42,100.0,76.93,74.65,70.75,87.68,84.66,66.4,91.28,90,85,Yes
HUN,Hungary,Europe & Central Asia,2023,0,86.43,93.04,82.33,90.62,80.4,96.5,96.1,79.98,81.81,83.4,81.23,91.08,82.56,98.21,77.68,91.28,100.0,100.0,100.0,65.0,96.87,100.0,91.42,85.71,75.0,97.5,0.0,98.38,77.26,86.35,65.23,89.92,76.89,100.0,43.7,100.0,91.08,99.1,66.02,96.42,100.0,76.93,74.65,68.85,87.16,85.16,66.0,91.28,90,85,Yes
HUN,Hungary,Europe & Central Asia,2024,0,85.57,93.89,78.8,90.56,80.03,97.4,97.32,79.98,72.09,84.29,81.23,90.92,82.56,98.21,77.88,88.65,100.0,100.0,100.0,74.0,100.0,100.0,91.97,85.71,75.0,97.5,0.0,81.05,77.5,69.02,60.77,90.8,77.77,100.0,43.7,100.0,90.92,99.1,66.02,96.42,100.0,77.26,71.44,68.74,84.54,89.32,67.62,88.65,90,85,Yes
IDN,Indonesia,East Asia & Pacific,2021,3,68.28,63.1,67.62,72.3,70.44,86.96,50.83,39.9,75.46,43.59,100.0,61.82,77.23,77.86,64.33,94.88,98.0,96.0,96.0,3.61,17.2,50.62,84.68,43.81,60.0,0.0,0.0,87.42,77.6,73.31,63.49,51.24,35.95,100.0,100.0,100.0,61.82,96.0,58.45,72.11,83.6,46.48,72.34,69.21,74.38,53.17,84.5,94.88,45,50,No
IDN,Indonesia,East Asia & Pacific,2022,3,70.46,65.84,76.66,69.77,69.97,89.2,55.45,39.9,77.03,64.63,100.0,64.04,77.23,68.06,63.74,94.88,98.0,98.0,98.0,10.0,21.3,58.95,86.1,43.81,60.0,0.0,0.0,94.23,73.64,80.41,59.83,72.11,57.14,100.0,100.0,100.0,64.04,96.0,58.45,66.1,70.01,47.34,76.44,60.15,75.21,53.55,88.5,94.88,45,50,No
IDN,Indonesia,East Asia & Pacific,2023,3,72.9,69.8,83.18,71.46,68.06,89.77,64.77,39.9,78.09,79.87,100.0,66.46,77.23,70.71,61.35,94.88,98.0,98.0,98.0,15.7,31.96,75.44,86.93,43.81,60.0,0.0,0.0,95.29,74.7,81.47,60.89,87.35,72.38,100.0,100.0,100.0,66.46,96.0,58.45,57.56,83.86,48.13,76.44,49.48,73.41,54.04,87.0,94.88,45,50,No
IDN,Indonesia,East Asia & Pacific,2024,3,74.75,72.28,77.45,79.14,70.45,90.96,69.8,39.9,63.6,80.03,100.0,67.92,77.23,92.28,63.07,100.0,99.35,98.0,98.0,26.26,39.5,81.26,88.64,43.81,60.0,0.0,0.0,78.91,60.29,65.09,50.11,87.51,72.54,100.0,100.0,100.0,67.92,96.0,58.45,84.56,100.0,48.84,80.35,50.61,67.85,63.1,89.52,100.0,45,50,No
IND,India,South Asia,2021,3,61.77,56.97,70.61,53.9,67.14,88.83,38.75,29.69,72.62,74.44,58.95,67.01,59.26,35.43,59.55,97.5,99.06,98.78,98.53,0.0,14.02,23.21,79.02,32.86,44.2,0.0,0.0,83.96,70.63,74.61,61.28,79.51,69.38,73.73,3.11,100.0,67.01,75.6,42.93,51.89,18.97,43.07,82.32,32.93,73.8,70.04,73.47,97.5,45,50,No
IND,India,South Asia,2022,3,63.83,62.39,69.8,56.76,67.17,89.52,42.84,47.24,71.74,73.3,58.95,69.31,60.45,40.52,59.59,97.5,99.21,98.82,98.67,6.0,21.8,27.03,79.68,42.38,44.2,62.38,68.71,82.39,70.43,73.04,61.09,78.36,68.23,73.73,3.11,100.0,69.31,76.0,44.89,61.95,19.09,45.78,79.34,32.69,74.2,70.17,70.84,97.5,45,50,No
IND,India,South Asia,2023,3,68.26,73.49,70.54,62.46,67.06,94.02,61.72,55.95,74.64,72.24,58.95,71.49,65.43,50.47,59.45,97.5,99.21,99.0,99.0,49.0,63.72,40.55,80.89,51.9,44.2,79.89,95.15,87.21,71.41,77.86,62.06,77.3,67.17,73.73,3.11,100.0,71.49,82.0,48.85,61.16,39.78,46.03,79.34,32.07,73.49,70.78,70.44,97.5,45,50,No
IND,India,South Asia,2024,3,67.78,81.25,63.91,60.51,67.16,97.39,77.14,57.19,56.77,73.54,58.95,72.41,68.11,41.02,59.33,98.49,99.28,99.06,99.06,82.15,94.96,54.38,82.07,52.45,47.42,79.89,95.15,67.3,54.45,57.95,47.39,78.6,68.48,73.73,3.11,100.0,72.41,82.0,54.22,47.47,34.58,45.34,81.84,33.81,69.3,72.25,70.03,98.49,45,50,No
IRL,Ireland,Europe & Central Asia,2021,0,87.02,75.91,93.76,90.55,88.96,97.72,62.88,58.33,98.9,100.0,71.0,84.72,95.5,91.44,89.74,85.86,99.8,99.8,99.8,79.0,45.87,55.25,87.52,61.9,47.5,87.5,0.0,100.0,100.0,100.0,95.6,100.0,100.0,56.5,56.5,100.0,84.72,99.0,92.0,89.69,93.18,82.36,77.51,77.58,100.0,100.0,100.0,85.86,90,85,Yes
IRL,Ireland,Europe & Central Asia,2022,0,89.82,86.14,94.2,90.31,88.81,98.82,73.1,86.86,100.0,100.0,71.0,85.21,96.49,89.22,89.55,85.86,99.8,99.8,99.8,90.0,65.92,64.3,89.07,90.48,95.0,87.5,0.0,100.0,100.0,100.0,100.0,100.0,100.0,56.5,56.5,100.0,85.21,99.0,93.97,92.91,85.54,81.26,77.96,77.53,100.0,99.97,100.0,85.86,90,85,Yes
IRL,Ireland,Europe & Central Asia,2023,0,91.2,88.47,93.42,94.17,88.87,98.82,78.94,86.86,98.06,100.0,71.0,86.03,96.49,100.0,89.62,85.86,99.8,99.8,99.8,90.0,78.83,68.63,89.35,90.48,95.0,87.5,0.0,100.0,100.0,100.0,92.24,100.0,100.0,56.5,56.5,100.0,86.03,99.0,93.97,100.0,100.0,81.2,77.96,77.91,100.0,100.0,100.0,85.86,90,85,Yes
IRL,Ireland,Europe & Central Asia,2024,0,89.64,90.22,87.73,89.72,90.92,98.92,83.19,86.86,83.81,100.0,71.0,86.47,96.49,86.2,90.93,90.89,99.8,99.8,99.8,91.0,86.92,73.03,89.64,90.48,95.0,87.5,0.0,90.79,85.56,79.38,79.52,100.0,100.0,56.5,56.5,100.0,86.47,99.0,93.97,89.8,82.61,80.91,87.68,80.51,100.0,99.4,100.0,90.89,90,85,Yes
IRN,Iran,Middle East & North Africa,2021,2,60.45,62.18,47.73,71.94,62.52,81.78,54.18,38.97,56.2,15.32,95.59,59.78,72.71,83.33,57.89,81.07,96.9,90.0,90.0,0.93,27.31,50.32,84.92,33.33,43.98,60.75,0.0,68.16,58.87,53.54,44.25,23.24,7.4,100.0,86.76,100.0,59.78,86.0,59.43,66.67,100.0,60.34,50.39,54.06,59.58,56.92,66.69,81.07,60,65,No
IRN,Iran,Middle East & North Africa,2022,2,61.72,63.56,56.34,65.63,61.75,81.84,57.56,38.97,58.81,34.24,95.59,62.0,72.71,62.19,56.92,81.07,96.5,90.0,90.0,1.87,32.68,55.24,84.78,33.33,43.98,60.75,0.0,73.08,58.76,58.86,44.55,41.94,26.54,100.0,86.76,100.0,62.0,86.0,59.43,50.35,74.03,60.18,41.96,53.68,59.02,58.82,63.87,81.07,60,65,No
IRN,Iran,Middle East & North Africa,2023,3,64.67,66.03,59.47,71.93,61.94,81.99,63.6,38.97,58.2,42.68,95.59,64.33,72.71,78.74,57.16,81.07,97.0,90.0,90.0,2.91,44.46,60.68,85.65,33.33,43.98,60.75,0.0,72.67,58.35,58.04,43.73,50.6,34.76,100.0,86.76,100.0,64.33,86.0,59.43,78.26,79.22,60.81,41.96,53.3,56.57,62.73,62.81,81.07,45,50,No
IRN,Iran,Middle East & North Africa,2024,2,64.75,69.21,54.77,79.48,58.35,83.63,69.9,38.97,45.12,44.0,95.59,65.72,72.71,100.0,56.56,65.52,98.0,92.17,90.0,9.65,59.21,64.33,86.15,33.33,43.98,60.75,0.0,58.9,47.1,44.28,30.21,51.92,36.08,100.0,86.76,100.0,65.72,86.0,59.43,100.0,100.0,60.83,37.73,52.94,49.32,64.43,72.82,65.52,60,65,No
IRQ,Iraq,Middle East & North Africa,2021,2,45.67,54.52,44.91,46.81,37.95,86.8,36.68,25.64,48.25,41.8,44.44,46.31,66.18,27.94,42.26,20.71,100.0,97.0,95.0,0.0,10.47,19.87,79.7,26.29,41.67,0.0,0.0,54.45,54.45,42.06,42.06,48.51,35.09,66.67,66.67,0.0,46.31,86.0,46.36,32.62,23.26,21.61,27.07,64.28,53.95,17.85,80.14,20.71,60,65,No
IRQ,Iraq,Middle East & North Africa,2022,2,49.71,58.92,59.54,47.44,36.7,88.4,46.08,25.64,54.21,72.43,44.44,48.24,66.18,27.89,40.69,20.71,100.0,98.0,98.0,0.0,18.75,35.72,83.78,26.29,41.67,0.0,0.0,59.96,59.96,48.46,48.46,78.66,66.2,66.67,66.67,0.0,48.24,86.0,46.36,20.14,35.63,21.35,20.6,56.73,54.07,20.94,80.14,20.71,60,65,No
IRQ,Iraq,Middle East & North Africa,2023,2,53.36,61.6,62.59,54.36,38.67,89.0,52.18,25.64,52.45,59.58,88.89,50.26,66.18,46.63,43.16,20.71,100.0,99.0,98.5,0.0,22.02,49.91,84.62,26.29,41.67,0.0,0.0,58.2,58.2,46.7,46.7,65.81,53.35,100.0,66.67,100.0,50.26,86.0,46.36,43.26,50.0,21.57,20.6,69.33,54.01,21.17,78.9,20.71,60,65,No
IRQ,Iraq,Middle East & North Africa,2024,2,56.59,64.72,59.81,58.15,45.56,89.23,59.74,25.64,45.51,59.57,88.89,51.73,66.18,56.55,43.68,53.07,100.0,99.4,98.68,0.0,28.83,62.95,87.43,26.29,41.67,0.0,0.0,56.06,44.48,44.56,36.94,65.8,53.34,100.0,66.67,100.0,51.73,86.0,46.36,71.33,41.77,22.55,18.76,72.74,52.11,23.17,76.92,53.07,60,65,No
ISL,Iceland,Europe & Central Asia,2021,0,88.32,88.11,84.35,93.64,87.43,93.25,91.54,70.97,81.21,95.25,68.82,88.67,93.93,98.33,89.34,79.81,99.98,99.9,99.9,33.34,92.45,88.35,93.82,80.76,64.47,75.0,0.0,89.73,82.98,79.44,72.68,100.0,90.5,53.23,53.23,100.0,88.67,100.0,87.86,96.67,100.0,90.15,84.04,86.73,100.0,83.4,88.78,79.81,90,85,Yes
ISL,Iceland,Europe & Central Asia,2022,0,89.63,91.4,85.4,95.28,86.79,95.24,97.78,70.97,82.91,96.17,68.82,88.92,96.92,100.0,88.53,79.81,99.98,99.9,99.9,53.22,100.0,100.0,93.33,80.76,64.47,75.0,0.0,91.45,84.69,81.13,74.38,100.0,92.35,53.23,53.23,100.0,88.92,100.0,93.84,100.0,100.0,90.38,88.67,80.83,100.0,83.36,87.52,79.81,90,85,Yes
ISL,Iceland,Europe & Central Asia,2023,0,89.63,92.17,86.26,94.68,85.73,97.23,97.72,70.97,84.4,96.85,68.82,89.17,96.92,97.94,87.21,79.81,99.98,99.9,99.9,73.1,100.0,100.0,93.15,80.76,64.47,75.0,0.0,92.93,86.17,82.63,75.87,100.0,93.69,53.23,53.23,100.0,89.17,100.0,93.84,100.0,95.88,91.18,88.67,71.41,100.0,85.36,87.52,79.81,90,85,Yes
ISL,Iceland,Europe & Central Asia,2024,0,91.44,92.82,85.98,95.07,92.16,98.56,97.99,70.97,83.29,97.25,68.82,89.31,96.92,98.98,90.49,98.83,99.9,99.9,99.9,86.53,100.0,100.0,93.98,80.76,64.47,75.0,0.0,91.83,85.07,81.51,74.75,100.0,94.49,53.23,53.23,100.0,89.31,100.0,93.84,100.0,97.96,96.44,90.76,81.43,100.0,86.21,85.99,98.83,90,85,Yes
ISR,Israel,Middle East & North Africa,2021,0,82.2,78.66,83.1,83.96,83.17,93.16,68.87,69.25,89.17,85.41,66.32,75.4,81.18,95.31,81.23,90.93,99.0,99.0,99.0,40.57,47.09,69.39,90.13,80.0,60.0,75.0,0.0,98.2,97.05,81.29,80.14,94.57,76.25,77.35,21.61,100.0,75.4,98.0,64.36,93.13,97.5,72.69,81.08,77.3,100.0,67.41,96.46,90.93,90,85,Yes
ISR,Israel,Middle East & North Africa,2022,0,83.31,82.44,83.27,83.86,83.68,96.6,74.88,69.25,87.17,87.84,66.32,75.9,81.86,93.81,81.86,90.93,99.0,99.0,99.0,75.0,64.37,70.26,90.01,80.0,60.0,75.0,0.0,95.63,95.63,78.71,78.71,97.0,78.68,77.35,21.61,100.0,75.9,98.0,65.72,89.9,97.73,72.39,87.45,76.29,98.68,70.1,96.25,90.93,90,85,Yes
ISR,Israel,Middle East & North Africa,2023,0,83.69,86.73,80.84,84.15,83.12,97.6,83.93,70.58,81.42,87.53,66.32,76.36,81.86,94.24,81.17,90.93,99.0,99.0,99.0,85.0,86.88,74.91,90.01,80.0,60.0,75.0,26.67,89.88,89.88,72.96,72.96,96.69,78.37,77.35,21.61,100.0,76.36,98.0,65.72,93.13,95.35,72.68,87.45,73.77,98.25,69.31,96.25,90.93,90,85,Yes
ISR,Israel,Middle East & North Africa,2024,0,84.63,88.87,80.97,85.5,83.38,98.3,88.58,70.58,80.89,88.38,66.32,77.01,81.86,97.62,80.79,93.76,99.0,99.0,99.0,92.0,100.0,75.46,90.29,80.0,60.0,75.0,26.67,93.81,83.1,76.89,69.76,97.54,79.22,77.35,21.61,100.0,77.01,98.0,65.72,100.0,95.24,72.09,85.41,71.68,96.2,73.12,96.29,93.76,90,85,Yes
ITA,Italy,Europe & Central Asia,2021,0,83.19,78.82,80.95,87.95,85.35,99.54,58.55,77.9,85.87,85.89,61.21,88.0,87.54,88.3,82.65,96.13,100.0,100.0,100.0,95.4,41.51,53.25,80.89,90.48,78.33,50.0,33.33,93.23,93.23,78.5,78.5,93.87,77.92,59.84,23.79,100.0,88.0,99.0,76.08,93.27,83.33,76.77,84.77,71.81,93.72,82.32,92.5,96.13,90,85,Yes
ITA,Italy,Europe & Central Asia,2022,0,84.15,81.73,79.04,90.47,85.79,99.5,65.86,77.9,86.38,78.56,65.34,88.47,87.98,94.97,83.21,96.13,100.0,100.0,100.0,95.0,54.66,60.04,82.88,90.48,78.33,50.0,33.33,93.49,93.49,79.27,79.27,86.26,70.86,59.84,36.2,100.0,88.47,99.0,76.95,96.6,93.33,76.86,86.59,73.65,92.27,82.96,94.0,96.13,90,85,Yes
ITA,Italy,Europe & Central Asia,2023,0,85.94,85.69,80.85,92.27,85.34,99.65,75.62,77.9,87.62,82.28,64.45,88.83,87.98,100.0,82.64,96.13,100.0,100.0,100.0,96.5,74.4,68.35,84.1,90.48,78.33,50.0,33.33,94.73,94.73,80.51,80.51,89.98,74.58,59.84,33.51,100.0,88.83,99.0,76.95,100.0,100.0,77.02,86.59,71.75,91.73,82.9,93.0,96.13,90,85,Yes
ITA,Italy,Europe & Central Asia,2024,0,84.37,87.95,75.85,89.66,84.73,99.6,81.31,77.9,74.53,82.88,64.45,89.04,87.98,91.95,80.91,100.0,100.0,100.0,100.0,96.0,87.32,71.23,85.39,90.48,78.33,50.0,33.33,85.41,78.51,71.2,63.01,90.58,75.18,59.84,33.5,100.0,89.04,99.0,76.95,96.67,87.23,76.95,76.24,71.15,88.74,83.42,92.38,100.0,90,85,Yes
JAM,Jamaica,Latin America & Caribbean,2021,2,55.36,66.29,37.46,73.76,51.28,87.6,58.66,38.94,31.92,50.05,23.33,62.29,68.05,90.93,55.96,32.53,100.0,99.0,95.0,0.0,36.0,51.61,88.37,74.29,6.0,0.0,0.0,40.73,40.73,23.11,23.11,59.59,40.51,50.0,0.0,20.0,62.29,88.1,48.0,84.5,97.37,49.44,43.98,61.27,71.54,25.57,100.0,32.53,60,65,No
JAM,Jamaica,Latin America & Caribbean,2022,2,56.55,67.69,38.68,77.36,50.48,89.28,60.48,38.94,32.63,52.41,23.33,64.03,68.05,100.0,54.96,32.53,100.0,99.2,99.0,0.0,37.22,54.67,89.53,74.29,6.0,0.0,0.0,41.44,41.44,23.82,23.82,61.96,42.87,50.0,0.0,20.0,64.03,88.1,48.0,100.0,100.0,49.4,49.14,49.53,71.23,30.07,100.0,32.53,60,65,No
JAM,Jamaica,Latin America & Caribbean,2023,2,56.83,68.49,37.78,77.91,51.73,89.32,62.44,38.94,36.64,46.16,23.33,65.68,68.05,100.0,56.54,32.53,100.0,99.2,99.1,0.0,40.6,56.2,90.5,74.29,6.0,0.0,0.0,45.45,45.45,27.83,27.83,55.7,36.61,50.0,0.0,20.0,65.68,88.1,48.0,100.0,100.0,48.75,49.14,56.88,69.69,32.79,100.0,32.53,60,65,No
JAM,Jamaica,Latin America & Caribbean,2024,2,56.44,68.11,33.53,78.51,56.6,89.39,61.41,38.94,25.22,46.93,23.33,67.48,68.05,100.0,56.24,58.03,100.0,99.26,99.21,0.0,39.69,55.31,89.23,74.29,6.0,0.0,0.0,35.86,34.89,18.24,11.88,56.48,37.38,50.0,0.0,20.0,67.48,88.1,48.0,100.0,100.0,49.59,56.77,55.06,63.39,34.76,100.0,58.03,60,65,No
JOR,Jordan,Middle East & North Africa,2021,2,61.7,65.04,54.53,69.52,58.79,89.26,59.38,27.91,41.71,57.24,74.74,67.99,72.16,68.41,55.75,70.96,99.8,99.1,99.1,0.0,20.2,66.34,91.61,28.57,36.67,17.5,0.0,47.04,46.39,37.02,36.37,62.67,51.82,81.03,43.17,100.0,67.99,95.17,49.15,82.91,53.91,52.23,50.91,60.76,79.03,21.17,80.24,70.96,60,65,No
JOR,Jordan,Middle East & North Africa,2022,2,64.12,66.93,55.57,76.06,59.74,89.26,59.81,36.54,42.4,59.6,73.82,68.82,72.12,87.23,56.94,70.96,99.8,99.1,99.1,0.0,20.15,66.9,92.37,28.57,36.67,75.0,0.0,47.76,47.11,37.69,37.04,65.06,54.15,81.03,40.43,100.0,68.82,95.09,49.15,81.68,92.77,51.83,65.94,57.97,77.96,21.17,85.6,70.96,60,65,No
JOR,Jordan,Middle East & North Africa,2023,2,64.74,69.02,56.4,76.25,59.18,90.36,63.92,36.54,42.95,61.4,73.31,69.4,72.07,87.27,56.23,70.96,99.8,99.1,99.1,11.0,26.9,71.94,92.9,28.57,36.67,75.0,0.0,47.96,47.96,37.94,37.94,66.83,55.97,81.03,38.9,100.0,69.4,95.0,49.15,81.68,92.86,51.98,65.94,55.75,76.46,20.71,86.6,70.96,60,65,No
JOR,Jordan,Middle East & North Africa,2024,3,66.04,72.27,51.28,79.21,64.81,91.83,70.57,36.54,29.33,62.22,73.31,70.56,72.07,94.99,56.36,98.6,99.5,99.1,99.1,26.0,40.49,78.09,93.11,28.57,36.67,75.0,0.0,40.36,28.28,30.33,18.36,67.64,56.79,81.03,38.9,100.0,70.56,95.0,49.15,92.51,97.47,51.54,75.91,56.51,71.88,23.8,80.22,98.6,45,50,No
JPN,Japan,East Asia & Pacific,2021,0,86.25,80.82,88.89,86.4,89.14,98.5,64.64,77.81,76.02,96.21,100.0,87.28,83.83,88.09,86.97,97.82,99.9,100.0,99.9,85.48,57.08,55.26,81.56,74.29,76.67,100.0,53.33,88.94,76.42,75.61,63.09,100.0,92.42,100.0,100.0,100.0,87.28,99.0,68.66,93.06,83.13,68.17,90.77,80.43,92.64,100.0,96.5,97.82,90,85,Yes
JPN,Japan,East Asia & Pacific,2022,0,86.04,83.69,90.98,81.76,88.04,99.15,71.17,77.81,82.29,95.17,100.0,87.79,83.83,73.65,85.6,97.82,99.9,100.0,99.9,92.0,75.49,56.62,81.41,74.29,76.67,100.0,53.33,88.96,88.96,75.63,75.63,100.0,90.34,100.0,100.0,100.0,87.79,99.0,68.66,76.19,71.11,68.43,90.94,74.42,90.43,100.0,98.5,97.82,90,85,Yes
JPN,Japan,East Asia & Pacific,2023,0,87.39,86.3,88.38,86.48,88.43,99.35,77.5,77.81,73.82,97.13,100.0,88.72,83.83,86.9,86.08,97.82,99.9,99.9,99.9,94.4,87.51,63.13,81.84,74.29,76.67,100.0,53.33,87.05,73.91,73.72,60.58,100.0,94.26,100.0,100.0,100.0,88.72,99.0,68.66,96.53,77.27,68.54,90.94,77.4,89.98,100.0,98.0,97.82,90,85,Yes
JPN,Japan,East Asia & Pacific,2024,0,87.04,89.97,85.39,84.49,88.44,99.52,85.5,79.81,66.76,96.71,100.0,88.94,83.83,80.7,86.16,97.57,99.9,99.9,99.9,96.11,100.0,73.31,83.19,74.29,83.33,100.0,53.33,76.37,70.03,63.04,57.58,100.0,93.42,100.0,100.0,100.0,88.94,99.0,68.66,86.11,75.28,68.79,94.27,78.61,87.71,100.0,97.14,97.57,90,85,Yes
KAZ,Kazakhstan,Europe & Central Asia,2021,3,72.91,59.44,76.46,83.46,74.51,81.65,46.37,41.14,85.2,57.14,97.62,71.43,82.03,96.94,69.86,93.15,98.0,96.0,83.62,0.0,18.0,38.57,82.55,44.88,56.95,10.8,0.0,98.8,82.32,88.08,71.6,62.95,51.33,96.43,96.43,100.0,71.43,99.8,64.25,96.38,97.5,52.09,92.9,70.8,75.75,82.36,43.69,93.15,45,50,No
KAZ,Kazakhstan,Europe & Central Asia,2022,3,73.23,60.78,76.99,84.61,72.62,82.82,48.57,41.14,91.25,52.42,97.62,71.79,82.03,100.0,67.49,93.15,98.2,96.0,86.5,0.0,20.16,42.69,82.86,44.88,56.95,10.8,0.0,100.0,92.1,91.52,81.37,58.23,46.61,96.43,96.43,100.0,71.79,99.8,64.25,100.0,100.0,52.48,93.44,60.52,75.88,84.1,35.5,93.15,45,50,No
KAZ,Kazakhstan,Europe & Central Asia,2023,3,75.99,66.14,80.09,84.73,74.28,87.76,57.03,41.14,85.18,66.22,97.62,72.15,82.03,100.0,69.56,93.15,98.8,96.0,89.13,38.26,30.67,55.63,84.8,44.88,56.95,10.8,0.0,96.71,84.38,85.99,73.66,72.03,60.41,96.43,96.43,100.0,72.15,99.8,64.25,100.0,100.0,53.07,93.44,71.25,75.32,84.12,34.63,93.15,45,50,No
KAZ,Kazakhstan,Europe & Central Asia,2024,3,73.51,69.74,68.89,80.97,75.05,89.2,64.58,41.14,55.69,67.73,97.62,73.06,78.19,91.65,70.29,94.05,99.0,96.0,91.0,45.0,40.98,67.04,85.73,44.88,56.95,10.8,0.0,64.65,56.24,53.93,47.94,73.54,61.93,96.43,96.43,100.0,73.06,99.8,56.57,92.83,90.48,53.37,93.9,78.07,72.55,84.71,31.63,94.05,45,50,No
KEN,Kenya,Sub-Saharan Africa,2021,2,51.44,58.8,43.91,54.08,50.13,87.05,37.34,45.21,45.2,44.97,39.22,50.19,61.04,51.01,42.24,81.7,96.5,97.0,96.5,0.0,10.35,22.11,79.57,71.43,31.67,0.0,0.0,59.44,46.11,44.3,30.97,53.17,36.76,17.65,100.0,0.0,50.19,81.5,40.58,78.49,23.53,42.53,67.93,21.43,65.59,24.65,46.11,81.7,60,65,No
KEN,Kenya,Sub-Saharan Africa,2022,2,52.25,61.53,43.36,56.31,49.63,87.74,38.75,54.65,49.22,39.56,39.22,52.04,61.04,55.86,41.61,81.7,97.0,97.51,97.0,2.4,12.07,24.46,79.72,71.43,55.0,16.25,0.0,65.61,47.98,50.46,32.84,47.77,31.36,17.65,100.0,0.0,52.04,81.5,40.58,79.39,32.32,42.68,68.21,19.34,65.32,26.13,40.99,81.7,60,65,No
KEN,Kenya,Sub-Saharan Africa,2023,2,50.54,62.65,34.36,60.37,50.18,88.15,41.15,54.65,62.54,18.09,10.56,53.4,61.04,66.67,42.3,81.7,98.0,97.51,97.0,5.47,16.52,27.94,79.0,71.43,55.0,16.25,0.0,92.25,47.97,77.1,32.82,26.3,9.89,31.68,0.0,0.0,53.4,81.5,40.58,97.09,36.26,42.55,68.21,23.29,63.6,27.26,41.4,81.7,60,65,No
KEN,Kenya,Sub-Saharan Africa,2024,2,48.67,64.03,25.57,63.4,54.08,89.03,43.71,54.65,38.7,19.94,10.56,54.41,61.04,74.76,42.95,98.59,98.0,97.51,97.33,12.94,21.45,31.32,78.37,71.43,55.0,16.25,0.0,54.61,40.14,39.47,20.57,28.14,11.73,31.68,0.0,0.0,54.41,81.5,40.58,93.32,56.19,42.44,77.7,26.57,57.55,29.12,40.47,98.59,60,65,No
KGZ,Kyrgyzstan,Europe & Central Asia,2021,2,59.27,58.2,47.3,80.61,55.62,81.93,43.68,39.76,42.19,37.54,77.01,69.27,74.4,98.15,57.11,49.64,99.3,90.0,90.0,0.0,14.29,31.04,85.72,44.76,57.93,0.0,0.0,47.6,47.6,36.79,36.79,43.39,31.68,77.35,96.43,57.26,69.27,99.6,49.2,96.3,100.0,37.54,63.24,54.23,68.9,78.79,29.0,49.64,60,65,No
KGZ,Kyrgyzstan,Europe & Central Asia,2022,2,59.8,58.26,50.35,81.85,53.26,81.93,43.85,39.76,47.48,39.88,77.01,69.9,75.64,100.0,54.16,49.64,99.3,90.0,90.0,0.0,14.5,31.94,85.1,44.76,57.93,0.0,0.0,52.48,52.48,42.49,42.49,45.29,34.47,77.35,96.43,57.26,69.9,99.6,51.69,100.0,100.0,37.84,61.76,41.15,69.56,79.47,23.81,49.64,60,65,No
KGZ,Kyrgyzstan,Europe & Central Asia,2023,2,62.32,61.85,55.07,82.07,53.94,85.93,48.81,39.76,51.81,47.36,77.01,70.57,75.64,100.0,55.02,49.64,99.3,95.0,95.0,0.0,20.69,40.07,85.67,44.76,57.93,0.0,0.0,56.81,56.81,46.82,46.82,52.76,41.95,77.35,96.43,57.26,70.57,99.6,51.69,100.0,100.0,38.83,61.76,43.46,69.1,80.69,24.27,49.64,60,65,No
KGZ,Kyrgyzstan,Europe & Central Asia,2024,3,64.28,66.57,55.06,81.92,56.85,89.82,56.24,40.76,49.27,49.86,77.01,71.65,74.12,100.0,54.66,65.6,99.6,97.61,97.23,19.25,32.59,49.21,86.9,44.76,61.27,0.0,0.0,63.74,44.41,53.76,35.15,55.27,44.46,77.35,96.43,57.26,71.65,99.6,48.64,100.0,100.0,39.43,60.72,47.89,66.32,80.18,18.26,65.6,45,50,No
KHM,Cambodia,East Asia & Pacific,2021,2,54.62,59.09,54.08,53.71,51.85,86.86,46.23,29.29,45.9,44.98,88.64,62.77,56.86,41.49,60.04,19.12,99.0,96.2,96.2,0.0,15.53,37.38,85.77,36.57,36.67,0.0,0.0,62.04,48.71,43.09,29.76,55.25,34.72,92.48,100.0,73.45,62.77,71.93,41.8,39.39,43.59,38.06,43.55,74.72,67.31,76.35,43.95,19.12,60,65,No
KHM,Cambodia,East Asia & Pacific,2022,2,57.29,59.92,58.89,62.08,49.2,88.36,46.8,29.29,56.57,46.33,88.64,65.21,56.86,64.15,56.71,19.12,99.6,98.0,98.0,0.0,17.9,36.88,85.63,36.57,36.67,0.0,0.0,76.61,55.48,57.66,36.53,56.59,36.06,92.48,100.0,73.45,65.21,71.93,41.8,59.26,69.05,35.47,41.81,64.38,67.77,76.31,37.49,19.12,60,65,No
KHM,Cambodia,East Asia & Pacific,2023,2,58.54,63.18,60.06,61.83,50.07,88.36,54.95,29.29,57.97,47.84,88.64,67.79,56.86,60.84,57.81,19.12,99.6,98.0,98.0,0.0,27.51,49.47,87.88,36.57,36.67,0.0,0.0,78.02,56.9,59.05,37.92,58.12,37.57,92.48,100.0,73.45,67.79,71.93,41.8,51.31,70.37,37.18,41.81,66.21,68.08,78.12,37.09,19.12,60,65,No
KHM,Cambodia,East Asia & Pacific,2024,2,61.81,64.97,62.22,66.46,54.31,88.34,59.46,29.29,61.73,49.49,88.64,69.1,56.86,73.43,58.62,37.09,99.7,97.96,97.96,0.0,32.58,57.26,88.52,36.57,36.67,0.0,0.0,79.54,64.13,60.57,42.69,59.77,39.21,92.48,100.0,73.45,69.1,71.93,41.8,65.91,80.95,40.6,45.03,71.46,64.51,77.38,33.25,37.09,60,65,No
KOR,"Korea, South",East Asia & Pacific,2021,0,85.48,89.36,73.27,89.34,91.3,98.67,96.47,56.52,61.89,76.12,90.29,94.35,87.01,86.67,89.49,98.52,100.0,100.0,100.0,86.7,100.0,100.0,89.41,33.33,69.5,100.0,80.0,75.34,61.87,61.92,48.44,83.4,68.85,100.0,70.88,100.0,94.35,99.0,75.02,86.53,86.81,67.04,99.13,89.24,96.26,97.35,96.0,98.52,90,85,Yes
KOR,"Korea, South",East Asia & Pacific,2022,0,85.84,88.73,71.33,93.69,91.56,99.0,95.9,53.85,62.57,70.6,90.29,94.7,87.46,98.9,89.82,98.52,100.0,100.0,100.0,90.0,100.0,100.0,87.7,33.33,69.5,100.0,26.67,73.75,64.82,60.32,51.4,77.87,63.33,100.0,70.88,100.0,94.7,99.0,75.93,100.0,97.8,66.85,98.26,91.96,94.86,97.55,97.5,98.52,90,85,Yes
KOR,"Korea, South",East Asia & Pacific,2023,0,87.02,88.87,76.26,92.51,91.47,99.75,96.18,52.52,63.07,82.45,90.29,94.97,87.46,95.09,89.71,98.52,100.0,100.0,100.0,97.5,100.0,100.0,88.54,33.33,69.5,100.0,0.0,73.97,65.59,60.54,52.17,89.72,75.17,100.0,70.88,100.0,94.97,99.0,75.93,96.63,93.55,67.06,98.26,92.55,94.33,96.97,97.0,98.52,90,85,Yes
KOR,"Korea, South",East Asia & Pacific,2024,0,87.6,88.1,79.15,92.19,91.6,100.0,93.99,52.52,69.96,82.78,90.29,95.17,87.46,93.93,89.5,100.0,100.0,100.0,100.0,100.0,100.0,100.0,81.98,33.33,69.5,100.0,0.0,81.2,70.86,67.78,60.0,90.05,75.5,100.0,70.88,100.0,95.17,99.0,75.93,96.56,91.3,66.68,100.0,93.46,90.84,100.0,93.0,100.0,90,85,Yes
KWT,Kuwait,Middle East & North Africa,2021,0,79.56,81.09,83.75,84.47,69.84,100.0,72.8,59.84,70.94,88.43,100.0,84.29,83.14,85.99,68.53,75.07,100.0,100.0,100.0,100.0,52.83,75.85,89.74,61.33,59.73,75.0,0.0,74.85,74.79,67.08,67.02,92.64,84.22,100.0,100.0,100.0,84.29,96.0,70.28,100.0,71.98,59.35,76.93,94.7,84.41,30.47,70.5,75.07,90,85,Yes
KWT,Kuwait,Middle East & North Africa,2022,0,82.33,91.09,83.04,89.27,68.03,100.0,97.81,59.84,72.56,85.03,100.0,84.68,83.14,100.0,66.27,75.07,100.0,100.0,100.0,100.0,100.0,100.0,93.42,61.33,59.73,75.0,0.0,76.5,76.5,68.62,68.62,89.3,80.75,100.0,100.0,100.0,84.68,96.0,70.28,100.0,100.0,59.02,69.73,83.69,82.91,33.11,75.5,75.07,90,85,Yes
KWT,Kuwait,Middle East & North Africa,2023,0,81.85,91.19,78.65,89.49,69.91,100.0,98.06,59.84,69.89,76.73,100.0,85.33,83.14,100.0,68.63,75.07,100.0,100.0,100.0,100.0,100.0,100.0,94.17,61.33,59.73,75.0,0.0,73.78,73.78,66.01,66.01,80.94,72.52,100.0,100.0,100.0,85.33,96.0,70.28,100.0,100.0,58.89,69.73,95.92,82.19,34.51,73.5,75.07,90,85,Yes
KWT,Kuwait,Middle East & North Africa,2024,0,80.67,92.72,76.79,88.25,67.41,100.0,98.14,67.34,66.34,75.65,100.0,85.9,83.14,95.7,69.08,60.73,100.0,100.0,100.0,100.0,100.0,100.0,94.43,61.33,84.73,75.0,0.0,72.83,71.21,65.06,56.25,79.86,71.43,100.0,100.0,100.0,85.9,96.0,70.28,100.0,91.4,58.28,63.66,90.36,78.66,48.42,75.71,60.73,90,85,Yes
LAO,Laos,East Asia & Pacific,2021,2,52.7,57.72,43.86,72.97,41.76,87.93,40.6,31.52,40.48,44.74,48.85,62.31,58.66,97.94,47.12,20.34,96.8,96.8,96.8,8.05,16.75,23.04,82.01,34.05,48.33,0.0,0.0,50.41,46.12,34.84,30.55,53.17,36.31,66.67,63.22,16.67,62.31,85.0,32.33,95.88,100.0,52.09,24.73,50.57,64.77,39.93,31.75,20.34,60,65,No
LAO,Laos,East Asia & Pacific,2022,2,54.66,61.27,47.1,74.48,41.52,89.38,48.03,31.52,45.49,47.84,48.85,64.79,58.66,100.0,46.82,20.34,98.0,98.0,98.0,11.79,28.16,31.97,83.96,34.05,48.33,0.0,0.0,53.28,53.28,37.71,37.71,56.28,39.41,66.67,63.22,16.67,64.79,85.0,32.33,100.0,100.0,51.96,30.05,44.19,65.38,45.03,25.0,20.34,60,65,No
LAO,Laos,East Asia & Pacific,2023,2,54.34,60.42,49.88,68.49,42.22,89.93,45.36,31.52,48.83,51.46,48.85,67.38,58.66,79.43,47.69,20.34,98.0,98.0,98.0,17.26,20.24,32.83,83.01,34.05,48.33,0.0,0.0,56.61,56.61,41.04,41.04,59.89,43.02,66.67,63.22,16.67,67.38,85.0,32.33,80.39,78.46,53.3,30.05,47.58,66.21,44.36,24.0,20.34,60,65,No
LAO,Laos,East Asia & Pacific,2024,2,57.29,63.31,49.64,75.12,45.62,90.85,51.67,31.52,47.27,52.39,48.85,68.62,58.66,98.06,48.59,33.74,97.96,97.96,97.96,26.88,29.34,42.51,83.17,34.05,48.33,0.0,0.0,60.68,49.72,45.11,33.59,60.83,43.96,66.67,63.22,16.67,68.62,85.0,32.33,96.12,100.0,53.61,32.65,53.37,64.27,45.89,19.0,33.74,60,65,No
LBN,Lebanon,Middle East & North Africa,2021,2,60.15,61.04,51.89,73.4,56.31,87.56,49.45,31.19,25.16,54.56,100.0,73.86,69.09,77.25,62.78,30.44,99.61,99.0,95.0,0.0,23.32,38.05,86.97,52.38,16.67,0.0,0.0,38.68,30.87,19.45,11.64,64.98,44.14,100.0,100.0,100.0,73.86,93.0,45.18,92.96,61.54,58.06,42.17,90.86,84.28,19.83,79.57,30.44,60,65,No
LBN,Lebanon,Middle East & North Africa,2022,2,59.74,61.23,45.79,80.31,56.56,87.56,49.92,31.19,19.5,44.97,100.0,74.66,69.09,97.19,63.09,30.44,99.61,99.0,95.0,0.0,21.59,41.41,86.77,52.38,16.67,0.0,0.0,33.13,27.32,11.68,5.87,56.59,33.36,100.0,100.0,100.0,74.66,93.0,45.18,96.53,97.85,57.74,42.57,88.21,82.99,23.99,82.51,30.44,60,65,No
LBN,Lebanon,Middle East & North Africa,2023,2,60.68,65.43,48.52,76.37,55.92,87.56,60.43,31.19,29.8,41.49,100.0,75.19,69.09,84.82,62.29,30.44,99.61,99.0,95.0,0.0,35.06,57.24,88.98,52.38,16.67,0.0,0.0,43.5,35.15,24.45,16.1,51.81,31.17,100.0,100.0,100.0,75.19,93.0,45.18,78.72,90.91,57.74,42.57,85.5,82.46,23.74,81.41,30.44,60,65,No
LBN,Lebanon,Middle East & North Africa,2024,2,62.65,67.22,53.39,77.92,55.1,87.56,64.9,31.19,38.21,45.26,100.0,76.17,69.09,88.51,60.78,32.38,99.61,99.0,95.0,0.0,42.61,62.04,90.07,52.38,16.67,0.0,0.0,52.91,44.16,33.86,21.91,55.58,34.94,100.0,100.0,100.0,76.17,93.0,45.18,85.82,91.21,57.64,44.89,77.85,79.56,27.57,77.65,32.38,60,65,No
LBR,Liberia,Sub-Saharan Africa,2021,1,31.56,44.36,23.07,42.62,22.74,57.62,42.78,20.98,6.26,25.77,51.28,35.8,41.27,50.78,25.99,9.72,89.0,64.8,57.0,0.0,12.64,28.77,86.93,24.38,29.31,0.0,0.0,19.78,0.0,5.26,0.0,33.63,17.91,84.78,12.55,56.52,35.8,48.3,34.25,46.84,54.73,26.0,29.44,14.17,35.28,10.78,58.0,9.72,70,75,Yes
LBR,Liberia,Sub-Saharan Africa,2022,1,32.23,46.72,26.19,38.02,23.19,66.2,40.1,20.98,11.97,27.87,51.28,36.73,41.27,36.05,26.56,9.72,90.0,76.0,67.0,0.0,10.07,27.61,82.62,24.38,29.31,0.0,0.0,27.84,6.71,13.32,0.0,35.73,20.0,84.78,12.55,56.52,36.73,48.3,34.25,53.05,19.05,26.15,34.17,11.98,37.21,11.37,58.0,9.72,70,75,Yes
LBR,Liberia,Sub-Saharan Africa,2023,1,35.1,51.43,29.53,41.13,24.3,75.5,42.58,20.98,13.06,35.17,51.17,37.78,41.27,44.33,27.95,9.72,95.0,85.0,80.0,0.0,15.2,34.03,78.52,24.38,29.31,0.0,0.0,29.3,8.17,14.78,0.0,43.03,27.3,84.78,12.21,56.52,37.78,48.3,34.25,43.66,45.0,25.87,34.17,15.59,39.5,12.68,58.0,9.72,70,75,Yes
LBR,Liberia,Sub-Saharan Africa,2024,1,37.84,55.78,29.86,47.92,25.7,77.7,51.27,20.98,12.45,36.61,51.17,39.48,41.27,63.01,26.78,21.34,97.0,88.0,82.0,0.0,26.09,48.57,79.14,24.38,29.31,0.0,0.0,26.35,11.63,11.83,0.0,44.48,28.75,84.78,12.21,56.52,39.48,48.3,34.25,71.01,55.0,24.79,26.34,16.8,35.79,14.37,58.0,21.34,70,75,Yes
LBY,Libya,Middle East & North Africa,2021,2,58.67,50.57,70.63,69.37,47.81,70.23,35.09,42.19,59.8,66.77,100.0,69.17,74.73,64.22,52.57,28.78,78.0,78.08,78.0,0.0,9.34,18.33,77.61,52.38,53.33,0.0,0.0,72.98,58.88,60.72,46.62,74.71,58.82,100.0,100.0,100.0,69.17,91.0,58.46,100.0,28.44,49.04,7.01,94.01,70.8,7.55,75.88,28.78,60,65,No
LBY,Libya,Middle East & North Africa,2022,2,60.1,51.99,66.73,80.25,46.85,70.23,38.64,42.19,63.59,53.23,100.0,70.4,74.73,95.6,51.37,28.78,78.0,78.08,78.0,0.0,10.33,22.53,83.08,52.38,53.33,0.0,0.0,76.75,62.65,64.53,50.43,61.02,45.44,100.0,100.0,100.0,70.4,91.0,58.46,100.0,91.21,49.18,9.9,82.48,71.86,10.19,76.38,28.78,60,65,No
LBY,Libya,Middle East & North Africa,2023,2,62.73,58.35,67.82,82.12,47.66,82.44,42.35,42.19,64.4,55.15,100.0,71.63,74.73,100.0,52.38,28.78,98.0,98.0,83.59,0.0,15.42,29.53,82.08,52.38,53.33,0.0,0.0,77.6,63.49,65.31,51.2,62.91,47.38,100.0,100.0,100.0,71.63,91.0,58.46,100.0,100.0,49.51,9.9,85.18,73.15,11.39,75.38,28.78,60,65,No
LBY,Libya,Middle East & North Africa,2024,3,66.38,59.55,69.44,82.07,57.2,82.45,45.33,42.19,67.24,56.36,100.0,72.65,74.73,98.82,54.48,68.09,98.0,97.95,83.67,0.0,18.05,32.99,84.95,52.38,53.33,0.0,0.0,80.93,63.94,68.64,55.46,63.5,49.23,100.0,100.0,100.0,72.65,91.0,58.46,100.0,97.65,49.07,8.08,91.41,72.5,19.26,72.25,68.09,45,50,No
LCA,Saint Lucia,Latin America & Caribbean,2021,2,59.76,56.67,57.83,79.48,48.96,83.8,53.72,8.3,30.66,72.5,82.83,66.15,72.29,100.0,58.46,10.96,98.0,95.0,90.0,0.0,35.67,51.95,73.55,12.19,7.33,0.0,0.0,40.06,40.06,21.27,21.27,82.67,62.32,94.44,54.04,100.0,66.15,95.0,49.58,100.0,100.0,63.72,39.16,66.87,72.04,20.1,100.0,10.96,60,65,No
LCA,Saint Lucia,Latin America & Caribbean,2022,2,60.63,60.36,55.64,80.04,50.26,86.8,59.96,8.3,35.01,62.67,82.83,67.8,72.33,100.0,60.09,10.96,100.0,97.0,95.0,0.0,36.03,55.33,88.53,12.19,7.33,0.0,0.0,44.39,44.39,25.64,25.64,72.83,52.51,94.44,54.04,100.0,67.8,95.0,49.65,100.0,100.0,71.47,40.07,59.23,72.95,26.75,100.0,10.96,60,65,No
LCA,Saint Lucia,Latin America & Caribbean,2023,2,60.24,60.64,54.8,80.61,49.15,86.8,60.66,8.3,32.19,63.4,82.83,69.46,72.36,100.0,58.7,10.96,100.0,97.0,95.0,0.0,39.21,55.53,87.25,12.19,7.33,0.0,0.0,41.54,41.54,22.83,22.83,73.53,53.27,94.44,54.04,100.0,69.46,95.0,49.73,100.0,100.0,67.68,40.07,49.89,72.71,33.19,100.0,10.96,60,65,No
LCA,Saint Lucia,Latin America & Caribbean,2024,2,60.83,60.4,55.11,81.14,50.68,86.8,60.05,8.3,32.31,64.06,82.83,71.05,72.36,100.0,56.8,26.18,100.0,97.0,95.0,0.0,36.67,57.16,86.32,12.19,7.33,0.0,0.0,41.66,41.66,22.97,22.97,74.18,53.94,94.44,54.04,100.0,71.05,95.0,49.73,100.0,100.0,68.36,32.29,50.14,67.74,31.63,100.0,26.18,60,65,No
LKA,Sri Lanka,South Asia,2021,2,56.96,54.92,55.43,59.2,58.4,85.9,36.32,30.17,77.39,39.53,43.31,62.03,74.08,41.5,58.34,58.65,99.0,95.0,95.0,0.0,8.92,17.02,83.02,33.33,45.0,0.0,0.0,92.34,77.27,77.51,62.44,47.56,31.5,66.67,29.94,33.33,62.03,92.0,56.15,82.99,0.0,43.49,64.1,37.16,73.4,81.2,48.8,58.65,60,65,No
LKA,Sri Lanka,South Asia,2022,3,60.76,58.26,61.2,67.91,56.31,86.3,44.26,30.17,77.93,53.41,43.31,64.1,74.08,65.54,55.73,58.65,99.0,96.0,95.0,0.0,13.69,31.69,87.4,33.33,45.0,0.0,0.0,92.42,78.27,77.59,63.44,61.45,45.38,66.67,29.94,33.33,64.1,92.0,56.15,70.37,60.71,43.88,56.44,32.93,72.94,80.49,40.37,58.65,45,50,No
LKA,Sri Lanka,South Asia,2023,3,58.58,60.76,52.04,65.81,56.59,86.8,50.03,30.17,84.03,24.42,43.31,66.05,74.58,56.81,56.07,58.65,99.0,96.0,96.0,1.0,20.58,39.96,89.55,33.33,45.0,0.0,0.0,100.0,78.03,94.91,63.2,32.45,16.38,66.67,29.94,33.33,66.05,93.0,56.15,69.35,44.26,43.5,56.44,34.01,71.37,82.63,41.26,58.65,45,50,No
LKA,Sri Lanka,South Asia,2024,3,62.14,62.95,49.75,77.66,61.29,87.85,52.93,33.17,75.05,27.68,43.31,67.45,74.58,90.96,54.86,87.01,99.5,97.0,97.0,3.0,25.03,43.29,90.47,33.33,55.0,0.0,0.0,90.67,72.18,75.85,61.5,35.71,19.64,66.67,29.94,33.33,67.45,93.0,56.15,96.21,85.71,43.49,54.94,37.12,65.2,84.76,32.53,87.01,45,50,No
LSO,Lesotho,Sub-Saharan Africa,2021,2,49.27,60.43,41.8,68.84,33.88,82.78,46.2,44.17,21.44,38.13,89.86,44.2,62.33,100.0,40.08,9.08,98.63,98.0,84.3,0.0,18.0,34.81,85.8,61.33,45.0,0.0,0.0,43.94,18.78,23.05,0.0,49.44,26.82,84.78,84.78,100.0,44.2,86.24,38.42,100.0,100.0,31.77,34.93,22.22,49.96,59.19,39.6,9.08,60,65,No
LSO,Lesotho,Sub-Saharan Africa,2022,2,49.25,61.28,40.72,69.29,34.03,85.06,46.05,44.17,21.66,35.22,89.86,45.55,62.33,100.0,40.27,9.08,98.63,98.0,90.0,0.0,15.93,36.96,85.26,61.33,45.0,0.0,0.0,44.22,19.06,23.34,0.0,46.53,23.9,84.78,84.78,100.0,45.55,86.24,38.42,100.0,100.0,32.8,34.56,21.03,47.44,63.49,38.61,9.08,60,65,No
LSO,Lesotho,Sub-Saharan Africa,2023,2,50.08,62.68,41.35,69.59,34.87,87.28,47.34,44.17,22.3,36.15,89.86,46.45,62.33,100.0,41.32,9.08,98.63,98.0,95.55,0.0,19.0,40.69,82.32,61.33,45.0,0.0,0.0,45.09,19.93,24.2,0.0,47.47,24.84,84.78,84.78,100.0,46.45,86.24,38.42,100.0,100.0,32.74,34.56,25.58,45.7,64.46,41.64,9.08,60,65,No
LSO,Lesotho,Sub-Saharan Africa,2024,2,52.21,70.54,39.68,69.31,38.29,88.09,55.28,65.95,17.49,36.78,89.86,47.86,62.33,97.73,40.22,30.58,98.63,98.2,96.5,3.49,26.99,53.04,85.82,89.9,45.0,50.0,0.0,33.21,24.42,12.32,0.0,48.1,25.47,84.78,84.78,100.0,47.86,86.24,38.42,100.0,95.45,33.9,28.64,26.03,44.33,65.91,33.25,30.58,60,65,No
LTU,Lithuania,Europe & Central Asia,2021,3,81.66,71.88,82.36,91.73,81.86,89.2,65.35,50.3,83.05,85.12,75.48,88.21,86.99,100.0,77.85,97.93,100.0,99.0,99.0,0.0,48.05,58.17,89.83,61.71,64.8,0.0,0.0,100.0,79.95,86.92,65.33,93.04,77.2,63.22,63.22,100.0,88.21,99.0,74.98,100.0,100.0,77.04,84.38,72.88,96.86,73.08,54.38,97.93,45,50,No
LTU,Lithuania,Europe & Central Asia,2022,0,84.87,80.93,85.79,91.45,81.69,97.2,69.59,71.07,83.67,93.06,75.48,88.57,87.09,98.7,77.64,97.93,100.0,99.0,99.0,80.0,53.08,65.77,89.91,80.76,64.8,75.0,0.0,100.0,80.15,89.12,65.42,100.0,86.12,63.22,63.22,100.0,88.57,99.0,75.17,100.0,97.4,77.18,83.47,73.58,96.63,74.06,49.98,97.93,90,85,Yes
LTU,Lithuania,Europe & Central Asia,2023,0,87.07,89.25,86.56,91.12,81.65,99.1,86.74,74.57,84.79,93.86,75.48,88.84,87.09,97.44,77.58,97.93,100.0,99.0,99.0,99.0,86.95,81.6,91.69,80.76,76.47,75.0,0.0,100.0,81.63,90.6,66.91,100.0,87.73,63.22,63.22,100.0,88.84,99.0,75.17,100.0,94.87,77.51,83.47,73.42,97.42,72.99,49.63,97.93,90,85,Yes
LTU,Lithuania,Europe & Central Asia,2024,0,88.09,92.58,86.82,92.0,81.42,99.1,95.07,74.57,84.84,94.47,75.48,88.91,87.09,100.0,78.59,92.73,100.0,99.0,99.0,99.0,100.0,92.83,92.38,80.76,76.47,75.0,0.0,97.48,89.43,82.76,69.7,100.0,88.93,63.22,63.22,100.0,88.91,99.0,75.17,100.0,100.0,77.63,88.39,77.97,95.28,75.32,45.15,92.73,90,85,Yes
LUX,Luxembourg,Europe & Central Asia,2021,0,86.6,78.01,94.32,88.57,86.31,91.23,64.66,78.25,99.27,94.07,84.9,86.22,79.5,100.0,83.53,97.41,99.0,99.2,98.88,20.96,51.81,55.18,87.0,89.33,70.7,82.5,0.0,100.0,100.0,100.0,97.07,100.0,88.15,77.35,77.35,100.0,86.22,99.0,60.0,100.0,100.0,88.96,79.83,70.8,100.0,70.05,95.84,97.41,90,85,Yes
LUX,Luxembourg,Europe & Central Asia,2022,0,88.22,86.02,93.05,87.63,86.36,98.6,77.32,78.25,98.82,91.35,84.9,86.77,79.49,96.63,83.6,97.41,99.03,99.2,99.03,94.0,70.53,72.17,89.27,89.33,70.7,82.5,0.0,100.0,100.0,100.0,95.28,99.15,83.54,77.35,77.35,100.0,86.77,99.0,59.98,100.0,93.26,88.94,83.19,61.3,100.0,77.29,97.76,97.41,90,85,Yes
LUX,Luxembourg,Europe & Central Asia,2023,0,88.22,88.17,93.31,88.12,83.53,98.68,82.63,78.25,98.54,91.06,87.36,87.15,79.49,97.73,80.07,97.41,100.0,99.2,99.0,94.0,82.91,74.94,90.03,89.33,70.7,82.5,0.0,100.0,100.0,100.0,94.15,98.87,83.25,81.03,81.03,100.0,87.15,99.0,59.98,100.0,95.45,88.93,83.19,45.38,99.11,76.83,96.96,97.41,90,85,Yes
LUX,Luxembourg,Europe & Central Asia,2024,0,89.36,91.09,93.22,88.91,84.45,98.88,89.72,78.25,97.37,92.0,87.36,87.23,79.49,100.0,80.89,98.72,100.0,99.2,99.0,96.0,99.53,80.71,88.91,89.33,70.7,82.5,0.0,100.0,100.0,99.08,90.42,99.81,84.19,81.03,81.03,100.0,87.23,99.0,59.98,100.0,100.0,88.82,75.55,46.92,96.2,86.03,97.41,98.72,90,85,Yes
LVA,Latvia,Europe & Central Asia,2021,0,79.69,74.37,70.8,93.2,82.19,92.78,57.32,71.61,64.34,74.92,75.48,91.74,87.85,100.0,78.42,97.28,99.0,99.0,99.0,36.83,36.33,44.98,90.65,66.1,84.8,87.5,0.0,76.06,66.73,61.95,52.62,82.57,67.28,63.22,63.22,100.0,91.74,99.9,75.79,100.0,100.0,75.15,69.8,74.2,91.78,80.19,71.79,97.28,90,85,Yes
LVA,Latvia,Europe & Central Asia,2022,0,82.42,83.17,70.46,93.44,84.26,94.9,68.58,88.9,63.99,74.42,75.48,92.25,88.07,100.0,81.01,97.28,99.0,99.0,99.0,58.0,58.05,56.06,91.64,94.67,94.8,87.5,0.0,76.94,64.86,63.12,51.04,81.91,66.94,63.22,63.22,100.0,92.25,99.9,76.25,100.0,100.0,75.92,81.35,79.93,90.99,83.49,68.07,97.28,90,85,Yes
LVA,Latvia,Europe & Central Asia,2023,0,86.2,91.21,77.05,93.57,83.94,95.9,86.74,90.77,66.39,88.5,75.48,92.65,88.07,100.0,80.6,97.28,99.0,99.0,99.0,68.0,97.64,69.99,92.58,94.67,94.8,100.0,0.0,78.68,67.92,64.86,54.1,95.98,81.02,63.22,63.22,100.0,92.65,99.9,76.25,100.0,100.0,76.02,81.35,78.43,90.66,83.37,67.76,97.28,90,85,Yes
LVA,Latvia,Europe & Central Asia,2024,0,86.56,93.57,80.26,93.61,79.85,97.61,90.94,90.77,73.85,89.07,75.48,92.76,88.07,100.0,79.15,82.63,99.0,98.98,98.98,85.25,100.0,79.64,93.17,94.67,94.8,100.0,0.0,84.71,75.9,70.89,63.9,96.55,81.59,63.22,63.22,100.0,92.76,99.9,76.25,100.0,100.0,76.24,80.92,72.29,88.21,84.28,68.55,82.63,90,85,Yes
MAR,Morocco,Middle East & North Africa,2021,2,59.93,66.57,54.49,61.47,57.85,89.18,54.23,46.05,46.72,52.3,74.39,72.14,65.97,46.31,51.71,82.41,99.75,99.0,99.0,0.0,27.24,47.99,87.47,58.1,56.67,0.0,0.0,53.67,53.67,39.77,39.77,59.83,44.78,66.67,56.5,100.0,72.14,73.8,58.13,80.65,11.97,48.03,49.78,63.22,70.69,14.71,74.05,82.41,60,65,No
MAR,Morocco,Middle East & North Africa,2022,2,62.87,67.43,55.18,73.73,56.96,89.18,56.39,46.05,47.27,53.47,74.39,73.27,66.35,81.58,50.6,82.41,99.75,99.0,99.0,0.0,29.9,52.15,87.11,58.1,56.67,0.0,0.0,54.22,54.22,40.33,40.33,61.0,45.95,66.67,56.5,100.0,73.27,73.8,58.89,82.08,81.08,48.26,47.21,56.46,70.81,17.61,72.48,82.41,60,65,No
MAR,Morocco,Middle East & North Africa,2023,2,62.56,69.93,52.59,73.43,56.74,89.18,62.61,46.05,49.29,44.99,74.39,74.41,68.26,77.61,50.32,82.41,99.8,99.0,99.0,0.0,39.99,60.12,87.72,58.1,56.67,0.0,0.0,56.23,56.23,42.35,42.35,52.51,37.48,66.67,56.5,100.0,74.41,73.8,62.72,70.37,84.85,48.33,47.21,55.75,69.56,17.58,73.51,82.41,60,65,No
MAR,Morocco,Middle East & North Africa,2024,3,66.16,71.78,57.8,75.63,61.05,89.19,67.23,46.05,61.0,46.32,74.39,75.11,68.26,83.52,51.94,97.49,99.85,99.0,99.0,0.0,48.85,64.93,87.91,58.1,56.67,0.0,0.0,74.13,61.04,60.25,48.58,53.83,38.8,66.67,56.5,100.0,75.11,73.8,62.72,67.03,100.0,48.48,56.18,55.15,65.76,25.8,72.82,97.49,45,50,No
MDA,Moldova,Europe & Central Asia,2021,3,72.21,66.39,70.03,83.79,69.78,89.48,53.87,45.26,60.53,75.66,77.78,75.58,80.67,95.12,68.28,75.78,99.99,99.7,99.0,0.0,28.04,43.46,90.12,57.14,55.62,0.0,0.0,72.01,58.65,62.42,49.06,80.85,70.46,66.67,66.67,100.0,75.58,99.0,62.34,92.83,97.4,57.84,74.55,57.48,80.89,83.59,48.7,75.78,45,50,No
MDA,Moldova,Europe & Central Asia,2022,3,71.35,67.94,70.49,80.52,67.21,89.48,57.73,45.26,62.08,75.24,77.78,76.88,81.47,83.22,65.07,75.78,99.99,99.7,99.0,0.0,30.82,51.29,91.07,57.14,55.62,0.0,0.0,73.56,60.19,63.97,50.61,80.43,70.05,66.67,66.67,100.0,76.88,99.0,63.93,71.63,94.81,56.45,73.8,46.27,77.61,83.47,49.3,75.78,45,50,No
MDA,Moldova,Europe & Central Asia,2023,3,72.45,70.93,71.52,80.99,67.07,91.07,63.61,45.26,61.04,78.86,77.78,80.43,81.93,80.62,64.9,75.78,99.99,99.9,99.2,14.34,36.32,63.78,90.73,57.14,55.62,0.0,0.0,72.52,59.15,62.93,49.57,84.05,73.67,66.67,66.67,100.0,80.43,99.0,64.87,75.69,85.54,56.68,73.8,46.63,76.16,83.69,48.85,75.78,45,50,No
MDA,Moldova,Europe & Central Asia,2024,3,73.01,74.27,73.14,80.92,64.64,91.42,71.64,45.26,62.87,81.09,77.78,80.7,67.44,94.62,64.48,65.25,99.99,99.9,99.2,17.78,47.45,74.67,92.8,57.14,55.62,0.0,0.0,74.34,60.98,64.76,51.4,86.28,75.9,66.67,66.67,100.0,80.7,99.0,35.87,89.25,100.0,57.19,72.64,41.43,74.04,87.38,52.1,65.25,45,50,No
MDG,Madagascar,Sub-Saharan Africa,2021,1,33.74,47.9,22.36,43.83,27.61,64.92,33.0,43.68,6.04,32.19,35.35,37.1,50.15,44.23,28.68,23.33,80.0,82.44,59.78,0.35,10.5,18.65,69.83,42.86,74.17,0.0,0.0,20.95,0.0,3.23,0.0,41.78,22.59,40.63,27.93,37.5,37.1,74.69,25.61,28.7,59.76,21.32,31.99,10.18,59.19,28.18,17.1,23.33,70,75,Yes
MDG,Madagascar,Sub-Saharan Africa,2022,1,33.92,53.57,22.62,39.04,28.0,71.7,37.99,48.44,11.62,27.25,35.35,38.54,50.15,28.44,29.17,23.33,88.0,89.23,67.13,3.6,12.89,21.96,79.12,52.38,74.17,0.0,0.0,27.27,9.65,9.55,0.0,36.85,17.65,40.63,27.93,37.5,38.54,74.69,25.61,30.56,26.32,21.26,35.15,9.68,60.92,27.55,17.69,23.33,70,75,Yes
MDG,Madagascar,Sub-Saharan Africa,2023,1,35.08,52.92,26.42,37.84,28.62,73.45,30.88,55.95,12.79,35.59,35.35,40.13,50.15,23.23,29.94,23.33,96.89,86.9,70.64,7.46,14.09,25.78,52.76,61.9,83.33,0.0,0.0,28.39,12.09,10.67,0.0,45.19,26.0,40.63,27.93,37.5,40.13,74.69,25.61,24.24,22.22,21.28,35.15,12.38,61.51,28.09,17.7,23.33,70,75,Yes
MDG,Madagascar,Sub-Saharan Africa,2024,1,37.87,57.45,27.56,42.9,30.29,78.23,37.42,55.95,14.26,36.96,35.35,41.99,50.15,36.57,29.94,31.7,96.89,84.31,82.14,19.62,23.84,38.96,49.46,61.9,83.33,0.0,0.0,29.98,14.09,12.26,0.69,46.56,27.37,40.63,27.93,37.5,41.99,74.69,25.61,31.97,41.18,20.98,40.45,12.41,58.63,28.98,16.94,31.7,70,75,Yes
MDV,Maldives,South Asia,2021,2,59.21,65.76,49.9,81.45,45.97,93.83,50.97,39.21,48.12,26.77,99.75,75.69,72.13,96.53,56.72,2.95,100.0,100.0,100.0,38.32,26.24,39.39,87.28,47.62,51.33,0.0,0.0,55.54,52.09,44.15,40.7,32.94,20.6,100.0,99.24,100.0,75.69,98.21,46.05,93.06,100.0,60.17,46.13,77.55,84.93,37.9,0.0,2.95,60,65,No
MDV,Maldives,South Asia,2022,2,58.97,69.18,45.96,82.44,46.14,94.8,58.55,39.21,50.91,15.5,96.97,78.67,72.13,96.53,56.93,2.95,100.0,100.0,100.0,48.0,38.27,50.42,86.98,47.62,51.33,0.0,0.0,58.34,54.9,46.93,43.49,21.68,9.31,100.0,90.92,100.0,78.67,98.21,46.05,93.06,100.0,60.27,48.73,71.14,84.87,44.02,0.0,2.95,60,65,No
MDV,Maldives,South Asia,2023,2,60.21,73.14,50.53,77.39,45.97,95.0,68.24,39.21,61.31,16.52,96.97,81.6,72.13,78.43,56.72,2.95,100.0,100.0,100.0,50.0,53.98,61.6,89.14,47.62,51.33,0.0,0.0,68.73,65.29,57.34,53.9,22.69,10.35,100.0,90.92,100.0,81.6,98.21,46.05,93.06,63.8,60.05,48.73,69.61,84.45,45.13,0.0,2.95,60,65,No
MDV,Maldives,South Asia,2024,3,64.17,78.4,51.29,83.54,50.46,96.0,80.39,39.21,62.24,17.51,96.97,81.96,72.13,96.53,59.37,14.82,100.0,100.0,100.0,60.0,70.16,81.53,89.47,47.62,51.33,0.0,0.0,69.67,66.23,58.26,54.82,23.68,11.33,100.0,90.92,100.0,81.96,98.21,46.05,93.06,100.0,60.21,62.2,72.35,80.66,52.56,0.0,14.82,45,50,No
MEX,Mexico,Latin America & Caribbean,2021,3,72.56,62.26,69.85,80.69,79.0,84.4,43.53,55.42,50.4,80.53,87.36,68.28,79.65,94.15,78.33,81.68,96.02,95.2,91.8,0.0,18.45,36.41,75.72,64.62,64.55,25.0,0.0,66.25,52.92,47.89,34.56,90.48,70.59,81.03,81.03,100.0,68.28,95.0,64.3,93.89,94.42,57.63,82.4,79.76,74.95,92.87,90.5,81.68,45,50,No
MEX,Mexico,Latin America & Caribbean,2022,3,73.83,65.2,72.73,80.44,77.92,89.78,46.16,54.1,49.4,88.73,87.36,70.27,78.55,92.5,76.98,81.68,96.02,95.8,93.4,45.0,22.59,40.37,75.51,64.62,60.13,25.0,0.0,62.48,54.68,44.12,36.33,98.68,78.79,81.03,81.03,100.0,70.27,95.0,62.11,92.77,92.23,57.69,82.45,73.45,73.74,93.28,91.0,81.68,45,50,No
MEX,Mexico,Latin America & Caribbean,2023,3,75.16,68.3,73.84,81.46,77.69,90.92,53.42,52.8,55.58,85.34,87.36,72.22,78.55,93.6,76.69,81.68,96.05,96.48,94.44,49.46,36.01,51.45,72.81,63.67,57.38,25.0,0.0,64.76,64.76,46.4,46.4,95.28,75.39,81.03,81.03,100.0,72.22,95.0,62.11,91.32,95.88,57.7,82.45,69.33,72.4,97.81,90.0,81.68,45,50,No
MEX,Mexico,Latin America & Caribbean,2024,3,75.66,71.81,70.66,83.2,77.6,91.78,61.36,52.8,51.39,85.83,78.87,73.34,78.55,97.71,75.56,85.76,98.05,97.0,94.44,54.0,49.08,59.52,75.47,63.67,57.38,25.0,0.0,65.69,52.1,47.33,40.46,95.77,75.89,73.37,81.03,82.22,73.34,95.0,62.11,100.0,95.42,57.74,76.37,71.2,67.28,97.19,92.38,85.76,45,50,No
MKD,North Macedonia,Europe & Central Asia,2021,3,68.01,67.34,60.35,76.01,69.28,90.0,59.5,37.69,47.7,61.92,82.49,81.62,74.11,72.3,64.12,89.92,100.0,100.0,100.0,0.0,32.79,59.17,86.53,52.38,38.33,0.0,0.0,55.33,55.33,40.08,40.08,70.18,53.66,73.73,73.73,100.0,81.62,97.8,50.43,89.35,55.25,63.69,72.16,62.79,82.38,62.44,26.5,89.92,45,50,No
MKD,North Macedonia,Europe & Central Asia,2022,3,76.0,79.78,73.3,84.03,67.88,96.0,84.6,37.69,47.69,94.32,82.49,82.08,74.78,95.24,62.37,89.92,100.0,100.0,100.0,60.0,62.57,99.76,91.47,52.38,38.33,0.0,0.0,55.31,55.31,40.06,40.06,100.0,88.63,73.73,73.73,100.0,82.08,97.8,51.76,92.98,97.5,63.79,70.2,57.43,81.54,65.02,18.0,89.92,45,50,No
MKD,North Macedonia,Europe & Central Asia,2023,3,77.15,84.23,75.03,85.12,65.87,98.0,93.73,37.69,50.72,95.61,82.49,82.37,74.78,98.21,59.86,89.92,100.0,100.0,100.0,80.0,88.24,100.0,92.94,52.38,38.33,0.0,0.0,58.34,58.34,43.09,43.09,100.0,91.23,73.73,73.73,100.0,82.37,97.8,51.76,96.42,100.0,64.6,70.2,45.32,80.7,64.34,18.5,89.92,45,50,No
MKD,North Macedonia,Europe & Central Asia,2024,3,75.97,86.2,75.82,84.77,60.13,99.0,97.65,37.69,52.07,96.25,82.49,83.01,74.78,96.53,58.69,65.89,100.0,100.0,100.0,90.0,100.0,100.0,92.96,52.38,38.33,0.0,0.0,59.69,59.69,44.44,44.44,100.0,92.49,73.73,73.73,100.0,83.01,97.8,51.76,93.06,100.0,64.59,66.42,48.16,77.47,64.76,10.5,65.89,45,50,No
MLI,Mali,Sub-Saharan Africa,2021,1,39.3,55.33,32.73,44.74,29.44,85.44,40.19,25.4,18.06,29.79,67.96,40.74,22.8,70.67,34.27,10.14,100.0,97.9,90.7,0.0,14.2,24.63,81.76,23.81,45.0,0.0,0.0,32.97,17.37,18.75,3.16,37.49,22.09,73.73,30.14,100.0,40.74,35.0,10.6,62.03,79.31,53.77,35.62,9.58,63.49,19.69,14.03,10.14,70,75,Yes
MLI,Mali,Sub-Saharan Africa,2022,1,37.39,54.42,32.22,37.64,29.61,85.44,37.9,25.4,18.68,27.75,68.23,41.75,22.8,48.38,34.48,10.14,100.0,97.9,90.7,0.0,15.22,31.62,66.85,23.81,45.0,0.0,0.0,34.59,16.97,20.38,2.76,35.45,20.05,73.73,30.97,100.0,41.75,35.0,10.6,54.55,42.22,53.46,36.52,7.41,63.5,23.11,13.35,10.14,70,75,Yes
MLI,Mali,Sub-Saharan Africa,2023,1,35.97,60.51,30.66,35.94,25.12,85.96,41.85,46.95,20.53,21.81,68.62,42.88,22.8,42.13,28.86,10.14,100.0,97.9,92.0,0.0,20.48,35.34,69.73,61.9,53.33,0.0,0.0,35.43,19.84,21.22,5.62,29.52,14.11,73.73,32.13,100.0,42.88,35.0,10.6,40.07,44.19,24.54,36.52,9.09,60.94,24.97,13.01,10.14,70,75,Yes
MLI,Mali,Sub-Saharan Africa,2024,1,35.59,63.34,27.36,33.77,27.42,86.12,48.76,46.95,11.46,22.63,68.62,44.13,22.8,34.39,26.91,29.47,100.0,98.3,92.0,0.0,26.47,38.43,81.37,61.9,53.33,0.0,0.0,22.78,14.48,8.56,0.0,30.33,14.93,73.73,32.13,100.0,44.13,35.0,10.6,17.56,51.22,24.3,33.34,9.02,53.28,24.54,13.43,29.47,70,75,Yes
MLT,Malta,Europe & Central Asia,2021,3,78.4,69.19,75.24,84.34,86.06,99.25,49.15,49.14,76.16,78.49,66.93,85.84,81.91,85.27,86.66,83.65,100.0,99.3,99.0,99.3,25.9,31.99,89.57,61.9,60.63,0.0,0.0,82.26,82.26,70.06,70.06,85.1,71.88,59.84,73.73,67.21,85.84,94.5,69.31,89.9,80.65,83.29,84.84,82.48,98.11,79.5,94.96,83.65,45,50,No
MLT,Malta,Europe & Central Asia,2022,3,80.32,72.99,74.69,89.5,85.31,99.33,58.57,49.14,74.78,78.49,66.93,86.63,82.98,98.88,85.73,83.65,100.0,99.46,99.0,99.46,39.39,46.26,90.05,61.9,60.63,0.0,0.0,81.64,81.64,67.92,67.92,85.92,71.07,59.84,73.73,67.21,86.63,94.5,71.46,100.0,97.75,83.12,88.49,77.68,96.18,79.36,96.13,83.65,45,50,No
MLT,Malta,Europe & Central Asia,2023,0,82.66,82.51,76.15,89.02,83.45,99.33,82.39,49.14,76.31,80.61,66.93,86.89,82.98,97.19,83.41,83.65,100.0,99.46,99.0,99.46,76.6,79.03,91.53,61.9,60.63,0.0,0.0,83.17,83.17,69.45,69.45,88.04,73.18,59.84,73.73,67.21,86.89,94.5,71.46,96.56,97.83,83.33,88.49,66.49,95.24,80.2,95.05,83.65,90,85,Yes
MLT,Malta,Europe & Central Asia,2024,0,85.75,88.57,81.31,88.16,85.17,99.33,97.52,49.14,87.72,82.08,66.93,87.11,82.98,94.4,83.11,93.42,100.0,99.46,99.0,99.46,100.0,99.27,93.29,61.9,60.63,0.0,0.0,94.58,94.58,80.86,80.86,89.52,74.65,59.84,73.73,67.21,87.11,94.5,71.46,93.2,95.6,83.32,87.49,68.77,92.51,79.54,95.29,93.42,90,85,Yes
MMR,Myanmar,East Asia & Pacific,2021,2,52.4,56.68,55.97,63.58,37.38,81.67,43.95,32.17,48.42,41.49,100.0,73.72,67.12,49.9,37.62,36.41,96.7,90.0,90.0,0.0,16.9,48.84,66.12,33.33,51.67,0.0,0.0,70.41,38.01,58.83,26.43,47.77,35.22,100.0,100.0,100.0,73.72,89.0,45.25,53.73,46.07,15.83,28.31,38.36,51.14,58.13,21.0,36.41,60,65,No
MMR,Myanmar,East Asia & Pacific,2022,2,50.26,61.48,43.97,64.77,36.44,81.67,55.95,32.17,39.06,20.86,100.0,76.4,67.12,50.78,36.44,36.41,96.7,90.0,90.0,0.0,23.83,59.64,84.39,33.33,51.67,0.0,0.0,59.89,29.82,48.3,18.24,27.14,14.59,100.0,100.0,100.0,76.4,89.0,45.25,53.73,47.82,15.52,30.73,27.58,51.65,61.34,21.5,36.41,60,65,No
MMR,Myanmar,East Asia & Pacific,2023,2,52.02,61.95,45.41,69.3,37.55,81.92,56.87,32.17,41.02,22.5,100.0,79.34,67.12,61.43,37.83,36.41,98.43,90.1,90.1,0.0,25.79,63.4,81.41,33.33,51.67,0.0,0.0,62.29,31.34,50.71,19.75,28.78,16.23,100.0,100.0,100.0,79.34,89.0,45.25,53.73,69.13,16.28,30.73,33.43,51.73,61.62,21.5,36.41,60,65,No
MMR,Myanmar,East Asia & Pacific,2024,2,54.48,63.61,42.57,72.96,44.6,82.44,60.51,32.17,34.11,22.3,100.0,79.81,67.12,71.93,37.35,73.58,96.38,91.0,91.0,0.0,31.05,67.76,82.71,33.33,51.67,0.0,0.0,46.53,34.51,34.95,20.45,28.58,16.03,100.0,100.0,100.0,79.81,89.0,45.25,53.73,90.14,16.33,32.59,35.37,48.79,61.2,17.5,73.58,60,65,No
MNE,Montenegro,Europe & Central Asia,2021,3,69.83,65.53,63.63,82.81,68.87,88.36,51.2,48.51,60.04,61.29,75.48,85.62,82.73,80.09,72.78,53.23,99.58,98.0,98.0,0.0,21.81,41.57,90.24,61.52,59.17,0.0,0.0,72.58,61.45,58.75,47.38,69.53,53.06,63.22,63.22,100.0,85.62,98.53,66.92,96.63,63.56,100.0,54.7,80.48,78.56,54.4,46.18,53.23,45,50,No
MNE,Montenegro,Europe & Central Asia,2022,3,71.39,72.24,61.52,84.92,68.83,95.96,60.39,48.51,54.61,61.44,75.48,86.14,82.89,85.72,72.73,53.23,99.58,98.0,98.0,76.0,32.07,58.42,90.67,61.52,59.17,0.0,0.0,69.39,56.39,52.07,40.58,65.87,57.02,63.22,63.22,100.0,86.14,98.53,67.25,93.13,78.31,100.0,55.28,74.59,78.99,56.03,52.81,53.23,45,50,No
MNE,Montenegro,Europe & Central Asia,2023,3,72.8,78.41,60.29,88.3,67.31,96.66,75.11,48.51,39.44,73.53,75.48,86.58,82.32,95.99,70.83,53.23,99.58,98.0,98.0,83.0,53.71,78.93,92.68,61.52,59.17,0.0,0.0,51.17,42.74,36.14,27.71,81.68,65.39,63.22,63.22,100.0,86.58,98.53,66.1,96.63,95.35,100.0,55.28,64.11,78.04,58.55,51.64,53.23,45,50,No
MNE,Montenegro,Europe & Central Asia,2024,3,75.57,86.14,58.62,89.71,71.99,96.65,94.45,48.51,33.98,74.83,75.48,86.82,82.32,100.0,71.28,74.83,98.46,98.0,98.0,84.0,89.78,100.0,93.58,61.52,59.17,0.0,0.0,45.72,37.29,30.67,22.24,82.98,66.67,63.22,63.22,100.0,86.82,98.53,66.1,100.0,100.0,100.0,52.14,64.9,75.96,62.86,53.2,74.83,45,50,No
MNG,Mongolia,East Asia & Pacific,2021,3,63.09,63.58,52.94,84.6,55.64,82.0,34.72,84.44,57.27,27.92,94.3,73.26,80.53,100.0,63.0,26.2,100.0,95.0,85.0,0.0,10.57,26.66,66.95,96.38,83.33,75.0,0.0,70.82,56.3,58.25,43.72,34.74,21.11,100.0,82.9,100.0,73.26,98.86,62.19,100.0,100.0,47.85,57.79,83.82,83.84,70.58,0.0,26.2,45,50,No
MNG,Mongolia,East Asia & Pacific,2022,3,67.24,65.75,65.55,85.53,55.45,82.0,40.15,84.44,65.77,50.96,94.3,76.13,80.46,100.0,62.76,26.2,100.0,95.0,85.0,0.0,12.05,29.43,78.96,96.38,83.33,75.0,0.0,75.39,68.72,62.81,56.14,57.77,44.15,100.0,82.9,100.0,76.13,98.73,62.19,100.0,100.0,50.16,62.63,73.04,84.59,74.68,0.0,26.2,45,50,No
MNG,Mongolia,East Asia & Pacific,2023,3,67.04,67.01,63.15,86.43,55.23,82.0,43.31,84.44,74.14,36.58,94.3,78.82,80.46,100.0,62.49,26.2,100.0,95.0,85.0,0.0,14.63,35.03,80.26,96.38,83.33,75.0,0.0,87.0,73.86,74.42,61.28,43.39,29.76,100.0,82.9,100.0,78.82,98.73,62.19,100.0,100.0,50.05,62.63,70.75,84.95,75.37,0.0,26.2,45,50,No
MNG,Mongolia,East Asia & Pacific,2024,3,67.46,67.81,56.09,86.65,62.84,82.42,44.89,84.44,53.62,39.45,94.3,79.5,80.46,100.0,64.45,56.37,100.0,95.0,86.04,0.0,15.8,35.04,83.84,96.38,83.33,75.0,0.0,64.87,55.63,52.29,41.69,46.26,32.64,100.0,82.9,100.0,79.5,98.73,62.19,100.0,100.0,50.12,82.22,73.95,82.4,74.68,0.0,56.37,45,50,No
MOZ,Mozambique,Sub-Saharan Africa,2021,1,33.93,42.13,31.47,35.36,28.27,55.3,32.9,34.24,15.2,25.99,74.96,27.52,48.02,30.55,29.3,24.18,85.0,69.0,48.0,0.0,6.83,15.68,76.2,50.86,29.37,0.0,0.0,35.24,12.09,13.48,0.0,37.78,14.2,77.35,47.53,100.0,27.52,60.0,36.04,34.43,26.67,22.86,43.7,9.08,42.28,33.21,34.4,24.18,70,75,Yes
MOZ,Mozambique,Sub-Saharan Africa,2022,1,35.56,48.64,32.55,36.54,27.66,69.1,35.38,34.24,15.79,28.1,74.96,28.42,48.02,33.18,28.52,24.18,87.0,77.0,74.0,0.0,8.43,20.74,76.98,50.86,29.37,0.0,0.0,37.19,10.53,15.43,0.0,39.89,16.31,77.35,47.53,100.0,28.42,60.0,36.04,49.69,16.67,23.3,35.63,7.48,42.11,35.04,33.76,24.18,70,75,Yes
MOZ,Mozambique,Sub-Saharan Africa,2023,1,39.01,53.57,36.88,41.36,28.35,77.2,39.59,34.24,25.02,29.7,74.96,29.07,48.02,46.99,29.4,24.18,87.0,85.0,85.0,5.0,13.03,27.65,78.1,50.86,29.37,0.0,0.0,38.67,33.14,16.91,11.37,41.49,17.91,77.35,47.53,100.0,29.07,60.0,36.04,49.15,44.83,23.59,35.63,9.17,40.61,39.04,33.54,24.18,70,75,Yes
MOZ,Mozambique,Sub-Saharan Africa,2024,1,38.7,56.17,31.39,34.84,36.52,80.69,42.61,34.24,16.8,30.08,63.17,30.52,48.02,25.97,29.13,66.07,88.5,88.5,88.5,10.36,15.83,31.51,80.48,50.86,29.37,0.0,0.0,34.72,18.67,12.96,0.84,41.87,18.29,77.35,12.16,100.0,30.52,60.0,36.04,42.86,9.09,22.7,39.59,10.47,33.28,40.58,37.63,66.07,70,75,Yes
MRT,Mauritania,Middle East & North Africa,2021,1,34.36,42.2,30.18,42.05,26.03,64.45,28.43,25.24,22.62,25.61,54.45,57.06,38.56,30.54,27.81,18.94,96.5,74.0,63.0,0.0,5.66,8.91,70.72,32.89,29.31,0.0,0.0,34.05,24.23,21.01,11.19,32.67,18.54,73.73,6.57,83.05,57.06,59.53,17.6,58.89,2.19,36.55,9.76,21.38,48.97,5.46,43.59,18.94,70,75,Yes
MRT,Mauritania,Middle East & North Africa,2022,1,35.63,41.62,32.14,45.97,26.22,66.86,24.58,25.24,26.99,26.12,54.45,58.0,38.56,41.36,28.04,18.94,96.6,74.0,69.0,0.0,5.67,10.4,57.66,32.89,29.31,0.0,0.0,42.33,24.7,29.28,11.66,33.19,19.05,73.73,6.57,83.05,58.0,59.53,17.6,43.09,39.62,36.32,9.52,16.98,51.77,8.61,43.55,18.94,70,75,Yes
MRT,Mauritania,Middle East & North Africa,2023,1,40.17,41.98,44.56,53.97,25.79,66.87,25.46,25.24,44.11,40.43,53.73,58.98,38.56,64.38,27.5,18.94,96.7,74.0,69.0,0.0,8.23,13.39,54.77,32.89,29.31,0.0,0.0,57.3,43.97,44.26,30.93,47.5,33.37,73.73,4.42,83.05,58.98,59.53,17.6,63.37,65.38,23.17,9.52,25.13,52.12,11.47,41.7,18.94,70,75,Yes
MRT,Mauritania,Middle East & North Africa,2024,1,42.17,46.68,39.96,53.99,31.4,70.87,33.2,25.24,32.96,40.07,53.73,60.14,38.56,63.27,29.42,39.33,96.7,79.0,74.0,0.0,10.57,18.18,70.85,32.89,29.31,0.0,0.0,45.37,31.63,32.32,22.54,47.13,33.0,73.73,4.42,83.05,60.14,59.53,17.6,58.8,67.74,25.73,16.88,30.94,49.68,11.58,41.46,39.33,70,75,Yes
MUS,Mauritius,Sub-Saharan Africa,2021,3,69.41,65.5,61.82,77.1,74.36,90.6,43.67,58.95,58.62,51.01,89.86,72.79,77.06,81.43,68.73,96.89,99.0,99.0,99.0,15.0,14.85,27.62,88.54,61.9,68.33,50.0,0.0,65.89,65.89,51.36,51.36,58.87,43.14,84.78,84.78,100.0,72.79,91.3,62.83,74.91,87.95,66.14,66.41,76.16,84.36,49.01,69.56,96.89,45,50,No
MUS,Mauritius,Sub-Saharan Africa,2022,3,70.17,66.06,63.16,79.9,72.74,91.81,43.86,58.95,60.92,52.05,89.86,75.06,77.06,87.56,66.7,96.89,99.0,99.0,99.0,27.12,14.46,29.83,87.27,61.9,68.33,50.0,0.0,68.17,68.17,53.66,53.66,59.91,44.19,84.78,84.78,100.0,75.06,91.3,62.83,82.27,92.86,66.01,62.82,66.97,83.32,49.21,73.21,96.89,45,50,No
MUS,Mauritius,Sub-Saharan Africa,2023,3,71.66,70.42,64.9,80.22,71.95,96.3,50.28,58.95,63.41,53.91,89.86,76.54,77.06,87.04,65.71,96.89,99.0,99.0,99.0,72.0,22.06,41.23,87.55,61.9,68.33,50.0,0.0,70.67,70.67,56.16,56.16,61.77,46.04,84.78,84.78,100.0,76.54,91.3,62.83,89.47,84.62,66.21,62.82,63.01,82.22,50.01,71.39,96.89,45,50,No
MUS,Mauritius,Sub-Saharan Africa,2024,3,72.96,73.31,66.05,81.13,72.15,97.22,56.57,58.95,65.02,55.16,89.86,77.14,77.06,89.17,65.19,100.0,99.0,99.3,99.0,80.0,32.71,48.89,88.12,61.9,68.33,50.0,0.0,72.28,72.28,57.77,57.77,63.02,47.3,84.78,84.78,100.0,77.14,91.3,62.83,89.58,88.76,66.21,59.03,65.66,78.95,51.41,68.34,100.0,45,50,No
MWI,Malawi,Sub-Saharan Africa,2021,1,35.22,51.19,27.99,39.98,26.85,67.8,38.78,42.77,6.78,38.97,48.46,33.62,55.78,30.54,24.35,36.83,86.0,84.0,64.0,0.0,12.12,23.15,81.08,46.29,59.17,12.5,0.0,21.2,0.08,5.85,0.0,47.28,30.65,45.26,79.18,20.95,33.62,70.15,41.41,36.07,25.0,21.19,39.21,3.97,39.4,35.59,4.0,36.83,70,75,Yes
MWI,Malawi,Sub-Saharan Africa,2022,1,35.19,51.11,23.39,47.57,26.97,69.83,36.05,43.77,12.96,21.3,48.46,34.89,55.78,52.05,24.5,36.83,86.3,84.4,68.6,0.0,8.85,20.46,78.85,46.29,62.5,12.5,0.0,30.87,5.45,15.51,0.0,29.61,12.98,45.26,79.18,20.95,34.89,70.15,41.41,50.25,53.85,20.8,36.07,3.79,39.16,38.7,4.0,36.83,70,75,Yes
MWI,Malawi,Sub-Saharan Africa,2023,1,36.9,55.3,27.88,44.65,26.93,74.35,41.07,45.64,18.33,27.13,48.46,35.86,55.78,42.31,24.46,36.83,89.13,88.69,74.91,0.0,13.99,29.0,80.22,46.29,62.5,25.0,0.0,31.76,20.26,16.4,4.9,35.45,18.82,45.26,79.18,20.95,35.86,70.15,41.41,69.23,15.38,20.75,36.07,5.9,38.29,37.3,4.0,36.83,70,75,Yes
MWI,Malawi,Sub-Saharan Africa,2024,1,39.56,58.33,23.86,48.73,36.1,78.55,42.07,50.4,11.58,23.83,48.46,37.42,58.46,50.32,25.02,80.42,90.0,89.0,84.67,0.8,15.35,30.97,79.87,55.81,62.5,25.0,0.0,24.53,12.63,9.17,0.0,32.14,15.51,45.26,79.18,20.95,37.42,75.5,41.41,64.65,36.0,20.06,46.25,8.27,30.93,40.74,4.0,80.42,70,75,Yes
MYS,Malaysia,East Asia & Pacific,2021,3,71.31,65.93,61.08,82.48,77.84,85.55,55.07,48.43,65.7,49.33,75.36,75.56,73.55,98.32,72.79,98.06,96.7,95.0,94.46,1.0,25.22,52.49,87.49,42.86,90.0,0.0,0.0,81.11,67.78,63.61,50.28,58.81,39.85,77.35,100.0,48.72,75.56,95.67,51.44,96.63,100.0,61.35,80.8,89.08,84.05,53.03,72.06,98.06,45,50,No
MYS,Malaysia,East Asia & Pacific,2022,3,75.62,74.98,71.36,81.48,74.99,89.0,63.9,69.13,61.78,78.94,75.36,78.3,73.63,92.52,69.22,98.06,98.5,96.35,96.35,20.67,42.98,60.64,88.06,71.43,90.0,25.0,53.33,70.53,70.53,53.03,53.03,88.42,69.46,77.35,100.0,48.72,78.3,96.0,51.26,89.58,95.45,61.43,76.3,77.2,82.54,52.92,67.68,98.06,45,50,No
MYS,Malaysia,East Asia & Pacific,2023,0,78.39,90.6,68.9,79.84,75.78,95.24,96.68,69.13,61.15,73.43,75.36,81.32,73.63,84.58,70.21,98.06,98.6,96.7,96.7,80.21,100.0,100.0,90.05,71.43,90.0,25.0,53.33,69.9,69.9,52.4,52.4,82.91,63.95,77.35,100.0,48.72,81.32,96.0,51.26,82.64,86.52,61.42,76.3,82.18,81.46,53.67,68.35,98.06,90,85,Yes
MYS,Malaysia,East Asia & Pacific,2024,0,81.49,93.19,75.29,83.79,75.02,96.02,96.93,80.02,76.34,74.19,75.36,81.76,73.63,95.97,69.07,98.82,98.6,97.4,97.4,82.4,100.0,100.0,90.79,85.71,90.0,50.0,53.33,94.33,71.46,76.83,62.75,83.67,64.71,77.35,100.0,48.72,81.76,96.0,51.26,96.49,95.45,61.43,72.8,71.44,77.21,65.94,65.86,98.82,90,85,Yes
NAM,Namibia,Sub-Saharan Africa,2021,2,47.38,53.47,44.81,67.23,31.3,70.4,46.13,34.27,26.21,40.88,89.86,52.57,67.34,81.77,36.25,11.47,100.0,87.0,64.0,0.0,13.68,40.98,83.73,33.33,58.67,0.0,0.0,45.91,36.08,16.34,6.52,56.9,24.87,84.78,84.78,100.0,52.57,91.5,43.17,83.54,80.0,58.81,47.76,32.83,12.1,21.47,64.34,11.47,60,65,No
NAM,Namibia,Sub-Saharan Africa,2022,2,48.81,55.65,48.34,69.19,30.49,74.4,47.58,34.27,33.31,42.61,89.86,53.4,67.34,86.83,35.25,11.47,100.0,90.0,71.0,0.0,15.54,44.68,82.54,33.33,58.67,0.0,0.0,48.95,47.22,19.39,17.67,58.62,26.6,84.78,84.78,100.0,53.4,91.5,43.17,95.88,77.78,58.91,43.16,27.92,15.21,25.28,54.69,11.47,60,65,No
NAM,Namibia,Sub-Saharan Africa,2023,2,52.89,66.05,53.67,71.8,30.74,80.0,48.47,73.29,45.71,43.55,89.86,54.24,67.34,93.83,35.56,11.47,100.0,93.0,82.0,0.0,18.18,45.0,82.23,90.48,83.0,21.0,0.0,64.39,56.59,34.83,27.03,59.56,27.54,84.78,84.78,100.0,54.24,91.5,43.17,87.65,100.0,58.82,43.16,26.46,15.82,26.14,57.95,11.47,60,65,No
NAM,Namibia,Sub-Saharan Africa,2024,2,55.88,67.99,52.89,72.27,37.51,82.6,50.74,73.29,42.61,44.68,89.86,55.57,67.34,93.9,37.65,36.92,100.0,95.0,86.5,0.0,21.28,49.8,81.13,90.48,83.0,21.0,0.0,63.59,50.03,34.03,22.79,60.69,28.67,84.78,84.78,100.0,55.57,91.5,43.17,87.8,100.0,58.27,49.96,28.18,13.74,27.6,70.97,36.92,60,65,No
NER,Niger,Sub-Saharan Africa,2021,1,22.57,32.88,18.04,17.62,24.83,48.31,19.41,28.95,11.54,8.14,50.86,29.33,23.3,0.23,28.19,11.38,92.0,66.68,31.1,0.0,5.13,8.02,45.07,38.1,33.0,0.0,0.0,25.36,7.74,13.06,0.0,14.8,1.48,59.84,17.34,75.41,29.33,34.97,11.63,0.46,0.0,32.67,34.23,2.46,37.78,45.81,10.21,11.38,70,75,Yes
NER,Niger,Sub-Saharan Africa,2022,1,24.08,35.34,21.15,18.91,23.77,52.07,21.8,28.95,13.18,14.31,50.78,30.0,23.62,3.13,26.87,11.38,92.0,72.18,35.0,0.0,5.28,9.98,50.15,38.1,33.0,0.0,0.0,27.54,9.92,15.24,0.0,20.97,7.65,59.84,17.1,75.41,30.0,35.61,11.63,6.25,0.0,32.16,39.04,1.73,33.66,42.39,9.75,11.38,70,75,Yes
NER,Niger,Sub-Saharan Africa,2023,1,29.44,35.73,22.23,39.85,23.73,56.4,17.95,29.95,15.28,14.91,50.78,30.76,23.62,65.17,26.82,11.38,92.0,78.0,40.0,0.0,6.15,13.48,34.21,38.1,36.33,0.0,0.0,28.1,14.77,15.8,2.47,21.57,8.24,59.84,17.09,75.41,30.76,35.61,11.63,30.35,100.0,31.74,39.04,2.2,32.23,43.67,9.49,11.38,70,75,Yes
NER,Niger,Sub-Saharan Africa,2024,1,27.19,42.6,22.78,19.38,29.07,60.32,31.2,29.95,13.95,17.62,50.78,32.13,23.62,2.38,25.87,41.86,92.0,84.85,42.96,0.0,9.62,17.62,66.35,38.1,36.33,0.0,0.0,26.27,13.37,13.97,2.19,24.28,10.96,59.84,17.09,75.41,32.13,35.61,11.63,0.0,4.76,30.58,30.84,2.32,27.15,48.8,10.21,41.86,70,75,Yes
NGA,Nigeria,Sub-Saharan Africa,2021,2,53.39,54.88,58.63,51.28,49.25,70.16,33.55,66.98,44.74,56.57,90.54,49.13,48.21,56.49,40.38,84.76,90.8,82.4,70.3,0.0,10.16,18.15,72.33,80.95,63.33,50.0,0.0,60.86,43.24,46.24,28.62,64.49,48.65,100.0,71.63,100.0,49.13,63.16,33.26,84.86,28.13,34.75,52.13,15.07,57.91,41.59,53.0,84.76,60,65,No
NGA,Nigeria,Sub-Saharan Africa,2022,2,54.73,59.42,60.36,50.54,49.49,74.32,35.88,76.73,46.82,58.82,90.54,50.31,48.87,52.45,40.67,84.76,92.0,83.0,79.0,3.2,10.99,21.45,75.2,80.95,83.33,75.0,0.0,62.94,45.32,48.32,30.69,66.74,50.9,100.0,71.63,100.0,50.31,63.16,34.58,81.71,23.18,34.74,52.5,14.26,59.17,42.42,53.0,84.76,60,65,No
NGA,Nigeria,Sub-Saharan Africa,2023,2,52.84,62.32,48.24,52.02,49.83,77.63,39.81,76.73,42.7,32.49,90.84,51.65,48.87,55.54,41.1,84.76,93.0,86.0,82.0,11.3,17.6,27.87,73.97,80.95,83.33,75.0,0.0,58.82,41.2,44.2,26.57,40.41,24.57,100.0,72.51,100.0,51.65,63.16,34.58,84.31,26.76,35.38,52.5,16.12,58.11,43.13,53.0,84.76,60,65,No
NGA,Nigeria,Sub-Saharan Africa,2024,2,51.62,65.66,40.17,55.05,48.92,80.03,45.74,76.73,36.79,18.18,90.9,52.66,48.87,63.62,40.54,82.4,94.14,89.0,84.0,14.2,24.02,36.36,76.85,80.95,83.33,75.0,0.0,55.03,37.36,40.41,14.34,26.1,10.26,100.0,72.7,100.0,52.66,63.16,34.58,92.51,34.73,35.7,53.72,16.55,52.13,44.99,53.0,82.4,60,65,No
NIC,Nicaragua,Latin America & Caribbean,2021,2,51.96,52.62,34.51,73.85,54.34,71.3,39.27,41.95,21.45,32.29,65.07,58.36,65.73,97.47,65.68,9.0,92.0,92.0,63.25,0.0,10.64,24.49,82.67,61.9,36.67,0.0,0.0,34.77,27.91,14.99,8.13,43.0,21.57,84.78,10.42,100.0,58.36,82.6,48.85,94.95,100.0,47.9,51.4,54.42,60.74,95.62,88.0,9.0,60,65,No
NIC,Nicaragua,Latin America & Caribbean,2022,2,53.56,55.96,36.41,75.3,53.66,78.66,40.26,41.95,26.74,31.56,65.43,60.17,65.73,100.0,64.83,9.0,94.91,94.91,78.0,0.0,11.57,25.48,83.73,61.9,36.67,0.0,0.0,36.63,36.63,16.85,16.85,42.28,20.85,84.78,11.51,100.0,60.17,82.6,48.85,100.0,100.0,47.67,48.09,49.3,61.52,96.1,91.0,9.0,60,65,No
NIC,Nicaragua,Latin America & Caribbean,2023,2,54.69,56.19,39.68,73.91,54.29,78.66,40.84,41.95,29.35,37.38,64.93,61.86,65.73,94.14,65.61,9.0,94.91,94.91,78.0,0.0,12.71,27.98,81.83,61.9,36.67,0.0,0.0,39.24,39.24,19.46,19.46,48.09,26.66,84.78,10.02,100.0,61.86,82.6,48.85,91.23,97.06,47.48,48.09,52.15,59.87,100.0,89.0,9.0,60,65,No
NIC,Nicaragua,Latin America & Caribbean,2024,2,54.46,55.84,36.96,76.37,55.82,77.22,41.41,41.95,20.69,39.24,64.93,63.39,65.73,100.0,64.63,20.55,79.37,94.76,78.45,0.0,14.51,28.13,81.58,61.9,36.67,0.0,0.0,34.19,28.69,14.41,5.48,49.95,28.52,84.78,10.02,100.0,63.39,82.6,48.85,100.0,100.0,46.81,44.93,54.24,55.37,100.0,88.57,20.55,60,65,No
NLD,Netherlands,Europe & Central Asia,2021,0,88.1,88.27,83.89,88.84,91.56,98.23,86.83,71.22,84.16,87.83,75.48,89.64,93.53,83.34,90.19,97.05,100.0,100.0,100.0,82.3,85.25,84.72,90.52,90.48,86.62,0.0,0.0,92.85,85.29,83.03,75.46,93.15,82.51,63.22,63.22,100.0,89.64,98.0,89.05,79.59,87.1,92.54,90.43,86.13,100.0,78.09,97.92,97.05,90,85,Yes
NLD,Netherlands,Europe & Central Asia,2022,0,88.65,92.0,82.44,88.72,91.78,99.52,94.87,71.22,83.63,84.73,75.48,90.1,94.12,81.94,90.46,97.05,100.0,99.9,99.9,96.0,99.45,94.49,90.66,90.48,86.62,0.0,0.0,93.35,83.72,83.53,73.9,90.05,79.41,63.22,63.22,100.0,90.1,98.0,90.23,82.82,81.05,92.62,90.26,86.61,100.0,78.87,98.18,97.05,90,85,Yes
NLD,Netherlands,Europe & Central Asia,2023,0,90.56,92.9,84.37,94.15,91.17,99.72,96.91,71.22,83.81,89.36,75.48,90.43,94.12,97.89,89.7,97.05,100.0,99.9,99.9,98.0,100.0,100.0,90.72,90.48,86.62,0.0,0.0,94.64,82.81,84.82,72.99,94.68,84.04,63.22,63.22,100.0,90.43,98.0,90.23,100.0,95.79,92.66,90.26,82.19,100.0,79.48,98.05,97.05,90,85,Yes
NLD,Netherlands,Europe & Central Asia,2024,0,90.45,95.16,83.27,91.01,92.81,99.47,97.2,82.47,79.95,90.48,75.48,90.41,94.12,88.51,91.21,99.22,99.5,99.5,99.5,99.19,100.0,100.0,91.6,90.48,86.62,75.0,0.0,87.81,82.52,77.99,71.49,95.8,85.16,63.22,63.22,100.0,90.41,98.0,90.23,89.8,87.23,92.65,92.12,82.3,100.0,85.67,98.76,99.22,90,85,Yes
NOR,Norway,Europe & Central Asia,2021,0,91.71,93.64,87.55,94.65,91.18,93.69,94.36,92.1,90.65,94.89,66.67,89.76,94.18,100.0,89.75,96.89,99.9,99.0,99.0,45.0,100.0,95.98,87.11,95.24,81.6,100.0,100.0,100.0,88.31,96.88,77.41,100.0,89.77,50.0,50.0,100.0,89.76,100.0,88.35,100.0,100.0,85.62,83.86,85.82,98.25,91.85,90.57,96.89,90,85,Yes
NOR,Norway,Europe & Central Asia,2022,0,92.48,95.74,88.77,95.12,90.47,97.59,95.71,92.1,92.1,96.49,66.67,90.06,95.31,100.0,88.87,96.89,99.9,99.0,99.0,84.0,100.0,100.0,87.12,95.24,81.6,100.0,100.0,100.0,91.92,94.95,81.52,100.0,92.98,50.0,50.0,100.0,90.06,100.0,90.61,100.0,100.0,85.61,80.07,84.7,95.9,91.99,92.18,96.89,90,85,Yes
NOR,Norway,Europe & Central Asia,2023,0,91.57,96.36,86.41,94.22,89.62,98.69,96.16,92.1,87.74,94.94,66.67,90.39,95.31,96.97,87.8,96.89,99.9,99.0,99.0,95.0,100.0,100.0,88.48,95.24,81.6,100.0,100.0,98.81,87.08,88.41,76.68,100.0,89.88,50.0,50.0,100.0,90.39,100.0,90.61,100.0,93.94,85.65,80.07,80.71,95.12,91.64,91.72,96.89,90,85,Yes
NOR,Norway,Europe & Central Asia,2024,0,90.85,96.63,81.99,95.29,90.25,98.94,96.59,92.1,76.78,94.86,66.67,90.56,95.31,100.0,88.56,97.02,99.9,99.0,99.0,97.5,100.0,100.0,89.76,95.24,81.6,100.0,100.0,81.88,84.76,71.49,69.0,100.0,89.72,50.0,50.0,100.0,90.56,100.0,90.61,100.0,100.0,85.42,91.17,78.42,92.28,94.68,92.77,97.02,90,85,Yes
NPL,Nepal,South Asia,2021,2,48.13,54.97,32.55,59.43,50.47,75.92,46.57,29.85,40.45,21.22,39.41,49.45,58.99,69.85,51.84,44.99,93.0,90.0,76.55,0.0,14.09,40.2,85.43,40.9,31.33,0.0,0.0,51.15,41.42,39.47,29.75,27.54,14.9,46.83,71.41,0.0,49.45,68.71,49.27,75.0,64.71,43.47,42.96,44.87,71.77,52.46,50.35,44.99,60,65,No
NPL,Nepal,South Asia,2022,2,52.84,58.02,40.26,66.74,50.01,80.5,49.62,29.85,56.59,24.37,39.41,50.66,58.99,90.57,51.27,44.99,93.0,90.0,88.0,0.0,14.98,46.52,87.37,40.9,31.33,0.0,0.0,72.21,52.64,60.54,40.97,30.69,18.04,46.83,71.41,0.0,50.66,68.71,49.27,100.0,81.13,44.35,45.92,40.85,72.12,53.44,45.22,44.99,60,65,No
NPL,Nepal,South Asia,2023,2,52.12,58.93,40.49,60.79,50.86,80.62,51.77,29.85,54.75,26.77,39.41,51.53,58.99,71.84,52.33,44.99,93.0,90.0,88.31,0.0,17.14,49.9,88.26,40.9,31.33,0.0,0.0,70.92,50.25,59.25,38.58,33.09,20.45,46.83,71.41,0.0,51.53,68.71,49.27,76.47,67.21,45.06,45.92,43.16,72.39,55.28,45.59,44.99,60,65,No
NPL,Nepal,South Asia,2024,2,51.57,61.94,34.5,59.78,55.37,80.9,59.03,29.85,38.78,27.77,39.41,53.34,58.99,67.01,51.77,69.76,93.0,90.0,89.0,0.0,22.12,63.8,91.18,40.9,31.33,0.0,0.0,51.48,36.95,39.81,26.88,34.1,21.45,46.83,71.41,0.0,53.34,68.71,49.27,67.87,66.15,45.9,44.81,44.94,69.72,56.06,39.67,69.76,60,65,No
NZL,New Zealand,East Asia & Pacific,2021,0,86.08,78.47,86.15,90.57,89.67,90.03,71.04,70.23,73.96,96.49,89.86,84.31,96.71,90.69,91.08,84.04,98.5,99.0,98.0,13.8,60.33,67.96,84.83,80.95,79.17,40.0,0.0,91.26,71.87,76.05,56.67,100.0,92.99,84.78,84.78,100.0,84.31,99.0,94.41,92.75,88.64,83.34,94.37,81.9,96.5,96.48,100.0,84.04,90,85,Yes
NZL,New Zealand,East Asia & Pacific,2022,0,88.03,82.33,86.62,94.44,89.15,90.44,78.77,73.23,76.82,94.8,89.86,84.91,98.4,100.0,90.42,84.04,98.25,99.0,98.0,18.17,78.21,73.11,84.99,80.95,79.17,60.0,0.0,92.4,73.71,79.93,61.24,100.0,89.59,84.78,84.78,100.0,84.91,99.0,97.81,100.0,100.0,83.36,95.79,80.37,94.43,96.05,100.0,84.04,90,85,Yes
NZL,New Zealand,East Asia & Pacific,2023,0,88.69,87.04,86.02,93.28,88.6,91.35,89.64,73.23,77.21,92.93,89.86,85.3,98.4,96.13,89.74,84.04,98.54,99.0,98.0,27.0,100.0,83.14,85.79,80.95,79.17,60.0,0.0,92.78,74.09,80.32,61.63,99.68,86.18,84.78,84.78,100.0,85.3,99.0,97.81,96.56,95.7,83.23,95.79,76.91,93.89,96.78,100.0,84.04,90,85,Yes
NZL,New Zealand,East Asia & Pacific,2024,0,88.19,89.4,83.8,92.08,87.68,92.46,94.42,73.23,71.66,92.91,89.86,85.63,98.4,92.22,88.95,82.62,98.63,98.0,98.0,42.0,100.0,97.26,86.01,80.95,79.17,60.0,0.0,78.87,75.65,66.41,65.7,99.66,86.17,84.78,84.78,100.0,85.63,99.0,97.81,93.13,91.3,83.22,94.53,76.53,91.11,96.59,100.0,82.62,90,85,Yes
OMN,Oman,Middle East & North Africa,2021,3,71.84,73.02,70.17,72.71,71.51,92.3,59.39,61.7,57.43,68.0,100.0,76.99,75.19,65.96,65.38,96.04,99.38,99.4,97.5,36.0,37.64,55.55,84.99,61.9,65.0,75.0,0.0,76.1,62.29,52.57,38.76,80.74,55.25,100.0,100.0,100.0,76.99,97.0,53.39,100.0,31.91,46.47,79.76,96.04,83.5,24.25,73.5,96.04,45,50,No
OMN,Oman,Middle East & North Africa,2022,3,73.43,78.18,71.41,73.86,70.5,97.76,66.83,61.7,62.07,66.45,100.0,77.29,74.24,70.05,64.11,96.04,100.0,99.4,98.0,88.0,51.68,62.39,86.43,61.9,65.0,75.0,0.0,77.26,70.41,53.74,46.88,79.19,53.7,100.0,100.0,100.0,77.29,97.0,51.48,100.0,40.1,46.44,74.23,90.45,83.86,24.94,75.5,96.04,45,50,No
OMN,Oman,Middle East & North Africa,2023,3,72.8,83.22,71.49,68.72,68.71,97.6,79.6,61.7,61.99,66.72,100.0,77.82,74.24,54.11,61.88,96.04,100.0,99.0,98.0,88.0,74.38,77.22,87.18,61.9,65.0,75.0,0.0,78.65,68.83,55.16,45.33,79.45,53.99,100.0,100.0,100.0,77.82,97.0,51.48,100.0,8.22,46.35,74.23,84.85,79.15,24.19,75.5,96.04,45,50,No
OMN,Oman,Middle East & North Africa,2024,0,74.19,90.06,71.5,70.65,66.59,98.28,96.03,61.7,62.48,66.27,100.0,78.53,74.24,59.17,58.99,97.0,100.0,98.6,98.6,94.0,100.0,97.74,90.34,61.9,65.0,75.0,0.0,78.22,68.7,54.72,48.3,79.0,53.54,100.0,100.0,100.0,78.53,97.0,51.48,100.0,18.35,47.26,80.77,69.31,76.22,26.79,70.0,97.0,90,85,Yes
PAK,Pakistan,South Asia,2021,1,44.83,54.51,51.5,30.39,47.32,70.28,51.17,29.65,63.46,45.01,40.58,39.28,39.66,12.24,42.93,64.88,88.82,78.1,75.4,0.0,17.01,51.12,85.39,40.38,31.53,0.0,0.0,80.26,57.55,69.37,46.65,50.91,39.11,21.75,100.0,0.0,39.28,62.8,16.52,0.0,24.48,33.76,59.76,30.45,66.52,33.27,41.53,64.88,70,75,Yes
PAK,Pakistan,South Asia,2022,1,45.61,55.61,54.89,30.45,46.54,71.46,52.75,29.65,68.41,48.52,40.58,40.07,39.66,11.61,41.96,64.88,89.4,79.9,76.4,0.0,17.95,55.17,85.13,40.38,31.53,0.0,0.0,85.51,62.21,74.62,51.31,54.42,42.62,21.75,100.0,0.0,40.07,62.8,16.52,0.0,23.22,33.33,56.58,29.9,66.12,33.82,36.71,64.88,70,75,Yes
PAK,Pakistan,South Asia,2023,1,45.14,56.87,51.78,30.99,45.5,73.43,53.92,29.65,63.74,45.41,40.58,40.83,39.66,12.48,40.66,64.88,91.0,81.17,79.65,0.0,21.36,55.46,84.93,40.38,31.53,0.0,0.0,75.01,63.38,64.11,52.48,51.31,39.51,21.75,100.0,0.0,40.83,62.8,16.52,0.0,24.97,33.87,56.58,29.25,64.73,29.26,35.8,64.88,70,75,Yes
PAK,Pakistan,South Asia,2024,1,48.29,58.01,48.92,35.72,53.67,74.0,56.2,29.65,54.92,47.08,40.58,42.62,39.66,24.88,42.91,96.7,92.0,81.0,81.0,0.0,25.12,55.75,87.73,40.38,31.53,0.0,0.0,68.48,47.92,57.59,45.69,52.98,41.18,21.75,100.0,0.0,42.62,62.8,16.52,0.0,49.76,33.73,70.42,35.95,61.04,33.89,29.48,96.7,70,75,Yes
PAN,Panama,Latin America & Caribbean,2021,3,68.86,61.56,64.44,81.1,69.88,83.6,52.08,36.45,56.63,64.58,79.79,68.7,74.6,100.0,78.82,34.11,96.0,95.0,90.0,0.0,16.64,50.43,89.17,61.9,18.33,0.0,0.0,68.53,68.53,44.73,44.73,77.47,51.68,92.48,100.0,46.9,68.7,96.0,53.2,100.0,100.0,72.39,64.88,78.14,80.36,87.04,87.5,34.11,45,50,No
PAN,Panama,Latin America & Caribbean,2022,3,71.57,62.06,76.33,81.75,67.74,84.4,52.53,36.45,61.63,89.3,79.79,70.64,74.6,100.0,76.15,34.11,96.0,96.0,91.0,0.0,17.74,51.02,88.85,61.9,18.33,0.0,0.0,80.57,65.69,57.58,42.69,100.0,78.6,92.48,100.0,46.9,70.64,96.0,53.2,100.0,100.0,71.73,67.41,63.12,78.64,87.82,91.5,34.11,45,50,No
PAN,Panama,Latin America & Caribbean,2023,3,70.81,63.71,77.84,75.51,67.15,85.2,55.84,36.45,63.03,91.66,79.79,72.5,74.6,79.42,75.41,34.11,96.0,97.0,92.0,0.0,20.94,59.49,87.08,61.9,18.33,0.0,0.0,81.97,67.09,58.98,44.09,100.0,83.32,92.48,100.0,46.9,72.5,96.0,53.2,81.06,77.78,72.02,67.41,57.05,77.35,91.92,90.0,34.11,45,50,No
PAN,Panama,Latin America & Caribbean,2024,3,72.81,65.59,70.37,82.66,73.66,85.59,60.16,36.45,43.98,92.05,79.79,73.39,74.6,100.0,75.44,66.54,96.0,97.58,92.4,0.0,25.16,65.07,90.24,61.9,18.33,0.0,0.0,57.27,51.58,34.28,32.8,100.0,84.11,92.48,100.0,46.9,73.39,96.0,53.2,100.0,100.0,71.98,65.05,62.5,72.81,91.89,90.95,66.54,45,50,No
PER,Peru,Latin America & Caribbean,2021,3,67.5,65.61,59.93,72.36,72.98,83.03,47.25,67.5,53.04,55.54,82.49,62.97,79.09,75.01,77.31,55.67,88.34,95.0,86.0,18.0,15.88,42.29,83.56,100.0,33.33,50.0,0.0,65.48,57.75,48.34,40.6,64.83,46.25,73.73,73.73,100.0,62.97,94.0,64.17,77.53,72.5,56.84,78.14,81.19,76.71,86.49,92.5,55.67,45,50,No
PER,Peru,Latin America & Caribbean,2022,3,67.33,67.66,61.11,69.2,71.83,85.57,49.82,67.5,53.99,57.54,82.49,64.75,79.09,63.77,75.87,55.67,88.69,95.0,88.0,35.0,17.36,48.77,83.34,100.0,33.33,50.0,0.0,66.55,58.81,49.17,41.43,66.96,48.13,73.73,73.73,100.0,64.75,94.0,64.17,70.04,57.5,56.73,80.99,72.66,76.15,86.29,94.0,55.67,45,50,No
PER,Peru,Latin America & Caribbean,2023,3,71.25,70.78,64.14,79.47,71.43,86.1,54.84,72.0,64.66,54.45,82.49,66.38,79.09,92.93,75.37,55.67,88.99,95.0,88.0,40.0,21.28,58.17,85.07,100.0,48.33,50.0,0.0,73.53,73.53,55.79,55.79,64.06,44.84,73.73,73.73,100.0,66.38,94.0,64.17,96.25,89.61,56.58,80.99,68.14,74.36,90.53,93.5,55.67,45,50,No
PER,Peru,Latin America & Caribbean,2024,3,71.27,72.57,58.87,79.05,76.4,86.33,59.09,72.0,50.08,55.86,82.49,67.8,79.09,90.27,74.61,83.59,88.73,95.0,87.99,42.59,25.82,64.75,86.68,100.0,48.33,50.0,0.0,62.5,58.4,44.76,34.65,65.47,46.25,73.73,73.73,100.0,67.8,94.0,64.17,96.12,84.42,56.19,83.77,69.19,68.8,90.3,93.33,83.59,45,50,No
PHL,Philippines,East Asia & Pacific,2021,3,65.29,71.32,52.17,80.63,60.56,95.16,40.8,84.68,40.73,40.87,97.62,67.77,74.12,100.0,56.45,77.0,99.0,99.0,99.0,60.6,15.59,23.39,83.41,92.86,90.0,75.0,0.0,51.16,46.87,34.59,30.3,49.85,31.9,96.43,96.43,100.0,67.77,98.0,50.23,100.0,100.0,41.95,67.99,79.2,62.73,34.26,60.23,77.0,45,50,No
PHL,Philippines,East Asia & Pacific,2022,3,64.48,73.74,48.7,81.49,59.08,95.7,46.31,84.68,65.51,7.44,97.62,70.34,74.12,100.0,54.59,77.0,99.0,99.0,99.0,66.0,22.46,29.97,86.51,92.86,90.0,75.0,0.0,73.4,73.4,57.62,57.62,14.88,0.0,96.43,96.43,100.0,70.34,98.0,50.23,100.0,100.0,41.11,63.03,72.09,62.0,36.47,59.58,77.0,45,50,No
PHL,Philippines,East Asia & Pacific,2023,3,68.31,77.3,57.99,82.4,58.95,96.0,54.92,84.68,67.0,29.16,97.62,73.07,74.12,100.0,54.43,77.0,99.0,99.0,99.0,69.0,35.56,39.41,89.78,92.86,90.0,75.0,0.0,74.9,74.9,59.11,59.11,37.71,20.61,96.43,96.43,100.0,73.07,98.0,50.23,100.0,100.0,41.42,63.03,71.81,61.17,36.34,59.8,77.0,45,50,No
PHL,Philippines,East Asia & Pacific,2024,3,67.69,80.19,48.54,82.65,65.26,96.9,61.24,84.68,42.46,30.07,97.62,73.82,74.12,100.0,58.21,93.48,99.0,99.0,99.0,78.0,46.08,46.78,90.87,92.86,90.0,75.0,0.0,55.5,47.41,39.71,27.24,38.62,21.52,96.43,96.43,100.0,73.82,98.0,50.23,100.0,100.0,41.94,80.54,74.92,56.43,47.56,59.87,93.48,45,50,No
PNG,Papua New Guinea,East Asia & Pacific,2021,1,41.0,50.91,50.81,40.27,27.12,64.1,43.13,40.12,24.23,52.79,100.0,29.18,54.44,37.18,27.32,26.33,89.0,73.0,65.0,0.0,18.23,47.3,63.85,73.24,11.67,0.0,0.0,32.9,29.91,18.56,15.57,60.56,45.02,100.0,100.0,100.0,29.18,70.06,38.81,48.84,25.52,25.27,27.49,9.83,43.77,5.98,76.0,26.33,70,75,Yes
PNG,Papua New Guinea,East Asia & Pacific,2022,1,42.25,51.93,52.22,42.82,27.44,68.9,40.86,40.12,26.65,53.89,100.0,32.87,54.44,41.14,27.72,26.33,89.0,76.0,74.0,0.0,16.67,47.72,58.18,73.24,11.67,0.0,0.0,36.2,31.44,21.86,17.1,61.66,46.12,100.0,100.0,100.0,32.87,70.06,38.81,51.02,31.26,25.04,32.63,8.38,43.84,7.03,76.0,26.33,70,75,Yes
PNG,Papua New Guinea,East Asia & Pacific,2023,1,44.01,53.46,57.34,43.91,27.86,69.7,43.89,40.12,28.07,65.29,100.0,34.0,54.44,43.3,28.24,26.33,89.0,77.0,75.0,0.0,18.42,50.87,62.38,73.24,11.67,0.0,0.0,35.24,35.24,20.9,20.9,73.05,57.52,100.0,100.0,100.0,34.0,70.06,38.81,59.57,27.03,25.31,32.63,10.55,42.89,8.13,76.0,26.33,70,75,Yes
PNG,Papua New Guinea,East Asia & Pacific,2024,1,44.94,54.29,48.44,44.34,34.99,71.29,44.38,40.12,5.63,65.47,100.0,35.15,54.44,43.43,28.05,62.75,89.0,78.08,77.9,0.0,21.3,51.82,60.02,73.24,11.67,0.0,0.0,13.78,8.75,0.0,0.0,73.24,57.7,100.0,100.0,100.0,35.15,70.06,38.81,58.44,28.42,25.46,33.92,12.25,38.36,9.2,76.0,62.75,70,75,Yes
POL,Poland,Europe & Central Asia,2021,3,80.92,70.17,82.31,89.51,82.94,94.4,53.25,55.54,79.45,90.82,71.0,84.07,85.67,98.79,80.21,93.86,100.0,100.0,100.0,44.0,33.76,40.15,85.83,63.71,78.93,0.0,0.0,86.54,83.52,75.39,72.37,96.86,84.78,56.5,56.5,100.0,84.07,100.0,71.34,97.58,100.0,73.82,82.59,67.44,87.86,87.93,85.46,93.86,45,50,No
POL,Poland,Europe & Central Asia,2022,0,81.91,71.91,85.17,89.28,82.31,95.2,56.81,55.54,79.79,97.64,71.0,84.97,85.98,96.89,79.42,93.86,100.0,100.0,100.0,52.0,36.82,46.68,86.92,63.71,78.93,0.0,0.0,87.6,83.31,76.28,71.99,100.0,95.28,56.5,56.5,100.0,84.97,100.0,71.96,96.38,97.4,73.41,79.29,66.98,86.84,87.43,85.62,93.86,90,85,Yes
POL,Poland,Europe & Central Asia,2023,0,82.84,79.21,79.55,90.73,82.36,97.0,65.76,70.54,80.41,82.97,71.0,87.44,85.98,98.78,79.48,93.86,100.0,100.0,100.0,70.0,50.33,58.85,88.11,63.71,78.93,100.0,0.0,86.07,86.07,74.74,74.74,89.1,76.84,56.5,56.5,100.0,87.44,100.0,71.96,100.0,97.56,73.51,79.29,66.6,86.65,87.52,86.97,93.86,90,85,Yes
POL,Poland,Europe & Central Asia,2024,0,83.73,85.36,76.84,88.83,84.36,97.4,80.73,70.54,71.16,85.45,71.0,87.44,85.98,93.08,82.07,93.54,100.0,100.0,100.0,74.0,81.44,71.93,88.8,63.71,78.93,100.0,0.0,80.08,70.75,68.75,65.06,91.58,79.31,56.5,56.5,100.0,87.44,100.0,71.96,93.13,93.02,73.74,80.37,71.3,84.6,97.29,86.47,93.54,90,85,Yes
PRT,Portugal,Europe & Central Asia,2021,0,80.56,78.48,72.21,83.23,89.28,92.69,63.17,80.7,62.26,82.77,71.0,86.41,86.56,76.73,87.27,97.32,99.9,99.0,99.0,35.0,42.74,58.16,88.59,85.52,76.47,100.0,0.0,69.12,69.12,55.4,55.4,90.2,75.34,56.5,56.5,100.0,86.41,96.1,77.02,75.44,78.02,82.16,81.54,80.28,92.0,96.4,89.5,97.32,90,85,Yes
PRT,Portugal,Europe & Central Asia,2022,0,82.58,84.78,71.73,86.3,88.61,98.75,72.85,80.7,62.59,81.24,71.0,86.9,87.09,84.92,86.43,97.32,99.9,99.7,99.7,90.0,61.96,66.85,89.73,85.52,76.47,100.0,0.0,69.85,69.85,55.33,55.33,89.11,73.38,56.5,56.5,100.0,86.9,96.1,78.08,86.11,83.72,82.94,79.54,76.5,89.72,96.7,93.0,97.32,90,85,Yes
PRT,Portugal,Europe & Central Asia,2023,0,85.04,91.48,71.38,90.51,88.49,99.49,88.85,80.7,59.78,83.17,71.0,87.27,87.09,97.17,86.28,97.32,100.0,99.9,99.9,95.7,96.18,80.83,89.53,85.52,76.47,100.0,0.0,70.28,63.81,55.76,49.29,91.04,75.31,56.5,56.5,100.0,87.27,96.1,78.08,96.56,97.78,83.68,79.54,71.7,89.24,100.0,94.0,97.32,90,85,Yes
PRT,Portugal,Europe & Central Asia,2024,0,85.57,92.45,75.91,86.37,88.47,99.73,91.03,80.7,69.98,84.3,71.0,87.61,87.09,84.41,85.62,99.86,100.0,99.98,99.98,97.5,100.0,82.39,90.72,85.52,76.47,100.0,0.0,79.05,76.77,64.53,59.57,92.17,76.44,56.5,56.5,100.0,87.61,96.1,78.08,86.39,82.42,84.25,78.78,72.53,86.24,100.0,91.43,99.86,90,85,Yes
PRY,Paraguay,Latin America & Caribbean,2021,3,66.38,59.37,62.21,78.83,66.7,84.48,42.03,43.83,51.04,55.21,98.54,61.85,76.5,98.13,69.11,57.09,99.35,95.3,91.05,0.0,13.19,30.95,81.95,66.67,35.0,0.0,0.0,71.04,49.64,52.44,31.03,65.29,45.13,100.0,95.63,100.0,61.85,95.0,58.0,96.25,100.0,49.96,65.59,67.08,76.56,74.64,89.0,57.09,45,50,No
PRY,Paraguay,Latin America & Caribbean,2022,3,66.83,61.37,61.07,80.03,66.52,85.96,42.73,49.46,51.5,51.91,98.54,63.6,76.5,100.0,68.87,57.09,99.48,95.3,94.74,0.0,14.7,32.15,81.34,66.67,35.0,37.5,0.0,68.56,54.23,48.78,34.45,62.62,41.19,100.0,95.63,100.0,63.6,95.0,58.0,100.0,100.0,50.0,60.59,65.53,76.05,77.24,90.5,57.09,45,50,No
PRY,Paraguay,Latin America & Caribbean,2023,3,70.83,62.65,75.44,80.58,66.09,85.97,45.92,49.46,58.98,80.34,98.54,65.23,76.5,100.0,68.34,57.09,99.58,95.3,94.74,0.0,19.26,36.62,81.88,66.67,35.0,37.5,0.0,76.18,61.02,56.93,41.77,90.77,69.91,100.0,95.63,100.0,65.23,95.0,58.0,100.0,100.0,49.92,60.59,61.12,75.29,79.8,90.5,57.09,45,50,No
PRY,Paraguay,Latin America & Caribbean,2024,3,70.28,65.49,67.19,81.03,68.41,90.47,48.53,49.46,38.2,80.5,98.54,66.59,76.5,100.0,66.77,74.93,99.83,98.98,98.22,16.11,21.91,40.75,82.92,66.67,35.0,37.5,0.0,52.71,43.01,33.46,23.62,90.92,70.07,100.0,95.63,100.0,66.59,95.0,58.0,100.0,100.0,50.16,67.12,54.37,70.71,80.31,89.52,74.93,45,50,No
QAT,Qatar,Middle East & North Africa,2021,0,84.84,90.41,90.72,85.34,74.01,99.5,95.03,63.0,76.79,100.0,100.0,82.5,73.52,100.0,68.88,94.5,100.0,100.0,99.0,99.0,93.34,100.0,91.74,54.67,60.0,100.0,53.33,92.09,76.74,76.85,61.49,100.0,100.0,100.0,100.0,100.0,82.5,93.5,53.55,100.0,100.0,58.92,63.41,100.0,86.11,33.93,67.5,94.5,90,85,Yes
QAT,Qatar,Middle East & North Africa,2022,0,85.63,91.57,93.48,85.11,73.8,99.75,97.67,63.0,83.69,100.0,100.0,82.53,73.52,99.27,68.62,94.5,100.0,100.0,99.8,98.31,100.0,100.0,93.02,54.67,60.0,100.0,53.33,100.0,80.7,88.61,65.45,100.0,100.0,100.0,100.0,100.0,82.53,93.5,53.55,98.53,100.0,58.56,60.94,96.83,85.69,37.82,67.5,94.5,90,85,Yes
QAT,Qatar,Middle East & North Africa,2023,0,84.79,91.62,90.01,85.45,73.34,99.85,97.69,63.0,81.6,93.41,100.0,82.83,73.52,100.0,68.05,94.5,100.0,100.0,99.9,98.92,100.0,100.0,93.06,54.67,60.0,100.0,53.33,100.0,77.91,85.82,62.67,100.0,86.83,100.0,100.0,100.0,82.83,93.5,53.55,100.0,100.0,59.16,60.94,95.21,84.61,38.32,65.0,94.5,90,85,Yes
QAT,Qatar,Middle East & North Africa,2024,0,86.02,91.59,91.72,85.67,76.08,99.86,97.62,63.0,85.6,93.71,100.0,83.48,73.52,100.0,70.1,100.0,100.0,100.0,99.9,98.95,100.0,100.0,92.86,54.67,60.0,100.0,53.33,98.65,84.14,83.4,76.2,100.0,87.43,100.0,100.0,100.0,83.48,93.5,53.55,100.0,100.0,59.11,76.55,94.33,79.9,45.56,66.67,100.0,90,85,Yes
ROU,Romania,Europe & Central Asia,2021,3,74.46,71.48,67.46,85.07,74.95,92.79,56.98,57.89,70.4,58.19,80.11,83.68,80.42,91.1,74.61,76.29,99.98,99.9,99.0,32.28,32.58,51.03,87.32,61.9,64.17,51.25,0.0,77.86,77.86,62.93,62.93,66.28,50.1,70.17,70.17,100.0,83.68,99.0,61.83,90.59,91.61,67.67,70.25,67.07,87.13,84.45,63.25,76.29,45,50,No
ROU,Romania,Europe & Central Asia,2022,3,77.97,77.07,74.69,85.82,74.83,94.06,63.09,71.03,84.77,61.89,80.11,84.35,80.56,92.54,74.47,76.29,99.98,99.9,99.0,45.06,40.21,60.76,88.28,76.19,84.17,51.25,0.0,98.54,85.21,84.32,70.99,69.59,54.19,70.17,70.17,100.0,84.35,99.0,62.12,92.98,92.11,67.77,68.14,67.31,85.7,84.14,66.75,76.29,45,50,No
ROU,Romania,Europe & Central Asia,2023,0,79.68,82.21,75.0,88.34,74.01,94.6,75.42,71.03,87.27,60.17,80.11,85.8,80.56,98.65,73.44,76.29,99.98,99.9,99.0,50.4,60.46,76.7,89.09,76.19,84.17,51.25,0.0,100.0,88.06,87.17,73.84,67.87,52.47,70.17,70.17,100.0,85.8,99.0,62.12,100.0,97.3,66.81,68.14,66.04,84.68,84.17,62.9,76.29,90,85,Yes
ROU,Romania,Europe & Central Asia,2024,0,79.81,86.03,69.42,87.57,77.58,95.07,84.48,71.03,71.31,62.18,80.11,85.94,80.56,96.2,74.07,91.62,99.98,99.9,98.85,55.75,72.43,90.27,90.76,76.19,84.17,51.25,0.0,82.2,72.08,67.99,62.99,69.88,54.48,70.17,70.17,100.0,85.94,99.0,62.12,100.0,92.41,66.58,65.48,65.75,82.23,88.37,69.33,91.62,90,85,Yes
RUS,Russian Federation,Europe & Central Asia,2021,3,79.44,65.34,81.19,89.53,83.84,87.01,46.45,59.76,79.38,84.71,77.78,83.54,85.04,100.0,80.28,98.06,98.94,96.78,96.0,0.0,20.16,38.08,81.11,66.19,86.67,0.0,13.33,94.84,78.54,80.22,63.92,92.63,76.79,66.67,66.67,100.0,83.54,100.0,70.08,100.0,100.0,67.37,77.72,69.86,87.82,90.26,94.5,98.06,45,50,No
RUS,Russian Federation,Europe & Central Asia,2022,3,80.33,66.82,83.75,89.26,83.35,87.66,49.52,59.76,87.21,83.27,77.78,84.05,85.04,98.7,79.67,98.06,99.4,98.0,96.3,0.0,23.72,42.7,82.13,66.19,86.67,0.0,13.33,100.0,88.0,87.49,73.37,91.19,75.35,66.67,66.67,100.0,84.05,100.0,70.08,100.0,97.4,67.23,73.68,70.02,87.13,91.4,91.5,98.06,45,50,No
RUS,Russian Federation,Europe & Central Asia,2023,3,80.71,68.96,82.43,89.44,83.48,87.63,54.9,59.76,80.02,87.17,77.78,84.57,85.04,98.7,79.83,98.06,99.1,98.0,96.3,0.0,32.63,50.41,81.65,66.19,86.67,0.0,13.33,100.0,73.95,86.78,59.33,95.09,79.25,66.67,66.67,100.0,84.57,100.0,70.08,100.0,97.4,69.08,73.68,70.2,86.15,91.14,91.5,98.06,45,50,No
RUS,Russian Federation,Europe & Central Asia,2024,3,80.08,69.7,80.18,89.6,82.13,87.66,56.71,59.76,73.35,88.2,77.78,85.05,85.04,98.7,79.63,92.12,99.4,98.0,96.3,0.0,35.63,52.02,82.48,66.19,86.67,0.0,13.33,85.89,78.09,71.27,58.14,96.12,80.28,66.67,66.67,100.0,85.05,100.0,70.08,100.0,97.4,68.61,77.66,70.43,83.32,92.41,89.05,92.12,45,50,No
RWA,Rwanda,Sub-Saharan Africa,2021,1,41.36,60.92,29.2,35.11,46.86,89.19,34.23,57.74,25.91,20.02,54.17,36.31,58.83,10.19,38.59,79.95,99.94,99.0,99.0,0.0,7.03,11.82,83.83,88.48,45.0,0.0,0.0,43.65,26.03,25.79,8.17,29.69,10.34,40.63,100.0,21.88,36.31,79.53,38.14,20.37,0.0,26.32,70.56,6.59,51.75,63.82,18.37,79.95,70,75,Yes
RWA,Rwanda,Sub-Saharan Africa,2022,1,43.21,61.18,32.39,37.21,47.27,89.35,34.74,57.74,29.73,24.16,54.17,37.6,59.18,14.86,39.1,79.95,99.94,99.39,99.0,0.0,8.46,11.87,83.88,88.48,45.0,0.0,0.0,47.47,29.85,29.61,11.99,33.84,14.49,40.63,100.0,21.88,37.6,79.0,39.36,27.01,2.71,25.99,79.35,5.7,53.1,61.83,18.41,79.95,70,75,Yes
RWA,Rwanda,Sub-Saharan Africa,2023,1,46.7,63.0,40.03,38.65,48.82,89.35,39.28,57.74,31.7,41.29,54.17,38.56,59.79,17.61,41.03,79.95,99.94,99.39,99.0,0.0,12.45,20.26,85.12,88.48,45.0,0.0,0.0,49.44,31.82,31.58,13.96,50.96,31.61,40.63,100.0,21.88,38.56,79.0,40.58,33.64,1.57,26.67,79.35,6.24,52.8,70.51,18.55,79.95,70,75,Yes
RWA,Rwanda,Sub-Saharan Africa,2024,2,49.96,64.97,41.01,44.96,52.01,89.47,44.08,57.74,34.81,40.63,54.17,40.14,59.79,34.94,40.49,98.08,99.94,99.7,99.0,0.0,18.66,28.08,85.49,88.48,45.0,0.0,0.0,52.29,37.18,34.43,15.35,50.3,30.95,40.63,100.0,21.88,40.14,79.0,40.58,40.28,29.6,28.05,82.07,8.92,47.4,67.94,18.26,98.08,60,65,No
SAU,Saudi Arabia,Middle East & North Africa,2021,0,76.81,89.09,65.99,85.39,69.34,94.56,90.67,74.96,70.63,49.43,89.86,73.81,82.35,100.0,61.79,99.54,99.99,99.0,96.0,65.63,93.47,92.92,85.63,71.43,93.33,75.0,0.0,88.32,71.09,70.17,52.94,59.26,39.6,84.78,84.78,100.0,73.81,98.0,66.7,100.0,100.0,50.93,75.51,80.58,78.83,20.36,81.0,99.54,90,85,Yes
SAU,Saudi Arabia,Middle East & North Africa,2022,0,78.12,92.21,68.31,84.47,70.01,95.8,94.36,80.71,74.53,51.31,89.86,74.19,82.35,96.88,62.62,99.54,99.99,99.0,98.0,70.0,100.0,96.99,86.1,71.43,100.0,100.0,0.0,91.64,74.81,74.26,57.42,60.73,41.89,84.78,84.78,100.0,74.19,98.0,66.7,100.0,93.75,50.92,82.2,79.34,78.82,20.44,85.0,99.54,90,85,Yes
SAU,Saudi Arabia,Middle East & North Africa,2023,0,80.04,92.02,72.52,85.34,72.08,96.1,93.59,80.71,71.51,64.86,89.86,74.7,82.35,98.97,65.21,99.54,100.0,99.0,98.0,73.0,100.0,93.93,86.83,71.43,100.0,100.0,0.0,88.12,72.17,70.85,54.91,74.22,55.51,84.78,84.78,100.0,74.7,98.0,66.7,100.0,97.94,49.81,82.2,93.99,78.61,21.55,82.0,99.54,90,85,Yes
SAU,Saudi Arabia,Middle East & North Africa,2024,0,79.94,95.69,66.81,85.67,74.55,96.1,95.62,95.0,57.86,64.24,89.86,75.69,82.35,98.96,68.19,100.0,100.0,98.0,98.0,77.0,100.0,99.41,87.45,100.0,100.0,100.0,0.0,69.93,68.54,52.66,40.32,73.6,54.89,84.78,84.78,100.0,75.69,98.0,66.7,100.0,97.92,50.24,99.0,90.13,75.44,33.27,84.76,100.0,90,85,Yes
SDN,Sudan,Middle East & North Africa,2021,1,32.32,43.41,31.71,34.22,23.18,55.89,35.52,34.24,51.56,25.51,4.41,39.48,40.7,22.48,20.21,35.03,90.9,73.0,44.0,0.0,7.8,19.3,79.45,42.48,43.33,0.0,0.0,72.11,44.42,58.69,31.0,32.78,18.23,7.14,6.09,0.0,39.48,60.7,20.7,44.97,0.0,14.03,25.89,2.68,39.54,15.44,32.87,35.03,70,75,Yes
SDN,Sudan,Middle East & North Africa,2022,1,31.75,48.16,24.93,37.26,22.7,64.24,36.67,39.0,33.38,26.75,4.41,40.12,40.7,30.96,19.62,35.03,90.4,84.0,54.0,0.0,8.81,21.38,79.81,52.0,43.33,0.0,0.0,53.94,26.24,40.51,12.82,34.02,19.48,7.14,6.1,0.0,40.12,60.7,20.7,45.92,16.0,15.04,21.18,2.61,40.38,15.08,28.81,35.03,70,75,Yes
SDN,Sudan,Middle East & North Africa,2023,1,31.2,45.31,21.92,41.48,23.01,65.96,27.81,39.0,24.31,28.27,4.42,40.77,40.7,42.98,20.01,35.03,91.6,88.0,54.0,0.0,8.22,16.81,58.4,52.0,43.33,0.0,0.0,42.6,19.45,29.17,6.02,35.55,21.0,7.14,6.1,0.0,40.77,60.7,20.7,55.96,30.0,15.63,21.18,2.54,38.79,15.38,34.23,35.03,70,75,Yes
SDN,Sudan,Middle East & North Africa,2024,1,27.47,44.74,14.02,37.82,23.99,65.96,26.39,39.0,10.72,22.13,4.42,30.36,40.7,42.41,17.94,48.18,91.6,88.0,54.0,0.0,13.15,29.06,36.94,52.0,43.33,0.0,0.0,23.4,9.51,9.97,0.0,29.41,14.86,7.14,6.1,0.0,30.36,60.7,20.7,54.81,30.0,15.31,12.93,2.48,31.01,18.15,32.53,48.18,70,75,Yes
SEN,Senegal,Sub-Saharan Africa,2021,2,48.97,56.87,52.56,51.49,37.37,85.7,39.0,34.97,46.7,48.72,71.95,45.66,36.55,72.26,37.75,35.85,99.0,99.3,90.2,0.0,11.84,21.36,83.79,48.24,36.17,0.0,0.0,57.79,50.12,43.27,35.6,56.59,40.86,56.5,100.0,59.35,45.66,48.59,24.51,76.82,67.7,37.43,49.38,22.11,53.09,38.94,24.94,35.85,60,65,No
SEN,Senegal,Sub-Saharan Africa,2022,2,47.31,59.18,48.36,47.64,36.73,87.7,42.77,34.97,45.68,39.23,71.95,47.78,37.04,58.1,36.95,35.85,99.4,99.4,95.0,0.0,12.08,30.78,85.43,48.24,36.17,0.0,0.0,59.61,46.28,45.09,31.76,47.09,31.36,56.5,100.0,59.35,47.78,49.48,24.61,56.28,59.92,37.33,49.34,16.83,54.22,39.96,23.49,35.85,60,65,No
SEN,Senegal,Sub-Saharan Africa,2023,2,48.29,62.65,46.91,49.28,37.53,88.1,47.61,41.85,46.71,34.6,71.95,49.59,37.75,60.52,37.95,35.85,99.4,99.4,96.0,0.0,17.69,38.83,86.3,53.0,36.17,30.0,0.0,60.63,47.31,46.11,32.79,42.46,26.73,56.5,100.0,59.35,49.59,50.36,25.13,61.62,59.42,37.05,49.34,20.37,53.72,42.4,23.06,35.85,60,65,No
SEN,Senegal,Sub-Saharan Africa,2024,2,49.77,64.46,42.43,50.83,44.15,89.79,50.44,41.85,34.58,35.52,71.95,50.91,37.75,63.84,38.35,67.34,99.5,99.6,98.0,8.0,24.51,41.66,85.14,53.0,36.17,30.0,0.0,48.11,32.7,33.59,23.92,43.38,27.65,56.5,100.0,59.35,50.91,50.36,25.13,57.79,69.88,37.07,47.79,27.15,49.07,43.12,22.91,67.34,60,65,No
SGP,Singapore,East Asia & Pacific,2021,0,91.25,86.18,97.43,92.12,89.63,98.5,80.97,71.96,93.58,100.0,100.0,88.44,87.92,100.0,87.4,98.52,100.0,100.0,100.0,85.0,67.0,83.27,92.63,71.43,79.17,50.0,100.0,100.0,94.48,96.81,83.03,100.0,100.0,100.0,100.0,100.0,88.44,98.0,77.84,100.0,100.0,75.86,96.34,87.88,100.0,75.11,100.0,98.52,90,85,Yes
SGP,Singapore,East Asia & Pacific,2022,0,93.03,91.89,98.9,92.67,88.94,99.65,94.1,71.96,97.24,100.0,100.0,89.69,88.32,100.0,86.55,98.52,100.0,100.0,100.0,96.5,100.0,89.44,92.86,71.43,79.17,50.0,100.0,100.0,100.0,100.0,88.97,100.0,100.0,100.0,100.0,100.0,89.69,98.0,78.64,100.0,100.0,75.57,96.2,83.8,100.0,75.28,100.0,98.52,90,85,Yes
SGP,Singapore,East Asia & Pacific,2023,0,93.28,93.42,98.65,92.75,88.57,99.84,97.72,71.96,96.63,100.0,100.0,89.93,88.32,100.0,86.09,98.52,100.0,100.0,100.0,98.43,100.0,100.0,93.15,71.43,79.17,50.0,100.0,100.0,99.03,99.79,87.7,100.0,100.0,100.0,100.0,100.0,89.93,98.0,78.64,100.0,100.0,75.07,96.2,83.43,100.0,73.83,100.0,98.52,90,85,Yes
SGP,Singapore,East Asia & Pacific,2024,0,93.16,93.56,97.74,92.12,89.4,99.88,98.05,71.96,94.34,100.0,100.0,90.16,88.32,97.89,86.78,99.86,100.0,100.0,100.0,98.78,100.0,100.0,94.15,71.43,79.17,50.0,100.0,100.0,100.0,91.89,85.47,100.0,100.0,100.0,100.0,100.0,90.16,98.0,78.64,100.0,95.79,75.17,98.31,83.42,100.0,76.17,100.0,99.86,90,85,Yes
SLB,Solomon Islands,East Asia & Pacific,2021,1,41.13,41.83,42.28,61.07,26.48,49.91,28.75,51.86,5.58,56.26,87.74,43.82,65.05,74.35,31.33,7.08,95.0,72.5,28.52,0.0,5.83,11.46,68.96,85.71,30.0,0.0,0.0,12.08,10.25,0.0,0.0,62.97,49.55,100.0,63.22,100.0,43.82,97.0,33.11,85.07,63.64,44.91,34.56,18.99,44.91,7.55,46.0,7.08,70,75,Yes
SLB,Solomon Islands,East Asia & Pacific,2022,1,39.9,40.35,37.11,62.7,27.0,53.04,21.91,51.86,9.88,39.03,87.74,45.3,65.05,77.74,31.98,7.08,95.0,78.48,30.38,0.0,5.6,12.35,47.78,85.71,30.0,0.0,0.0,17.57,14.57,5.18,2.18,45.74,32.32,100.0,63.22,100.0,45.3,97.0,33.11,87.55,67.93,44.61,36.76,16.86,48.2,8.88,46.0,7.08,70,75,Yes
SLB,Solomon Islands,East Asia & Pacific,2023,1,40.89,43.23,37.26,63.16,27.49,56.92,25.22,51.86,11.63,37.64,87.74,46.57,65.05,77.84,32.6,7.08,95.0,84.94,33.6,0.0,6.8,14.95,53.92,85.71,30.0,0.0,0.0,18.67,16.99,6.28,4.6,44.35,30.93,100.0,63.22,100.0,46.57,97.0,33.11,84.36,71.33,44.94,36.76,20.9,46.4,9.37,46.0,7.08,70,75,Yes
SLB,Solomon Islands,East Asia & Pacific,2024,1,42.9,44.26,37.26,66.08,31.08,59.4,25.33,51.86,10.61,38.66,87.74,48.35,65.05,84.82,34.42,17.7,95.0,87.92,36.82,0.0,8.67,15.06,52.27,85.71,30.0,0.0,0.0,20.08,10.81,7.7,3.87,45.37,31.96,100.0,63.22,100.0,48.35,97.0,33.11,86.75,82.9,44.33,49.7,22.62,46.19,11.12,46.0,17.7,70,75,Yes
SLE,Sierra Leone,Sub-Saharan Africa,2021,1,36.58,41.45,30.83,47.7,29.38,60.5,37.26,11.74,13.76,32.51,61.59,36.16,33.91,73.02,30.39,25.31,88.97,80.0,49.0,0.0,8.9,18.33,84.53,16.29,12.0,0.0,0.0,31.48,5.8,17.77,0.0,39.93,25.08,84.78,0.0,100.0,36.16,43.58,24.25,68.25,77.78,32.73,29.3,10.58,41.01,17.99,70.0,25.31,70,75,Yes
SLE,Sierra Leone,Sub-Saharan Africa,2022,1,38.89,46.46,40.53,41.15,29.52,72.12,38.15,11.74,34.27,36.26,61.59,37.91,33.91,51.63,30.57,25.31,93.2,95.0,62.0,0.0,10.1,21.29,83.08,16.29,12.0,0.0,0.0,45.05,37.22,31.33,23.5,43.69,28.83,84.78,0.0,100.0,37.91,43.58,24.25,40.3,62.96,32.48,28.01,8.88,42.74,19.75,70.0,25.31,70,75,Yes
SLE,Sierra Leone,Sub-Saharan Africa,2023,1,40.55,49.96,46.68,38.79,29.89,77.72,41.3,11.74,43.79,42.12,61.59,39.4,33.91,43.05,31.03,25.31,93.2,96.0,75.0,0.0,13.0,24.04,86.86,16.29,12.0,0.0,0.0,59.46,41.84,45.74,28.12,49.55,34.69,84.78,0.0,100.0,39.4,43.58,24.25,45.36,40.74,32.37,28.01,10.91,42.64,20.23,70.0,25.31,70,75,Yes
SLE,Sierra Leone,Sub-Saharan Africa,2024,1,45.14,51.09,42.76,52.11,36.46,79.86,41.99,11.74,30.67,45.43,61.59,41.17,33.91,81.23,31.42,56.63,96.0,96.66,79.0,0.0,14.59,25.07,86.32,16.29,12.0,0.0,0.0,46.46,28.31,32.74,15.18,52.86,38.0,84.78,0.0,100.0,41.17,43.58,24.25,81.82,80.65,31.79,38.23,12.68,37.97,20.54,70.0,56.63,70,75,Yes
SLV,El Salvador,Latin America & Caribbean,2021,2,60.38,55.3,51.37,77.05,60.73,83.8,39.43,30.02,36.61,54.53,74.61,69.38,67.1,94.67,72.59,13.3,98.0,95.0,90.0,0.0,10.98,21.9,85.42,35.05,41.67,0.0,0.0,45.12,45.12,28.09,28.09,63.75,45.3,73.73,92.48,57.63,69.38,90.0,44.21,92.16,97.18,48.9,52.18,72.14,73.74,97.33,89.5,13.3,60,65,No
SLV,El Salvador,Latin America & Caribbean,2022,2,60.18,56.83,54.03,72.55,58.86,84.6,42.46,30.02,38.45,59.32,74.61,71.4,67.1,79.16,70.25,13.3,98.0,96.0,91.0,0.0,13.43,28.33,85.62,35.05,41.67,0.0,0.0,46.91,46.91,30.0,30.0,68.48,50.16,73.73,92.48,57.63,71.4,90.0,44.21,76.74,81.58,48.68,46.7,61.41,73.7,97.61,93.0,13.3,60,65,No
SLV,El Salvador,Latin America & Caribbean,2023,2,61.74,58.75,58.45,71.97,58.77,85.4,45.72,31.52,39.43,59.21,94.99,73.31,67.1,75.51,70.13,13.3,98.0,97.0,92.0,0.0,17.6,34.51,85.04,35.05,46.67,0.0,0.0,48.01,48.01,30.86,30.86,68.5,49.92,92.48,92.48,100.0,73.31,90.0,44.21,68.09,82.93,48.78,46.7,60.45,72.09,100.0,92.0,13.3,60,65,No
SLV,El Salvador,Latin America & Caribbean,2024,2,63.98,62.02,55.89,76.69,63.04,88.97,50.33,31.52,32.33,59.91,94.99,74.23,67.1,88.75,69.47,37.29,98.85,98.85,98.85,0.0,22.59,42.54,85.86,35.05,46.67,0.0,0.0,45.15,37.55,28.0,18.61,69.2,50.62,92.48,92.48,100.0,74.23,90.0,44.21,85.19,92.31,48.18,50.9,60.19,68.08,100.0,90.95,37.29,60,65,No
SOM,Somalia,Middle East & North Africa,2021,1,32.87,43.05,19.55,43.42,31.93,56.82,32.39,36.82,23.37,14.91,21.21,25.68,34.4,70.18,35.6,17.25,80.0,76.83,45.23,0.0,7.45,28.87,60.83,45.42,43.64,6.77,0.0,37.67,24.34,22.39,9.06,23.75,6.08,50.0,13.64,0.0,25.68,54.0,14.81,99.56,40.8,26.51,29.43,13.27,61.96,51.84,19.39,17.25,70,75,Yes
SOM,Somalia,Middle East & North Africa,2022,1,32.99,47.18,16.32,47.32,32.49,61.97,37.58,36.82,24.24,5.95,21.21,26.49,34.4,81.06,36.3,17.25,80.0,79.95,54.98,0.0,8.55,31.32,72.86,45.42,43.64,6.77,0.0,38.54,25.21,23.27,9.94,11.91,0.0,50.0,13.64,0.0,26.49,54.0,14.81,100.0,62.13,26.67,29.44,10.91,63.03,51.47,29.42,17.25,70,75,Yes
SOM,Somalia,Middle East & North Africa,2023,1,34.48,47.69,17.55,47.58,35.47,65.86,34.95,36.82,25.11,8.17,21.21,27.09,34.4,81.25,40.03,17.25,80.0,83.19,61.46,0.0,10.88,26.86,67.12,45.42,43.64,6.77,0.0,39.4,26.07,24.15,10.82,16.34,0.0,50.0,13.64,0.0,27.09,54.0,14.81,100.0,62.5,29.88,29.44,15.83,64.82,51.11,47.54,17.25,70,75,Yes
SOM,Somalia,Middle East & North Africa,2024,1,39.4,52.4,24.84,46.86,39.49,69.98,42.61,36.82,26.39,19.45,32.54,28.39,34.4,77.78,40.01,37.39,90.0,87.2,63.94,5.21,17.07,34.59,76.17,45.42,43.64,6.77,0.0,40.81,24.22,25.56,14.98,25.99,12.9,66.67,30.95,0.0,28.39,54.0,14.81,100.0,55.57,30.02,29.71,16.08,63.41,59.42,32.57,37.39,70,75,Yes
SRB,Serbia,Europe & Central Asia,2021,3,71.21,63.86,68.08,81.19,72.82,88.8,52.03,37.66,68.64,65.97,71.16,81.7,80.48,81.4,68.58,89.8,99.19,99.0,98.2,0.0,25.21,41.42,89.46,50.86,40.77,0.0,0.0,82.37,68.25,69.04,54.92,73.19,58.75,66.67,46.83,100.0,81.7,99.0,61.96,76.11,86.7,60.41,82.28,66.27,86.65,67.92,41.0,89.8,45,50,No
SRB,Serbia,Europe & Central Asia,2022,3,72.37,66.79,68.78,80.17,74.48,88.81,59.09,38.13,70.39,65.98,71.16,82.04,80.48,78.0,70.65,89.8,99.26,99.0,98.2,0.0,32.06,55.19,90.03,51.81,40.77,0.0,0.0,85.34,69.07,71.72,55.45,73.36,58.6,66.67,46.83,100.0,82.04,99.0,61.96,74.91,81.08,60.75,85.14,68.05,87.26,71.1,47.0,89.8,45,50,No
SRB,Serbia,Europe & Central Asia,2023,3,75.49,73.17,69.18,86.14,74.49,89.18,74.69,38.13,68.75,68.62,71.16,82.2,80.55,95.66,70.66,89.8,99.75,99.0,99.0,0.0,53.65,78.4,92.03,51.81,40.77,0.0,0.0,83.35,67.78,69.73,54.16,75.99,61.24,66.67,46.83,100.0,82.2,99.0,62.1,96.38,94.94,61.51,85.14,68.7,86.89,71.13,45.0,89.8,45,50,No
SRB,Serbia,Europe & Central Asia,2024,3,77.03,78.43,68.78,86.78,75.2,91.08,85.92,38.13,65.7,70.66,71.16,82.85,80.55,96.94,69.8,96.82,99.77,99.5,99.5,15.0,66.92,97.82,93.02,51.81,40.77,0.0,0.0,77.32,72.93,63.7,48.85,78.03,63.28,66.67,46.83,100.0,82.85,99.0,62.1,96.45,97.44,62.04,85.4,66.95,83.69,70.04,47.14,96.82,45,50,No
SSD,South Sudan,Sub-Saharan Africa,2021,1,10.52,27.07,3.68,15.72,7.83,45.02,12.2,20.9,0.0,0.0,18.4,27.84,17.71,1.61,8.34,5.75,69.0,66.31,29.0,0.0,5.99,7.79,22.83,23.81,30.0,0.0,0.0,0.0,0.0,0.0,0.0,0.0,0.0,55.19,0.0,0.0,27.84,34.5,0.93,3.23,0.0,0.53,2.59,4.72,12.1,11.66,22.84,5.75,70,75,Yes
SSD,South Sudan,Sub-Saharan Africa,2022,1,12.07,34.83,3.68,16.9,9.8,50.9,22.35,27.67,0.0,0.0,18.4,31.36,17.71,1.61,10.81,5.75,69.0,69.0,41.0,0.0,6.46,7.22,53.36,33.33,36.67,0.0,0.0,0.0,0.0,0.0,0.0,0.0,0.0,55.19,0.0,0.0,31.36,34.5,0.93,3.23,0.0,0.0,5.18,4.28,15.21,14.13,35.68,5.75,70,75,Yes
SSD,South Sudan,Sub-Saharan Africa,2023,1,12.72,38.74,3.91,17.43,9.93,60.1,22.92,27.67,1.97,0.0,15.61,32.96,17.71,1.61,10.97,5.75,77.0,76.0,55.0,0.0,5.73,8.04,54.98,33.33,36.67,0.0,0.0,7.88,0.0,0.0,0.0,0.0,0.0,46.83,0.0,0.0,32.96,34.5,0.93,3.23,0.0,2.43,5.18,6.59,15.82,15.27,24.32,5.75,70,75,Yes
SSD,South Sudan,Sub-Saharan Africa,2024,1,14.58,41.61,3.45,17.93,17.58,64.0,26.19,27.67,0.81,0.0,15.61,34.47,17.71,1.61,13.38,34.38,80.0,78.0,62.0,0.0,6.36,9.83,62.37,33.33,36.67,0.0,0.0,3.26,0.0,0.0,0.0,0.0,0.0,46.83,0.0,0.0,34.47,34.5,0.93,3.23,0.0,3.93,15.04,7.61,13.74,16.27,35.62,34.38,70,75,Yes
SUR,Suriname,Latin America & Caribbean,2021,2,56.53,55.22,53.21,71.93,48.3,83.2,40.38,28.96,42.45,47.0,87.17,67.95,66.06,81.77,52.57,31.2,100.0,95.0,88.0,0.0,13.67,22.55,84.91,43.43,24.17,0.0,0.0,54.35,46.99,37.91,30.54,55.9,38.09,100.0,61.52,100.0,67.95,94.4,37.73,80.98,82.55,63.73,31.5,66.08,74.34,16.98,52.0,31.2,60,65,No
SUR,Suriname,Latin America & Caribbean,2022,2,58.58,56.26,58.56,77.09,46.38,83.2,42.96,28.96,45.29,58.76,84.68,70.04,66.02,95.22,50.17,31.2,100.0,95.0,88.0,0.0,15.37,27.3,86.21,43.43,24.17,0.0,0.0,57.2,49.84,40.74,33.37,67.68,49.85,100.0,54.04,100.0,70.04,94.4,37.65,99.5,90.94,63.92,34.18,56.81,70.78,16.95,50.62,31.2,60,65,No
SUR,Suriname,Latin America & Caribbean,2023,2,58.15,55.76,59.71,74.24,46.25,83.2,41.71,28.96,49.57,57.36,84.68,71.35,66.02,85.34,50.01,31.2,100.0,95.0,88.0,0.0,14.79,29.21,81.12,43.43,24.17,0.0,0.0,61.47,54.11,45.03,37.67,66.27,48.45,100.0,54.04,100.0,71.35,94.4,37.65,88.25,82.43,63.82,34.18,54.24,69.31,19.54,52.13,31.2,60,65,No
SUR,Suriname,Latin America & Caribbean,2024,2,60.06,56.97,61.22,78.0,47.84,83.2,44.75,28.96,48.31,62.41,84.68,72.5,66.02,95.47,51.1,34.78,100.0,95.0,88.0,0.0,16.99,30.86,86.4,43.43,24.17,0.0,0.0,60.21,52.85,43.76,36.4,71.32,53.5,100.0,54.04,100.0,72.5,94.4,37.65,100.0,90.94,63.36,48.14,55.02,67.03,21.5,49.01,34.78,60,65,No
SVK,Slovakia,Europe & Central Asia,2021,0,81.28,74.94,81.53,88.82,80.4,91.63,57.8,75.85,81.96,82.98,77.78,85.69,80.77,100.0,77.41,92.36,100.0,99.1,99.1,23.5,36.63,46.41,90.36,90.1,79.17,47.0,0.0,96.42,77.1,86.83,67.51,88.17,77.78,66.67,66.67,100.0,85.69,99.0,62.54,100.0,100.0,74.64,72.18,70.43,90.37,82.87,65.35,92.36,90,85,Yes
SVK,Slovakia,Europe & Central Asia,2022,0,83.21,78.77,85.58,88.44,80.39,93.08,62.18,83.35,89.63,85.43,77.78,86.52,81.3,97.5,77.4,92.36,100.0,99.1,99.1,38.0,42.82,53.02,90.7,90.1,79.17,97.0,0.0,100.0,86.96,94.59,76.97,90.83,80.02,66.67,66.67,100.0,86.52,99.0,63.6,100.0,95.0,74.61,72.6,70.41,89.19,82.61,67.77,92.36,90,85,Yes
SVK,Slovakia,Europe & Central Asia,2023,0,84.94,83.99,87.26,88.42,80.32,96.29,72.02,83.35,91.35,87.91,77.78,88.77,81.3,95.18,77.32,92.36,100.0,99.1,99.1,70.1,54.6,69.94,91.51,90.1,79.17,97.0,0.0,100.0,89.25,96.89,79.26,93.32,82.5,66.67,66.67,100.0,88.77,99.0,63.6,100.0,90.36,74.79,72.6,69.99,89.2,82.84,66.93,92.36,90,85,Yes
SVK,Slovakia,Europe & Central Asia,2024,0,83.09,86.88,77.58,87.66,80.67,97.53,77.99,83.35,65.98,89.1,77.78,88.67,81.3,93.02,77.23,94.45,100.0,99.1,99.1,82.5,63.52,78.21,92.24,90.1,79.17,97.0,0.0,75.13,69.26,65.14,54.38,94.5,83.69,66.67,66.67,100.0,88.67,99.0,63.6,100.0,86.05,75.07,70.97,68.11,87.36,84.0,72.22,94.45,90,85,Yes
SVN,Slovenia,Europe & Central Asia,2021,0,81.88,79.94,80.07,87.13,80.59,93.47,59.03,94.73,87.36,76.2,73.22,86.47,90.41,84.5,82.0,74.93,99.92,100.0,99.0,38.8,39.15,47.02,90.91,97.62,100.0,95.0,33.33,91.92,91.92,82.8,82.8,81.14,71.26,59.84,59.84,100.0,86.47,99.7,81.12,86.39,82.61,77.27,85.98,73.3,96.12,82.83,75.01,74.93,90,85,Yes
SVN,Slovenia,Europe & Central Asia,2022,0,84.8,84.77,84.8,88.36,81.42,96.4,68.17,94.73,96.6,78.8,73.22,86.93,90.91,87.24,83.04,74.93,99.99,100.0,99.0,68.0,54.51,57.72,92.28,97.62,100.0,95.0,33.33,100.0,100.0,93.2,93.2,83.73,73.86,59.84,59.84,100.0,86.93,99.7,82.11,89.69,84.78,77.43,86.66,77.37,95.26,82.85,77.95,74.93,90,85,Yes
SVN,Slovenia,Europe & Central Asia,2023,0,86.28,89.6,86.26,88.93,80.64,97.6,79.05,94.73,97.75,81.29,73.22,87.31,90.91,88.57,82.06,74.93,99.99,100.0,99.0,80.0,77.82,66.63,92.69,97.62,100.0,95.0,33.33,100.0,100.0,95.5,95.5,86.23,76.35,59.84,59.84,100.0,87.31,99.7,82.11,89.9,87.23,77.64,86.66,73.71,94.42,83.09,76.27,74.93,90,85,Yes
SVN,Slovenia,Europe & Central Asia,2024,0,86.76,94.41,76.48,92.44,84.88,98.23,90.43,94.73,72.39,82.19,73.22,87.55,90.91,98.85,81.99,96.47,99.9,99.9,99.7,84.0,100.0,78.41,92.89,97.62,100.0,95.0,33.33,82.25,69.71,73.13,64.46,87.13,77.26,59.84,59.84,100.0,87.55,99.7,82.11,100.0,97.7,77.74,86.4,74.59,92.28,83.93,76.4,96.47,90,85,Yes
SWE,Sweden,Europe & Central Asia,2021,0,88.53,85.65,83.72,93.29,91.81,91.55,81.55,82.05,89.41,86.56,66.67,89.13,94.85,95.88,91.13,94.55,100.0,99.0,99.0,23.49,79.0,76.9,88.75,85.71,90.63,80.0,0.0,100.0,86.88,95.84,74.94,93.03,80.1,50.0,50.0,100.0,89.13,99.0,90.7,100.0,91.75,84.3,90.01,86.0,99.24,92.22,97.75,94.55,90,85,Yes
SWE,Sweden,Europe & Central Asia,2022,0,89.94,91.27,82.99,95.23,90.7,94.5,92.66,82.05,88.13,86.0,66.67,89.52,96.18,100.0,89.73,94.55,100.0,99.0,99.0,53.0,100.0,88.88,89.1,85.71,90.63,80.0,0.0,100.0,85.36,94.27,72.88,92.77,79.24,50.0,50.0,100.0,89.52,99.0,93.36,100.0,100.0,84.13,90.02,81.24,96.72,92.38,98.38,94.55,90,85,Yes
SWE,Sweden,Europe & Central Asia,2023,0,89.71,94.03,80.39,95.01,90.21,97.4,96.65,82.05,83.87,83.76,66.67,89.86,96.18,98.98,89.12,94.55,100.0,99.0,99.0,82.0,100.0,100.0,89.95,85.71,90.63,80.0,0.0,94.05,86.18,81.56,73.7,90.52,76.99,50.0,50.0,100.0,89.86,99.0,93.36,100.0,97.96,84.17,90.02,78.64,96.28,92.67,97.66,94.55,90,85,Yes
SWE,Sweden,Europe & Central Asia,2024,0,89.54,94.45,78.63,95.07,91.05,98.3,96.81,82.05,78.71,84.54,66.67,90.05,96.18,98.98,88.99,99.31,100.0,99.0,99.0,91.0,100.0,100.0,90.43,85.71,90.63,80.0,0.0,87.33,83.62,74.85,69.04,91.31,77.78,50.0,50.0,100.0,90.05,99.0,93.36,100.0,97.96,84.09,88.36,79.86,93.95,93.55,98.63,99.31,90,85,Yes
SWZ,Eswatini,Sub-Saharan Africa,2021,2,49.94,52.92,46.47,71.43,35.41,77.5,39.61,30.38,27.98,43.27,89.86,50.17,77.59,86.54,39.7,18.23,99.0,98.0,71.0,0.0,11.63,23.82,83.39,42.76,30.0,0.0,0.0,51.34,30.34,25.61,4.62,57.2,29.34,84.78,84.78,100.0,50.17,90.16,65.01,100.0,73.08,40.08,40.61,32.72,55.56,47.36,5.0,18.23,60,65,No
SWZ,Eswatini,Sub-Saharan Africa,2022,2,51.52,54.72,49.39,76.57,34.06,81.51,40.11,30.38,33.69,44.85,89.86,51.83,77.88,100.0,38.01,18.23,99.1,99.0,80.0,0.0,11.14,26.13,83.07,42.76,30.0,0.0,0.0,58.13,34.98,32.41,9.26,58.78,30.92,84.78,84.78,100.0,51.83,90.75,65.01,100.0,100.0,40.19,32.4,27.7,56.28,47.19,5.0,18.23,60,65,No
SWZ,Eswatini,Sub-Saharan Africa,2023,2,53.13,55.77,54.22,75.07,35.11,84.31,39.92,30.38,39.29,51.34,89.86,52.9,77.88,94.44,39.33,18.23,99.1,99.0,87.0,0.0,12.1,30.02,77.64,42.76,30.0,0.0,0.0,67.62,36.67,41.9,10.95,65.27,37.41,84.78,84.78,100.0,52.9,90.75,65.01,100.0,88.89,40.46,32.4,33.55,56.2,47.76,5.0,18.23,60,65,No
SWZ,Eswatini,Sub-Saharan Africa,2024,2,57.14,58.41,50.71,73.22,49.14,87.41,43.44,30.38,29.32,52.52,89.86,54.03,77.88,87.76,41.56,79.43,99.1,98.74,95.0,0.0,14.19,35.04,81.08,42.76,30.0,0.0,0.0,44.01,36.69,18.29,18.28,66.46,38.59,84.78,84.78,100.0,54.03,90.75,65.01,100.0,75.51,39.13,45.57,37.59,52.43,53.38,5.0,79.43,60,65,No
SYC,Seychelles,Sub-Saharan Africa,2021,2,67.82,62.95,67.6,82.12,60.52,89.56,50.33,34.98,43.73,80.35,89.86,71.54,74.83,100.0,72.34,13.23,99.4,99.4,99.4,1.0,23.76,37.91,89.33,48.95,35.0,0.0,0.0,64.48,36.59,50.87,22.98,87.72,72.98,84.78,84.78,100.0,71.54,95.9,53.77,100.0,100.0,95.07,53.0,68.0,100.0,32.28,79.75,13.23,60,65,No
SYC,Seychelles,Sub-Saharan Africa,2022,3,68.27,67.95,64.67,83.06,59.5,89.96,53.8,52.24,49.38,67.36,89.86,72.45,76.73,100.0,71.07,13.23,99.4,99.4,99.4,5.0,28.58,42.8,90.03,58.48,51.67,50.0,0.0,70.15,42.26,56.51,28.62,74.74,59.97,84.78,84.78,100.0,72.45,95.9,57.56,100.0,100.0,95.37,44.24,61.53,100.0,35.53,81.61,13.23,45,50,No
SYC,Seychelles,Sub-Saharan Africa,2023,3,69.2,68.45,68.65,81.77,59.68,91.26,53.74,52.24,57.87,68.83,89.86,73.36,76.89,95.07,71.29,13.23,99.4,99.4,99.4,18.0,34.04,54.86,72.33,58.48,51.67,50.0,0.0,78.65,50.75,64.99,37.09,76.23,61.43,84.78,84.78,100.0,73.36,95.9,57.87,100.0,90.13,95.69,44.24,61.74,100.0,36.65,80.55,13.23,45,50,No
SYC,Seychelles,Sub-Saharan Africa,2024,3,73.98,70.84,73.17,83.66,69.08,92.09,58.88,52.24,69.54,68.45,89.86,74.09,76.89,100.0,73.75,50.41,99.4,99.4,99.4,26.3,37.4,57.1,82.15,58.48,51.67,50.0,0.0,90.32,62.43,76.64,48.75,75.86,61.04,84.78,84.78,100.0,74.09,95.9,57.87,100.0,100.0,95.69,46.38,63.93,100.0,46.64,78.61,50.41,45,50,No
TCD,Chad,Sub-Saharan Africa,2021,1,20.68,38.09,15.73,17.72,17.22,41.01,37.13,34.17,6.09,4.29,57.91,28.59,24.57,0.0,11.42,40.44,86.1,59.0,22.0,0.0,8.89,26.46,76.04,33.33,58.33,0.0,0.0,17.72,4.39,2.26,0.0,8.57,0.0,73.73,0.0,100.0,28.59,30.63,18.52,0.0,0.0,14.13,23.63,3.23,12.1,8.9,13.8,40.44,70,75,Yes
TCD,Chad,Sub-Saharan Africa,2022,1,25.62,43.67,22.32,24.2,18.26,50.21,37.12,43.69,8.94,5.78,82.14,29.27,24.57,18.75,12.71,40.44,86.1,68.0,36.0,0.0,9.4,28.39,73.57,52.38,58.33,0.0,0.0,20.48,10.27,5.02,0.0,11.56,0.0,73.73,72.7,100.0,29.27,30.63,18.52,0.0,37.5,13.62,27.26,2.73,15.21,11.42,13.91,40.44,70,75,Yes
TCD,Chad,Sub-Saharan Africa,2023,1,24.13,44.68,19.65,20.33,19.0,55.01,34.85,43.69,2.5,5.57,82.14,30.02,24.57,6.41,13.64,40.44,86.1,76.0,40.0,0.0,11.39,28.76,64.39,52.38,58.33,0.0,0.0,6.75,3.25,0.0,0.0,11.13,0.0,73.73,72.69,100.0,30.02,30.63,18.52,12.82,0.0,14.76,27.26,5.23,15.82,11.81,13.88,40.44,70,75,Yes
TCD,Chad,Sub-Saharan Africa,2024,1,26.53,43.95,25.16,21.03,21.31,56.29,31.74,43.69,16.14,5.68,82.14,31.45,24.57,7.07,14.46,48.68,86.9,76.0,43.0,0.0,13.22,30.3,51.7,52.38,58.33,0.0,0.0,30.07,18.13,14.61,1.75,11.36,0.0,73.73,72.69,100.0,31.45,30.63,18.52,14.14,0.0,14.47,26.74,8.75,15.53,12.79,14.82,48.68,70,75,Yes
TGO,Togo,Sub-Saharan Africa,2021,1,36.14,53.4,25.01,40.91,31.23,81.07,39.59,25.68,6.58,21.12,69.65,43.07,61.1,18.57,30.74,33.19,98.0,97.0,81.0,0.73,22.61,18.31,77.84,34.95,27.33,0.0,0.0,19.09,3.73,3.52,0.0,29.55,12.68,73.73,35.21,100.0,43.07,70.73,51.46,28.57,8.57,32.21,46.69,10.47,49.5,17.09,42.22,33.19,70,75,Yes
TGO,Togo,Sub-Saharan Africa,2022,1,38.99,60.21,24.83,50.6,30.56,88.45,49.23,25.68,8.07,19.19,69.65,44.11,62.03,45.66,29.9,33.19,98.0,98.0,98.0,2.5,30.19,32.07,85.44,34.95,27.33,0.0,0.0,20.4,7.07,4.83,0.0,27.62,10.75,73.73,35.21,100.0,44.11,72.6,51.46,54.73,36.59,32.38,43.38,8.39,51.3,20.88,29.75,33.19,70,75,Yes
TGO,Togo,Sub-Saharan Africa,2023,2,42.29,63.32,27.72,57.24,31.84,88.8,56.67,25.68,13.9,20.58,69.65,45.27,62.03,64.42,31.5,33.19,99.0,98.0,98.0,5.0,41.82,40.67,87.51,34.95,27.33,0.0,0.0,21.68,21.68,6.11,6.11,29.01,12.15,73.73,35.21,100.0,45.27,72.6,51.46,75.9,52.94,32.59,43.38,9.84,51.95,22.5,37.84,33.19,60,65,No
TGO,Togo,Sub-Saharan Africa,2024,2,47.63,67.47,29.24,59.67,43.72,89.4,66.43,25.68,16.65,21.62,69.65,46.76,62.03,70.23,32.14,90.06,99.7,98.55,98.0,8.09,56.0,52.36,90.92,34.95,27.33,0.0,0.0,30.4,21.4,14.82,0.0,30.05,13.18,73.73,35.21,100.0,46.76,72.6,51.46,79.67,60.78,32.91,44.72,9.56,48.19,23.32,48.73,90.06,60,65,No
THA,Thailand,East Asia & Pacific,2021,3,75.49,78.53,68.3,85.0,71.25,95.88,63.24,74.41,54.81,65.94,100.0,78.93,80.34,95.72,67.44,86.5,98.8,98.0,98.0,76.0,36.46,64.4,88.85,94.76,75.67,0.0,86.67,61.92,61.92,47.7,47.7,73.64,58.24,100.0,100.0,100.0,78.93,91.16,69.53,100.0,91.45,55.83,78.52,78.71,77.34,42.31,87.5,86.5,45,50,No
THA,Thailand,East Asia & Pacific,2022,0,75.07,82.94,63.07,86.88,69.88,98.25,71.89,74.41,58.32,49.35,100.0,81.58,80.31,98.75,65.73,86.5,99.5,100.0,99.5,85.0,51.09,74.62,89.96,94.76,75.67,0.0,86.67,67.62,62.93,53.7,49.02,56.89,41.81,100.0,100.0,100.0,81.58,91.1,69.53,100.0,97.5,55.77,77.63,72.17,76.06,42.59,86.5,86.5,90,85,Yes
THA,Thailand,East Asia & Pacific,2023,0,76.64,85.81,66.19,88.32,68.77,98.75,78.56,74.41,65.74,49.73,100.0,84.66,80.31,100.0,64.34,86.5,99.5,100.0,99.5,90.0,62.97,82.88,89.85,94.76,75.67,0.0,86.67,81.91,63.09,68.39,49.56,57.05,42.4,100.0,100.0,100.0,84.66,91.1,69.53,100.0,100.0,56.21,77.63,67.17,75.29,42.45,83.5,86.5,90,85,Yes
THA,Thailand,East Asia & Pacific,2024,0,77.31,87.67,63.86,88.47,72.12,99.25,82.71,74.41,59.52,50.12,100.0,85.1,80.31,100.0,65.34,99.22,99.5,100.0,99.5,95.0,71.87,86.41,89.85,94.76,75.67,0.0,86.67,71.69,60.71,58.17,47.5,57.45,42.8,100.0,100.0,100.0,85.1,91.1,69.53,100.0,100.0,55.53,76.11,69.79,71.09,51.05,82.38,99.22,90,85,Yes
TJK,Tajikistan,Europe & Central Asia,2021,1,36.13,51.28,19.31,51.25,33.58,77.38,35.89,29.85,19.9,0.0,56.75,60.08,68.39,25.27,37.7,17.1,90.0,90.0,80.0,3.84,8.93,18.05,80.69,35.94,39.59,0.0,0.0,36.86,16.85,22.95,2.93,0.0,0.0,66.67,45.26,58.33,60.08,99.8,36.97,40.74,9.8,28.2,35.72,14.35,58.83,69.25,0.0,17.1,70,75,Yes
TJK,Tajikistan,Europe & Central Asia,2022,1,35.5,51.7,18.9,48.38,33.59,78.05,36.27,29.85,22.64,0.0,49.24,60.74,68.39,16.02,37.71,17.1,90.0,90.0,80.0,10.5,9.45,19.48,79.87,35.94,39.59,0.0,0.0,39.6,19.58,25.69,5.67,0.0,0.0,59.84,45.26,42.62,60.74,99.8,36.97,19.54,12.5,28.45,39.68,10.95,59.26,70.06,0.0,17.1,70,75,Yes
TJK,Tajikistan,Europe & Central Asia,2023,1,37.5,52.99,18.83,57.09,34.72,78.72,38.84,29.85,22.46,0.0,49.24,61.33,68.39,41.55,39.13,17.1,90.0,90.0,80.0,17.16,13.17,24.55,78.8,35.94,39.59,0.0,0.0,39.43,19.41,25.51,5.5,0.0,0.0,59.84,45.26,42.62,61.33,99.8,36.97,48.72,34.38,30.38,39.68,15.63,59.27,70.51,0.0,17.1,70,75,Yes
TJK,Tajikistan,Europe & Central Asia,2024,1,38.82,54.6,20.44,55.17,36.88,79.38,42.2,29.85,27.23,1.07,45.59,62.86,70.98,31.69,39.76,25.36,90.0,90.0,80.0,23.79,18.87,29.14,78.58,35.94,39.59,0.0,0.0,40.58,26.48,26.66,15.2,2.14,0.0,63.22,31.39,42.15,62.86,99.8,42.16,24.24,39.13,31.94,44.76,16.79,55.91,71.79,0.0,25.36,70,75,Yes
TLS,Timor-Leste,East Asia & Pacific,2021,2,46.6,51.19,48.61,62.1,30.52,81.24,31.92,29.64,24.84,46.68,100.0,55.61,60.75,69.95,37.08,4.26,96.5,95.0,83.98,0.0,4.47,12.07,79.21,35.85,39.04,0.0,0.0,39.06,21.44,28.25,10.63,52.54,40.83,100.0,100.0,100.0,55.61,68.1,53.39,84.72,55.19,37.96,41.72,31.75,71.18,3.01,41.31,4.26,60,65,No
TLS,Timor-Leste,East Asia & Pacific,2022,2,48.48,52.34,55.54,62.47,30.4,83.65,32.39,29.64,42.22,46.63,100.0,58.03,60.75,68.64,36.94,4.26,96.5,95.0,90.0,0.0,4.2,12.58,80.39,35.85,39.04,0.0,0.0,63.1,32.15,52.3,21.35,52.49,40.78,100.0,100.0,100.0,58.03,68.1,53.39,77.83,59.45,38.37,39.31,26.25,69.73,5.49,50.4,4.26,60,65,No
TLS,Timor-Leste,East Asia & Pacific,2023,2,47.88,55.57,48.42,60.31,32.38,85.65,38.45,29.64,33.68,37.37,100.0,60.41,60.75,59.78,39.41,4.26,96.5,95.0,95.0,0.0,6.88,22.21,86.26,35.85,39.04,0.0,0.0,54.55,23.6,43.75,12.8,43.23,31.52,100.0,100.0,100.0,60.41,68.1,53.39,64.47,55.08,38.51,39.31,42.16,67.21,6.39,46.28,4.26,60,65,No
TLS,Timor-Leste,East Asia & Pacific,2024,2,48.72,57.6,46.3,63.82,33.1,85.96,43.22,29.64,29.28,36.46,100.0,61.94,60.75,68.77,37.17,16.82,96.5,95.39,95.39,0.0,11.58,29.73,88.37,35.85,39.04,0.0,0.0,40.39,28.13,29.57,19.04,42.32,30.61,100.0,100.0,100.0,61.94,68.1,53.39,78.48,59.07,38.03,34.06,42.33,58.92,8.41,42.3,16.82,60,65,No
TON,Tonga,East Asia & Pacific,2021,2,60.71,51.73,56.87,77.86,59.3,85.9,36.3,14.26,44.48,54.88,85.63,50.85,82.72,100.0,68.89,20.95,99.0,95.0,95.0,0.0,10.52,29.58,68.81,25.71,4.67,0.0,0.0,49.73,49.73,39.23,39.23,60.58,49.19,84.78,72.12,100.0,50.85,91.05,74.4,100.0,100.0,87.62,35.31,70.88,100.0,53.29,30.0,20.95,60,65,No
TON,Tonga,East Asia & Pacific,2022,2,57.21,42.36,56.72,78.4,56.86,85.9,12.88,14.26,44.33,54.67,85.63,52.48,82.72,100.0,65.84,20.95,99.0,95.0,95.0,0.0,9.17,29.47,0.0,25.71,4.67,0.0,0.0,49.61,49.61,39.04,39.04,60.39,48.94,84.78,72.12,100.0,52.48,91.05,74.4,100.0,100.0,88.35,32.96,59.15,100.0,50.2,30.0,20.95,60,65,No
TON,Tonga,East Asia & Pacific,2023,2,60.18,51.75,56.89,78.88,56.47,85.9,36.34,14.26,44.84,54.57,85.63,53.92,82.72,100.0,65.35,20.95,99.0,95.0,95.0,0.0,18.42,36.23,54.36,25.71,4.67,0.0,0.0,50.16,50.16,39.53,39.53,60.33,48.82,84.78,72.12,100.0,53.92,91.05,74.4,100.0,100.0,86.43,32.96,61.05,100.0,47.8,30.0,20.95,60,65,No
TON,Tonga,East Asia & Pacific,2024,2,64.17,62.6,57.86,78.2,59.86,87.1,62.28,14.26,46.08,55.76,85.63,55.68,82.72,96.19,66.38,33.79,99.0,95.0,95.0,12.0,46.35,74.01,66.46,25.71,4.67,0.0,0.0,51.31,51.31,40.85,40.85,61.43,50.1,84.78,72.12,100.0,55.68,91.05,74.4,100.0,92.37,86.2,32.2,60.6,100.0,53.99,30.0,33.79,60,65,No
TTO,Trinidad and Tobago,Latin America & Caribbean,2021,2,66.6,66.38,57.07,81.64,63.59,85.6,61.99,36.71,37.58,63.72,82.78,68.82,79.16,96.93,73.95,22.18,100.0,95.0,94.0,0.0,34.67,60.97,90.33,51.43,36.67,0.0,0.0,50.01,47.04,28.12,25.15,75.57,51.86,94.44,53.9,100.0,68.82,99.0,59.32,93.86,100.0,54.24,55.05,71.02,70.89,96.06,100.0,22.18,60,65,No
TTO,Trinidad and Tobago,Latin America & Caribbean,2022,3,68.06,66.28,63.32,82.57,61.92,85.6,61.74,36.71,45.96,70.95,82.77,70.6,79.16,97.95,71.86,22.18,100.0,95.0,94.0,0.0,31.58,62.55,91.1,51.43,36.67,0.0,0.0,56.02,56.02,35.9,35.9,81.85,60.06,94.44,53.88,100.0,70.6,99.0,59.32,95.9,100.0,54.16,48.92,65.11,69.51,96.06,100.0,22.18,45,50,No
TTO,Trinidad and Tobago,Latin America & Caribbean,2023,2,67.01,67.41,59.57,83.5,60.12,85.6,64.58,36.71,43.75,63.8,82.79,72.36,79.16,98.98,69.61,22.18,100.0,95.0,94.0,0.0,36.86,65.83,91.04,51.43,36.67,0.0,0.0,53.81,53.81,33.69,33.69,74.69,52.9,94.44,53.91,100.0,72.36,99.0,59.32,97.95,100.0,53.78,48.92,54.21,68.55,97.05,100.0,22.18,60,65,No
TTO,Trinidad and Tobago,Latin America & Caribbean,2024,3,69.55,69.73,59.67,83.5,67.33,86.0,69.96,36.71,44.06,63.72,82.79,73.74,79.16,97.59,70.11,56.22,100.0,96.0,94.0,0.0,44.15,74.0,91.74,51.43,36.67,0.0,0.0,54.23,53.34,34.11,34.58,74.62,52.83,94.44,53.91,100.0,73.74,99.0,59.32,100.0,95.18,53.26,59.99,56.7,65.49,95.11,100.0,56.22,45,50,No
TUN,Tunisia,Middle East & North Africa,2021,3,60.93,66.69,44.07,76.08,61.65,88.56,56.75,42.81,58.63,47.23,8.65,77.05,73.29,77.91,55.5,86.23,99.0,99.0,97.64,0.0,24.47,55.9,89.89,61.62,40.0,0.0,0.0,76.87,53.72,63.54,40.39,54.45,40.01,25.94,0.0,0.0,77.05,83.68,62.89,75.18,80.65,52.95,61.33,64.88,74.43,17.21,74.73,86.23,45,50,No
TUN,Tunisia,Middle East & North Africa,2022,3,61.78,69.04,46.31,75.13,60.65,88.7,62.49,42.81,60.56,50.89,8.65,78.13,73.93,73.33,54.26,86.23,99.0,99.0,98.0,0.0,25.78,70.8,90.89,61.62,40.0,0.0,0.0,77.79,56.66,64.46,43.33,58.11,43.67,25.94,0.0,0.0,78.13,84.96,62.89,74.36,72.31,53.23,60.31,57.54,74.33,17.31,77.46,86.23,45,50,No
TUN,Tunisia,Middle East & North Africa,2023,3,63.47,71.92,47.66,78.49,60.33,89.1,69.29,42.81,62.18,52.64,8.65,79.26,74.57,81.64,53.86,86.23,99.0,99.5,98.5,0.0,33.93,81.79,92.14,61.62,40.0,0.0,0.0,79.41,58.28,66.08,44.95,59.86,45.42,25.94,0.0,0.0,79.26,86.25,62.89,85.51,77.78,53.44,60.31,56.2,73.96,17.45,76.15,86.23,45,50,No
TUN,Tunisia,Middle East & North Africa,2024,3,67.28,76.2,46.49,84.24,68.65,89.11,70.78,61.2,57.57,54.33,8.65,79.83,74.57,98.33,65.34,81.93,99.0,99.5,98.52,0.0,37.35,83.25,91.75,75.9,40.0,75.0,0.0,70.11,60.19,56.78,43.21,61.55,47.11,25.94,0.0,0.0,79.83,86.25,62.89,100.0,96.67,53.3,59.51,57.13,68.77,81.91,71.65,81.93,45,50,No
TUR,Turkey,Middle East & North Africa,2021,3,73.41,73.79,51.84,90.46,83.93,89.17,69.39,51.84,83.0,46.6,0.0,83.17,96.07,92.15,80.54,97.49,99.7,99.0,99.0,0.0,40.41,79.08,88.68,61.71,69.93,0.0,0.0,92.62,92.62,73.37,73.37,57.03,36.18,0.0,0.0,0.0,83.17,97.0,95.14,93.2,91.11,63.69,85.94,79.95,86.5,84.36,90.5,97.49,45,50,No
TUR,Turkey,Middle East & North Africa,2022,3,76.99,74.47,60.96,93.39,82.87,89.18,71.09,51.84,95.59,56.81,0.0,83.97,97.41,98.8,79.21,97.49,99.75,99.0,99.0,0.0,40.06,83.01,90.2,61.71,69.93,0.0,0.0,100.0,100.0,97.65,84.7,67.1,46.53,0.0,0.0,0.0,83.97,97.0,97.83,100.0,97.59,63.63,86.0,72.36,86.73,84.83,91.0,97.49,45,50,No
TUR,Turkey,Middle East & North Africa,2023,3,77.85,77.52,64.22,89.99,81.98,89.66,78.23,51.84,97.91,62.64,0.0,84.65,97.41,87.92,78.11,97.49,99.76,99.6,99.6,0.0,52.62,92.19,89.89,61.71,69.93,0.0,0.0,100.0,100.0,100.0,91.66,72.93,52.36,0.0,0.0,0.0,84.65,97.0,97.83,96.53,79.31,65.65,86.0,66.41,85.83,84.89,89.5,97.49,45,50,No
TUR,Turkey,Middle East & North Africa,2024,3,76.32,80.13,56.34,90.38,83.17,89.75,84.67,51.84,62.08,65.87,25.8,84.91,97.41,88.82,78.96,100.0,99.85,99.7,99.7,0.0,64.33,98.99,90.68,61.71,69.93,0.0,0.0,75.83,69.87,56.83,45.8,76.16,55.58,45.06,0.0,32.34,84.91,97.0,97.83,93.2,84.44,66.33,92.25,67.37,82.23,87.5,90.48,100.0,45,50,No
TZA,Tanzania,Sub-Saharan Africa,2021,1,43.12,48.02,36.68,44.99,43.64,57.9,32.42,59.48,31.97,39.66,40.12,40.22,51.29,43.47,31.9,90.58,95.0,70.0,51.0,0.0,6.31,14.06,76.89,80.95,63.33,0.0,0.0,45.55,34.4,29.54,18.39,48.33,30.99,20.37,100.0,0.0,40.22,78.0,24.59,36.94,50.0,25.09,51.15,9.31,53.53,21.76,48.48,90.58,70,75,Yes
TZA,Tanzania,Sub-Saharan Africa,2022,1,44.98,53.92,38.66,45.92,42.76,60.59,33.83,80.74,34.26,42.31,40.12,41.57,49.64,46.55,30.8,90.58,95.0,72.0,55.0,2.85,7.37,16.25,77.88,90.48,93.33,50.0,0.0,48.93,35.6,32.92,19.59,50.98,33.64,20.37,100.0,0.0,41.57,78.0,21.28,74.36,18.75,25.75,47.0,7.37,54.16,21.76,42.96,90.58,70,75,Yes
TZA,Tanzania,Sub-Saharan Africa,2023,1,44.0,61.96,30.11,47.21,42.57,76.56,37.97,80.74,28.77,38.98,15.06,42.53,49.64,49.45,30.57,90.58,95.0,86.0,79.0,10.57,12.04,23.2,78.67,90.48,93.33,50.0,0.0,40.67,32.88,24.67,16.87,47.65,30.31,20.37,24.81,0.0,42.53,78.0,21.28,67.87,31.03,25.95,47.0,8.15,52.73,21.76,41.54,90.58,70,75,Yes
TZA,Tanzania,Sub-Saharan Africa,2024,1,45.46,65.55,27.78,53.81,43.57,83.4,40.1,80.74,23.29,38.64,15.06,43.71,49.64,68.09,29.64,99.27,98.0,91.0,88.0,20.0,16.52,26.63,77.17,90.48,93.33,50.0,0.0,38.0,24.91,21.99,8.27,47.31,29.97,20.37,24.81,0.0,43.71,78.0,21.28,92.5,43.69,25.98,47.91,9.53,46.98,23.05,37.4,99.27,70,75,Yes
UGA,Uganda,Sub-Saharan Africa,2021,1,42.34,54.96,28.91,50.94,39.69,71.08,38.16,56.29,29.59,37.89,9.6,41.66,58.92,52.22,32.12,69.98,98.0,90.5,62.7,0.0,10.27,19.28,84.94,64.29,70.0,21.0,0.0,53.82,22.87,36.32,5.37,47.37,28.41,28.79,0.0,0.0,41.66,76.5,41.35,64.44,40.0,23.98,54.97,5.9,53.97,27.18,44.18,69.98,70,75,Yes
UGA,Uganda,Sub-Saharan Africa,2022,1,44.76,59.39,30.45,57.63,38.51,78.6,41.73,56.29,31.44,39.89,9.6,43.28,58.92,70.67,30.64,69.98,98.0,92.0,80.0,0.0,14.46,28.16,82.56,64.29,70.0,21.0,0.0,55.66,24.71,38.16,7.21,49.37,30.41,28.79,0.0,0.0,43.28,76.5,41.35,87.5,53.85,24.14,51.69,4.28,53.18,28.58,34.4,69.98,70,75,Yes
UGA,Uganda,Sub-Saharan Africa,2023,1,42.05,65.7,26.77,45.67,38.91,81.01,48.85,68.8,37.02,25.11,9.6,44.47,58.92,33.63,31.14,69.98,98.0,92.4,85.0,2.5,21.86,40.5,84.19,73.81,83.33,46.0,0.0,56.95,34.59,39.45,17.08,34.59,15.63,28.79,0.0,0.0,44.47,76.5,41.35,61.68,5.57,23.65,51.69,5.28,51.19,32.77,33.94,69.98,70,75,Yes
UGA,Uganda,Sub-Saharan Africa,2024,1,43.88,66.52,25.21,53.54,41.3,84.44,47.47,68.8,29.75,26.21,14.1,45.55,58.92,56.14,30.85,83.1,99.0,94.6,88.0,15.0,21.02,36.63,84.74,73.81,83.33,46.0,0.0,45.07,33.48,27.56,12.91,35.69,16.73,34.62,0.0,7.69,45.55,76.5,41.35,81.77,30.51,24.39,60.69,4.67,45.18,33.44,32.51,83.1,70,75,Yes
UKR,Ukraine,Europe & Central Asia,2021,3,68.83,58.87,59.06,88.79,72.69,82.23,47.87,34.17,70.85,51.82,50.0,88.99,77.39,100.0,74.39,65.93,99.9,90.3,90.3,0.0,19.76,40.79,83.06,33.33,58.33,0.0,0.0,85.73,65.54,76.15,55.96,57.01,46.62,42.16,66.67,41.18,88.99,99.0,55.78,100.0,100.0,61.81,74.86,64.99,81.89,89.0,73.6,65.93,45,50,No
UKR,Ukraine,Europe & Central Asia,2022,3,67.82,58.8,55.22,88.48,73.65,85.19,44.74,34.17,63.22,49.84,50.0,88.94,76.49,100.0,75.58,65.93,99.9,94.0,94.0,0.0,17.33,38.23,78.65,33.33,58.33,0.0,0.0,68.01,68.01,58.43,58.43,55.03,44.65,42.16,66.67,41.18,88.94,99.0,53.99,100.0,100.0,62.81,81.48,68.87,82.29,88.86,68.68,65.93,45,50,No
UKR,Ukraine,Europe & Central Asia,2023,3,69.4,61.01,59.98,87.09,72.78,85.59,49.86,34.17,69.98,54.96,50.0,84.77,76.49,100.0,74.49,65.93,99.9,94.5,94.5,0.0,22.0,45.44,82.13,33.33,58.33,0.0,0.0,74.77,74.77,65.19,65.19,60.16,49.77,42.16,66.67,41.18,84.77,99.0,53.99,100.0,100.0,62.88,81.48,63.31,81.63,88.88,70.05,65.93,45,50,No
UKR,Ukraine,Europe & Central Asia,2024,3,69.25,63.21,54.43,87.41,76.48,86.79,51.52,39.42,54.36,56.7,50.0,85.73,76.49,100.0,74.62,83.94,99.9,96.0,96.0,0.0,24.82,46.89,82.84,33.33,75.83,0.0,0.0,65.11,52.68,55.53,44.12,61.9,51.51,42.16,66.67,41.18,85.73,99.0,53.99,100.0,100.0,61.35,98.54,55.05,78.93,91.38,74.21,83.94,45,50,No
URY,Uruguay,Latin America & Caribbean,2021,3,77.48,69.35,71.8,87.09,83.11,88.8,57.34,54.46,71.81,75.56,64.29,73.77,87.49,100.0,85.1,75.15,100.0,99.0,98.0,0.0,29.84,57.0,85.16,71.43,62.5,0.0,0.0,88.46,72.9,70.72,55.16,85.17,65.95,59.84,33.02,100.0,73.77,99.0,75.97,100.0,100.0,67.39,80.27,90.05,84.8,97.37,91.5,75.15,45,50,No
URY,Uruguay,Latin America & Caribbean,2022,3,77.75,69.92,72.21,88.7,81.62,88.8,58.11,55.8,75.19,73.18,64.29,75.73,90.37,100.0,83.24,75.15,100.0,99.0,98.0,0.0,34.77,54.33,85.23,71.43,62.5,0.0,26.67,88.45,79.67,70.71,61.93,82.79,63.57,59.84,33.02,100.0,75.73,99.0,81.74,100.0,100.0,67.43,76.41,80.33,85.34,97.63,94.5,75.15,45,50,No
URY,Uruguay,Latin America & Caribbean,2023,0,80.85,79.25,75.48,88.63,80.57,90.81,73.8,67.05,73.85,82.72,64.29,77.67,90.37,97.85,81.93,75.15,100.0,99.0,99.0,16.05,67.54,67.14,86.73,71.43,62.5,75.0,26.67,84.15,81.29,66.41,63.55,92.33,73.11,59.84,33.02,100.0,77.67,99.0,81.74,100.0,95.7,67.69,76.41,71.89,84.09,100.0,95.5,75.15,90,85,Yes
URY,Uruguay,Latin America & Caribbean,2024,0,81.41,80.9,71.29,89.67,84.94,91.46,77.27,67.05,62.62,83.45,64.29,78.64,90.37,100.0,82.5,94.7,99.0,100.0,99.0,19.56,76.79,67.78,87.24,71.43,62.5,75.0,26.67,75.54,67.75,57.8,49.39,93.06,73.85,59.84,33.02,100.0,78.64,99.0,81.74,100.0,100.0,67.85,88.32,75.36,81.09,100.0,88.1,94.7,90,85,Yes
USA,United States of America,North America,2021,0,88.33,83.37,85.96,90.6,93.75,98.59,65.24,89.22,75.01,96.9,85.99,83.93,87.87,100.0,92.19,100.0,99.9,99.0,99.0,94.0,60.5,52.56,82.65,97.14,85.08,67.5,100.0,90.01,76.68,73.33,60.0,100.0,93.8,96.55,100.0,61.42,83.93,99.0,76.74,100.0,100.0,86.94,93.88,77.92,100.0,99.16,100.0,100.0,90,85,Yes
USA,United States of America,North America,2022,0,89.79,90.84,85.47,90.49,92.5,98.99,80.71,94.77,77.62,93.06,85.99,84.34,87.13,100.0,90.63,100.0,99.9,99.0,99.0,98.0,96.98,60.68,84.47,97.14,89.83,95.0,100.0,91.71,81.89,73.35,63.53,100.0,86.12,96.55,100.0,61.42,84.34,99.0,75.26,100.0,100.0,87.15,93.04,70.79,100.0,98.69,100.0,100.0,90,85,Yes
USA,United States of America,North America,2023,0,90.57,92.16,87.21,90.6,92.39,98.99,84.02,94.77,82.32,92.72,85.99,84.67,87.13,100.0,90.49,100.0,99.9,99.0,99.0,98.0,100.0,68.03,84.02,97.14,89.83,95.0,100.0,100.0,82.96,81.97,64.35,100.0,85.43,96.55,100.0,61.42,84.67,99.0,75.26,100.0,100.0,87.03,93.04,68.91,100.0,100.0,100.0,100.0,90,85,Yes
USA,United States of America,North America,2024,0,88.92,93.04,80.14,90.43,92.7,98.96,86.25,94.77,64.2,93.16,85.99,85.25,87.13,98.92,90.92,99.86,99.7,98.98,98.98,98.1,100.0,74.06,84.69,97.14,89.83,95.0,100.0,73.11,75.07,54.5,54.12,100.0,86.31,96.55,100.0,61.42,85.25,99.0,75.26,100.0,97.85,86.56,91.36,72.49,100.0,99.85,100.0,99.86,90,85,Yes
UZB,Uzbekistan,Europe & Central Asia,2021,3,61.85,63.04,57.34,75.94,53.31,78.56,39.47,79.16,61.82,61.63,39.8,66.72,72.59,88.52,48.86,71.11,99.3,90.0,80.0,6.28,11.36,23.9,83.15,84.1,86.2,75.0,0.0,76.68,60.67,62.96,46.95,69.06,54.2,34.62,84.78,0.0,66.72,100.0,45.18,96.88,80.15,40.59,76.32,17.96,64.59,76.97,12.02,71.11,45,50,No
UZB,Uzbekistan,Europe & Central Asia,2022,3,62.8,67.15,55.63,77.45,53.76,83.12,41.12,87.3,65.85,47.42,51.59,67.1,72.39,92.87,49.42,71.11,99.4,93.0,86.0,15.79,13.35,26.75,83.25,98.38,89.53,75.0,0.0,82.26,62.4,69.31,49.45,54.43,40.41,50.0,84.78,20.0,67.1,100.0,44.78,99.32,86.42,41.7,74.4,15.33,66.33,80.42,12.22,71.11,45,50,No
UZB,Uzbekistan,Europe & Central Asia,2023,3,63.59,72.9,51.49,78.66,55.38,87.68,48.1,92.94,70.29,29.38,58.1,67.56,72.39,96.04,51.45,71.11,99.5,96.0,92.0,25.29,21.72,37.95,84.63,100.0,93.13,100.0,0.0,85.92,69.28,71.3,54.66,37.3,21.46,59.84,96.43,18.03,67.56,100.0,44.78,100.0,92.08,42.68,74.4,24.56,65.71,81.13,11.89,71.11,45,50,No
UZB,Uzbekistan,Europe & Central Asia,2024,3,68.0,77.84,56.89,80.46,60.02,90.84,57.3,92.94,62.19,31.23,97.62,68.86,74.44,98.09,52.72,89.2,99.5,97.0,97.0,32.87,37.11,48.3,86.49,100.0,93.13,100.0,0.0,78.71,55.87,64.09,50.08,39.15,23.31,96.43,96.43,100.0,68.86,100.0,48.89,100.0,96.18,43.27,76.48,32.44,63.27,80.62,11.58,89.2,45,50,No
VCT,Saint Vincent and the Grenadines,Latin America & Caribbean,2021,2,58.8,58.4,41.77,81.77,59.93,82.0,49.66,28.69,23.93,46.86,67.27,64.22,81.08,100.0,71.86,12.18,100.0,90.0,90.0,0.0,24.84,47.31,76.84,48.67,14.53,0.0,0.0,30.62,30.62,17.24,17.24,54.11,39.61,81.03,20.78,100.0,64.22,88.0,74.16,100.0,100.0,98.63,46.16,83.61,100.0,3.99,100.0,12.18,60,65,No
VCT,Saint Vincent and the Grenadines,Latin America & Caribbean,2022,2,60.62,62.27,45.41,82.32,58.0,83.6,57.74,28.69,25.63,54.25,67.27,65.87,81.08,100.0,69.46,12.18,100.0,92.0,92.0,0.0,31.78,54.36,87.08,48.67,14.53,0.0,0.0,32.31,32.31,18.94,18.94,61.49,47.01,81.03,20.78,100.0,65.87,88.0,74.16,100.0,100.0,98.93,45.26,71.8,100.0,3.94,100.0,12.18,60,65,No
VCT,Saint Vincent and the Grenadines,Latin America & Caribbean,2023,2,61.4,65.74,45.91,82.83,56.84,83.6,66.4,28.69,24.84,56.3,67.27,67.42,81.08,100.0,68.01,12.18,100.0,92.0,92.0,0.0,45.84,66.11,87.24,48.67,14.53,0.0,0.0,31.51,31.51,18.16,18.16,63.54,49.07,81.03,20.78,100.0,67.42,88.0,74.16,100.0,100.0,99.04,45.26,59.69,100.0,8.66,100.0,12.18,60,65,No
VCT,Saint Vincent and the Grenadines,Latin America & Caribbean,2024,2,61.97,64.49,46.88,83.34,58.53,86.0,60.88,28.69,25.58,57.99,67.27,68.93,81.08,100.0,66.52,26.55,100.0,95.0,95.0,0.0,37.37,58.73,86.55,48.67,14.53,0.0,0.0,32.24,32.24,18.92,18.92,65.2,50.77,81.03,20.78,100.0,68.93,88.0,74.16,100.0,100.0,98.76,39.06,59.35,94.93,10.01,100.0,26.55,60,65,No
VEN,Venezuela,Latin America & Caribbean,2021,2,53.44,50.12,37.92,77.35,55.51,82.8,32.85,19.29,28.72,32.3,67.54,55.95,76.09,100.0,62.62,27.06,96.0,95.0,88.0,0.0,6.26,16.48,75.81,16.57,36.67,0.0,0.0,47.43,29.42,25.95,12.09,35.76,28.84,81.03,21.58,100.0,55.95,97.0,55.19,100.0,100.0,47.33,31.16,48.13,61.45,95.87,89.5,27.06,60,65,No
VEN,Venezuela,Latin America & Caribbean,2022,2,58.16,50.71,52.81,76.39,55.93,82.8,34.32,19.29,50.04,48.21,67.54,57.29,76.09,95.78,63.15,27.06,96.0,95.0,88.0,0.0,6.9,19.05,77.03,16.57,36.67,0.0,0.0,67.55,50.91,46.98,34.71,49.17,47.26,81.03,21.58,100.0,57.29,97.0,55.19,91.56,100.0,47.13,30.56,50.39,61.72,96.23,90.0,27.06,60,65,No
VEN,Venezuela,Latin America & Caribbean,2023,2,60.05,51.79,57.19,78.36,56.01,82.8,37.02,19.29,48.93,60.26,67.54,59.0,76.09,100.0,63.25,27.06,96.0,95.0,88.0,0.0,11.32,25.44,74.31,16.57,36.67,0.0,0.0,64.36,58.67,43.8,28.91,73.27,47.25,81.03,21.58,100.0,59.0,97.0,55.19,100.0,100.0,46.92,30.56,47.84,61.48,100.0,89.5,27.06,60,65,No
VEN,Venezuela,Latin America & Caribbean,2024,2,60.53,53.18,54.43,79.01,58.7,82.6,40.71,19.29,48.46,53.86,67.54,60.95,76.09,100.0,63.25,40.5,94.0,95.0,88.0,0.0,15.29,31.76,75.09,16.57,36.67,0.0,0.0,62.85,56.97,42.29,31.71,68.04,39.67,81.03,21.58,100.0,60.95,97.0,55.19,100.0,100.0,46.16,35.76,50.51,57.4,100.0,88.57,40.5,60,65,No
VNM,Vietnam,East Asia & Pacific,2021,3,70.88,62.66,64.31,80.26,78.05,87.58,54.03,30.07,68.74,42.03,100.0,76.9,74.04,89.84,73.92,94.59,99.8,97.0,97.0,0.0,22.23,51.95,87.92,33.14,45.0,0.0,0.0,88.15,64.06,73.42,49.33,50.0,34.05,100.0,100.0,100.0,76.9,96.0,52.09,88.45,91.23,53.78,65.07,77.79,82.56,78.95,87.94,94.59,45,50,No
VNM,Vietnam,East Asia & Pacific,2022,3,71.74,65.43,66.14,80.06,76.44,88.38,60.17,30.07,70.94,44.41,100.0,79.62,74.04,86.51,71.9,94.59,99.8,98.0,98.0,0.0,27.94,63.11,89.46,33.14,45.0,0.0,0.0,90.35,66.26,75.63,51.53,52.39,36.44,100.0,100.0,100.0,79.62,96.0,52.09,89.69,83.33,53.8,64.84,68.85,81.71,78.48,88.5,94.59,45,50,No
VNM,Vietnam,East Asia & Pacific,2023,3,72.86,68.86,64.73,82.61,76.56,88.39,68.72,30.07,66.35,45.48,100.0,82.65,74.04,91.12,72.05,94.59,99.9,98.0,98.0,0.0,39.84,77.11,89.21,33.14,45.0,0.0,0.0,73.71,73.71,58.99,58.99,53.46,37.5,100.0,100.0,100.0,82.65,96.0,52.09,96.53,85.71,54.5,64.84,70.39,81.33,78.35,86.5,94.59,45,50,No
VNM,Vietnam,East Asia & Pacific,2024,3,74.44,75.38,60.07,85.71,79.11,89.36,77.8,42.57,53.65,46.51,100.0,83.09,74.04,100.0,73.95,99.74,99.9,97.96,97.96,10.0,55.38,87.94,90.09,33.14,61.67,50.0,0.0,68.72,52.22,54.0,39.67,54.49,38.53,100.0,100.0,100.0,83.09,96.0,52.09,100.0,100.0,54.61,70.81,73.86,79.23,83.84,85.58,99.74,45,50,No
VUT,Vanuatu,East Asia & Pacific,2021,2,50.1,55.09,43.6,66.39,39.51,83.8,47.83,12.21,25.71,38.37,89.86,44.72,65.38,89.07,46.17,12.88,98.0,95.0,90.0,0.0,20.86,45.55,77.07,19.43,8.33,0.0,0.0,32.38,32.38,19.05,19.05,45.59,31.15,84.78,84.78,100.0,44.72,87.78,42.98,93.53,84.62,53.46,37.91,33.73,75.71,6.41,85.19,12.88,60,65,No
VUT,Vanuatu,East Asia & Pacific,2022,2,53.5,58.57,50.57,70.63,39.15,84.6,55.73,12.21,35.16,46.33,89.86,46.19,65.7,100.0,45.72,12.88,98.0,96.0,91.0,0.0,23.35,57.12,86.71,19.43,8.33,0.0,0.0,41.84,41.84,28.48,28.48,53.56,39.09,84.78,84.78,100.0,46.19,87.87,43.53,100.0,100.0,53.32,42.28,27.39,77.33,6.33,86.17,12.88,60,65,No
VUT,Vanuatu,East Asia & Pacific,2023,2,53.89,58.32,52.37,68.18,40.5,85.0,54.68,12.21,36.17,49.82,89.86,47.5,65.74,91.28,47.41,12.88,98.0,96.0,92.0,0.0,21.51,63.18,79.36,19.43,8.33,0.0,0.0,42.84,42.84,29.5,29.5,57.05,42.6,84.78,84.78,100.0,47.5,87.96,43.53,88.01,94.56,52.38,42.28,35.5,76.4,8.72,85.86,12.88,60,65,No
VUT,Vanuatu,East Asia & Pacific,2024,2,58.79,62.63,51.02,70.94,52.69,87.4,63.07,12.21,32.65,49.98,89.86,49.29,65.74,97.78,48.55,69.29,98.0,97.0,97.0,0.0,32.89,70.28,86.03,19.43,8.33,0.0,0.0,43.22,36.65,29.91,20.83,57.18,42.77,84.78,84.78,100.0,49.29,87.96,43.53,98.65,96.92,53.87,47.69,37.29,74.57,9.64,87.03,69.29,60,65,No
WSM,Samoa,East Asia & Pacific,2021,2,55.96,60.31,35.38,73.83,62.24,88.2,55.43,14.26,26.47,29.11,65.7,48.58,72.91,100.0,70.47,29.33,98.0,98.0,98.0,0.0,11.84,64.81,89.65,25.71,4.67,0.0,0.0,32.45,32.45,20.5,20.5,35.59,22.64,84.78,12.32,100.0,48.58,97.99,47.84,100.0,100.0,96.72,31.2,59.55,100.0,46.25,68.44,29.33,60,65,No
WSM,Samoa,East Asia & Pacific,2022,2,59.77,57.81,47.66,74.35,62.28,88.2,49.19,14.26,25.96,60.34,65.7,50.15,72.91,100.0,70.52,29.33,98.0,98.0,98.0,0.0,14.35,44.89,88.33,25.71,4.67,0.0,0.0,31.96,31.96,19.97,19.97,66.83,53.84,84.78,12.32,100.0,50.15,97.99,47.84,100.0,100.0,96.57,35.92,49.29,100.0,55.7,66.11,29.33,60,65,No
WSM,Samoa,East Asia & Pacific,2023,2,61.77,64.11,48.35,74.8,62.78,88.3,64.86,14.26,25.4,62.61,65.7,51.49,72.91,100.0,71.14,29.33,99.0,98.0,98.0,0.0,28.07,76.03,90.47,25.71,4.67,0.0,0.0,31.4,31.4,19.41,19.41,69.11,56.11,84.78,12.32,100.0,51.49,97.99,47.84,100.0,100.0,96.43,35.92,50.8,100.0,53.28,74.48,29.33,60,65,No
WSM,Samoa,East Asia & Pacific,2024,2,64.27,69.37,50.34,73.64,66.35,88.9,77.41,14.26,27.89,65.11,65.7,53.17,72.91,94.83,72.14,43.22,99.0,98.0,98.0,6.0,48.26,91.04,92.92,25.71,4.67,0.0,0.0,33.89,33.89,21.9,21.9,71.61,58.62,84.78,12.32,100.0,53.17,97.99,47.84,89.66,100.0,96.77,36.38,48.24,100.0,59.12,76.71,43.22,60,65,No
YEM,Yemen,Middle East & North Africa,2021,1,24.14,31.39,17.86,25.77,23.51,46.89,21.6,19.97,0.0,2.22,84.85,33.91,43.4,0.0,29.39,0.0,88.86,95.0,0.0,0.0,0.59,3.15,61.05,27.98,19.92,0.0,0.0,0.0,0.0,0.0,0.0,4.43,0.0,100.0,100.0,54.55,33.91,70.0,16.8,0.0,0.0,25.42,33.14,10.44,52.51,3.38,77.25,0.0,70,75,Yes
YEM,Yemen,Middle East & North Africa,2022,1,26.21,39.32,18.83,27.07,23.56,60.89,27.44,19.97,0.8,3.85,84.85,34.61,43.4,3.19,29.45,0.0,88.86,95.0,35.0,0.0,4.11,12.54,65.67,27.98,19.92,0.0,0.0,3.2,0.0,0.0,0.0,7.7,0.0,100.0,100.0,54.55,34.61,70.0,16.8,0.0,6.38,25.04,33.93,8.66,54.96,3.37,76.5,0.0,70,75,Yes
YEM,Yemen,Middle East & North Africa,2023,1,26.81,44.29,18.53,26.23,24.01,70.09,30.65,19.97,2.36,1.53,84.85,35.29,43.4,0.0,30.02,0.0,88.86,95.0,58.0,0.0,5.86,23.04,63.04,27.98,19.92,0.0,0.0,6.48,2.97,0.0,0.0,3.06,0.0,100.0,100.0,54.55,35.29,70.0,16.8,0.0,0.0,24.74,33.93,10.23,55.6,4.31,76.5,0.0,70,75,Yes
YEM,Yemen,Middle East & North Africa,2024,1,30.71,48.43,29.68,26.81,23.07,77.2,33.9,19.97,30.72,1.05,84.85,37.04,43.4,0.0,27.03,7.19,87.48,95.0,76.12,0.0,8.32,26.72,66.65,27.98,19.92,0.0,0.0,41.43,33.47,26.91,21.09,2.1,0.0,100.0,100.0,54.55,37.04,70.0,16.8,0.0,0.0,24.16,13.77,12.36,49.62,4.57,75.12,7.19,70,75,Yes
ZAF,South Africa,Sub-Saharan Africa,2021,3,64.46,61.36,52.79,79.66,66.92,90.25,46.01,34.3,53.19,43.51,70.54,64.74,74.25,100.0,64.03,78.46,99.99,99.5,97.7,13.66,22.46,30.7,84.89,36.19,54.0,0.0,0.0,78.64,60.72,45.66,27.74,61.37,25.65,84.78,26.85,100.0,64.74,90.0,58.51,100.0,100.0,63.47,74.79,45.96,78.8,66.79,55.5,78.46,45,50,No
ZAF,South Africa,Sub-Saharan Africa,2022,3,67.68,70.12,57.81,78.44,65.98,91.11,50.35,67.72,53.97,55.27,70.54,65.59,75.22,94.52,62.87,78.46,99.97,99.5,97.9,21.5,29.09,36.48,85.46,74.29,80.67,42.5,0.0,79.17,61.74,46.19,28.77,73.14,37.41,84.78,26.85,100.0,65.59,90.0,60.44,100.0,89.04,63.64,74.87,42.2,77.46,69.37,48.44,78.46,45,50,No
ZAF,South Africa,Sub-Saharan Africa,2023,3,69.83,73.91,61.14,79.54,66.17,92.7,58.21,67.72,54.03,59.15,79.34,66.52,75.22,96.88,63.09,78.46,99.95,99.5,99.0,33.0,46.49,42.95,85.2,74.29,80.67,42.5,0.0,79.23,61.81,46.26,28.83,77.01,41.29,84.78,53.23,100.0,66.52,90.0,60.44,100.0,93.75,64.16,74.87,42.46,76.43,70.6,48.79,78.46,45,50,No
ZAF,South Africa,Sub-Saharan Africa,2024,3,69.62,78.5,54.12,80.91,68.34,93.88,68.53,67.72,35.74,59.88,79.34,67.52,75.22,100.0,63.86,86.25,99.88,99.0,98.9,47.28,63.86,54.18,87.54,74.29,80.67,42.5,0.0,54.73,47.11,21.76,19.35,77.75,42.02,84.78,53.23,100.0,67.52,90.0,60.44,100.0,100.0,63.55,88.72,43.31,72.42,72.91,45.49,86.25,45,50,No
ZMB,Zambia,Sub-Saharan Africa,2021,1,42.99,49.89,35.52,52.12,36.99,70.4,35.14,38.37,35.57,45.0,16.45,39.15,54.59,62.61,29.02,68.88,98.04,82.48,69.0,0.0,7.63,18.69,79.11,49.52,36.6,17.5,0.0,54.48,41.15,30.0,16.67,58.26,31.74,24.53,24.81,0.0,39.15,71.13,38.05,80.39,44.83,21.81,35.01,14.44,50.06,33.27,16.0,68.88,70,75,Yes
ZMB,Zambia,Sub-Saharan Africa,2022,1,45.44,57.33,40.77,47.94,38.03,76.6,36.31,60.83,37.38,46.96,35.19,40.56,54.59,48.67,30.32,68.88,98.04,83.0,81.0,12.0,10.07,25.73,73.13,66.67,81.67,20.0,0.0,56.28,42.95,31.8,18.47,60.22,33.7,24.53,81.03,0.0,40.56,71.13,38.05,43.33,54.0,22.23,44.14,13.07,51.15,35.08,16.0,68.88,70,75,Yes
ZMB,Zambia,Sub-Saharan Africa,2023,1,44.16,59.72,34.67,48.29,38.03,79.0,39.87,60.83,41.17,27.9,35.19,41.61,54.59,48.67,30.31,68.88,98.04,85.0,83.0,20.0,15.35,30.32,73.93,66.67,81.67,20.0,0.0,57.4,49.43,32.92,24.95,41.16,14.64,24.53,81.03,0.0,41.61,71.13,38.05,43.33,54.0,22.32,44.14,16.8,49.45,32.93,16.0,68.88,70,75,Yes
ZMB,Zambia,Sub-Saharan Africa,2024,1,44.66,61.97,30.53,48.73,43.15,83.03,41.48,60.83,32.36,26.37,35.19,42.93,54.59,48.67,30.8,92.58,98.04,90.05,86.0,28.07,19.37,32.47,72.62,66.67,81.67,20.0,0.0,52.45,40.11,27.97,8.9,39.63,13.11,24.53,81.03,0.0,42.93,71.13,38.05,43.33,54.0,22.24,49.58,17.27,43.9,37.78,16.0,92.58,70,75,Yes
ZWE,Zimbabwe,Sub-Saharan Africa,2021,1,38.27,41.93,19.63,64.69,40.29,58.72,31.74,28.71,10.01,27.18,23.76,40.31,65.67,88.1,41.24,36.49,93.44,84.31,39.12,0.0,6.89,16.24,72.1,31.43,43.33,0.0,0.0,29.38,0.0,10.65,0.0,37.33,17.03,51.61,0.0,19.68,40.31,93.23,38.11,100.0,76.19,42.8,45.4,9.07,58.89,49.23,47.0,36.49,70,75,Yes
ZWE,Zimbabwe,Sub-Saharan Africa,2022,1,39.15,43.17,19.9,68.45,39.93,59.14,34.42,28.71,8.16,29.72,23.76,41.72,65.67,97.97,40.79,36.49,93.66,84.11,40.08,1.0,9.45,20.13,73.67,31.43,43.33,0.0,0.0,25.69,0.0,6.96,0.0,39.86,19.57,51.61,0.0,19.68,41.72,93.23,38.11,95.93,100.0,42.43,38.45,9.09,58.84,50.87,47.0,36.49,70,75,Yes
ZWE,Zimbabwe,Sub-Saharan Africa,2023,1,41.84,47.08,24.24,68.14,39.44,62.26,41.07,28.71,18.15,30.77,23.33,42.81,65.67,95.93,40.18,36.49,93.62,85.0,46.0,5.0,18.95,31.39,72.87,31.43,43.33,0.0,0.0,38.15,15.04,19.42,0.0,40.92,20.62,50.0,0.0,20.0,42.81,93.23,38.11,91.87,100.0,42.28,38.45,11.91,57.42,46.55,47.0,36.49,70,75,Yes
